CustomerID,Churn,Tenure,PreferredLoginDevice,CityTier,WarehouseToHome,PreferredPaymentMode,Gender,HourSpendOnApp,NumberOfDeviceRegistered,PreferedOrderCat,SatisfactionScore,MaritalStatus,NumberOfAddress,Complain,OrderAmountHikeFromlastYear,CouponUsed,OrderCount,DaySinceLastOrder,CashbackAmount,ChurnStatus,TenureGroup,RiskScore
50001,1,4.0,Mobile Phone,Tier 3,6.0,Debit Card,Female,3.0,3,Laptop & Accessory,2,Single,9,Complained,11.0,1.0,1.0,5.0,159.93,Churned,New (0-6 months),3
50002,1,9.0,Phone,Tier 1,8.0,UPI,Male,3.0,4,Mobile,3,Single,7,Complained,15.0,0.0,1.0,0.0,120.9,Churned,Mid (6-12 months),2
50003,1,9.0,Phone,Tier 1,30.0,Debit Card,Male,2.0,4,Mobile,3,Single,6,Complained,14.0,0.0,1.0,3.0,120.28,Churned,Mid (6-12 months),2
50004,1,0.0,Phone,Tier 3,15.0,Debit Card,Male,2.0,4,Laptop & Accessory,5,Single,8,No Complaint,23.0,0.0,1.0,3.0,134.07,Churned,New (0-6 months),0
50005,1,0.0,Phone,Tier 1,12.0,CC,Male,3.0,3,Mobile,5,Single,3,No Complaint,11.0,1.0,1.0,3.0,129.6,Churned,New (0-6 months),0
50006,1,0.0,Computer,Tier 1,22.0,Debit Card,Female,3.0,5,Mobile Phone,5,Single,2,Complained,22.0,4.0,6.0,7.0,139.19,Churned,New (0-6 months),2
50007,1,9.0,Phone,Tier 3,11.0,Cash on Delivery,Male,2.0,3,Laptop & Accessory,2,Divorced,4,No Complaint,14.0,0.0,1.0,0.0,120.86,Churned,Mid (6-12 months),1
50008,1,9.0,Phone,Tier 1,6.0,CC,Male,3.0,3,Mobile,2,Divorced,3,Complained,16.0,2.0,2.0,0.0,122.93,Churned,Mid (6-12 months),3
50009,1,13.0,Phone,Tier 3,9.0,E wallet,Male,3.0,4,Mobile,3,Divorced,2,Complained,14.0,0.0,1.0,2.0,126.83,Churned,Loyal (12+ months),2
50010,1,9.0,Phone,Tier 1,31.0,Debit Card,Male,2.0,5,Mobile,3,Single,2,No Complaint,12.0,1.0,1.0,1.0,122.93,Churned,Mid (6-12 months),0
50011,1,4.0,Mobile Phone,Tier 1,18.0,Cash on Delivery,Female,2.0,3,Others,3,Divorced,2,No Complaint,15.0,9.0,15.0,8.0,295.45,Churned,New (0-6 months),0
50012,1,11.0,Mobile Phone,Tier 1,6.0,Debit Card,Male,3.0,4,Fashion,3,Single,10,Complained,13.0,0.0,1.0,0.0,153.81,Churned,Mid (6-12 months),2
50013,1,0.0,Phone,Tier 1,11.0,COD,Male,2.0,3,Mobile,3,Single,2,Complained,13.0,2.0,2.0,2.0,134.41,Churned,New (0-6 months),2
50014,1,0.0,Phone,Tier 1,15.0,CC,Male,3.0,4,Mobile,3,Divorced,1,Complained,17.0,0.0,1.0,0.0,133.88,Churned,New (0-6 months),2
50015,1,9.0,Mobile Phone,Tier 3,15.0,Credit Card,Male,3.0,4,Fashion,2,Single,2,No Complaint,16.0,0.0,4.0,7.0,196.19,Churned,Mid (6-12 months),1
50016,1,9.0,Phone,Tier 2,12.0,UPI,Male,3.0,3,Mobile,5,Married,5,Complained,22.0,1.0,1.0,2.0,120.73,Churned,Mid (6-12 months),2
50017,1,0.0,Computer,Tier 1,12.0,Debit Card,Female,3.0,4,Mobile,2,Single,2,Complained,18.0,1.0,1.0,0.0,129.26,Churned,New (0-6 months),3
50018,1,0.0,Mobile Phone,Tier 3,11.0,E wallet,Male,2.0,4,Laptop & Accessory,3,Single,2,Complained,11.0,1.0,1.0,3.0,157.44,Churned,New (0-6 months),2
50019,1,0.0,Computer,Tier 1,13.0,Debit Card,Male,3.0,5,Laptop & Accessory,3,Single,2,Complained,24.0,1.0,1.0,6.0,160.74,Churned,New (0-6 months),2
50020,1,19.0,Mobile Phone,Tier 1,20.0,Debit Card,Female,3.0,3,Mobile Phone,4,Divorced,10,Complained,18.0,1.0,4.0,3.0,149.63,Churned,Loyal (12+ months),2
50021,1,0.0,Mobile Phone,Tier 3,12.0,Debit Card,Male,3.0,5,Laptop & Accessory,3,Divorced,5,Complained,18.0,6.0,7.0,7.0,161.72,Churned,New (0-6 months),2
50022,1,20.0,Mobile Phone,Tier 1,29.0,Credit Card,Female,3.0,3,Fashion,2,Divorced,2,No Complaint,12.0,11.0,15.0,6.0,203.12,Churned,Loyal (12+ months),1
50023,1,9.0,Mobile Phone,Tier 3,28.0,E wallet,Male,2.0,3,Mobile Phone,3,Single,2,Complained,19.0,0.0,1.0,0.0,116.75,Churned,Mid (6-12 months),2
50024,1,0.0,Phone,Tier 3,26.0,Debit Card,Female,3.0,5,Laptop & Accessory,3,Divorced,4,Complained,11.0,1.0,2.0,2.0,145.59,Churned,New (0-6 months),2
50025,1,14.0,Computer,Tier 1,14.0,Debit Card,Male,2.0,5,Fashion,2,Single,3,No Complaint,15.0,0.0,1.0,3.0,206.5,Churned,Loyal (12+ months),1
50026,1,0.0,Phone,Tier 1,15.0,Credit Card,Female,2.0,3,Mobile Phone,5,Single,8,No Complaint,22.0,1.0,1.0,4.0,142.0,Churned,New (0-6 months),0
50027,0,8.0,Mobile Phone,Tier 3,6.0,E wallet,Male,3.0,3,Fashion,4,Divorced,2,No Complaint,13.0,1.0,1.0,6.0,172.95,Active,Mid (6-12 months),0
50028,0,9.0,Phone,Tier 3,12.0,E wallet,Male,2.0,3,Laptop & Accessory,3,Divorced,3,Complained,20.0,0.0,4.0,5.0,123.06,Active,Mid (6-12 months),2
50029,0,18.0,Phone,Tier 1,14.0,Debit Card,Male,2.0,3,Laptop & Accessory,4,Married,9,No Complaint,18.0,1.0,1.0,15.0,123.48,Active,Loyal (12+ months),0
50030,0,5.0,Computer,Tier 3,14.0,E wallet,Female,2.0,3,Fashion,2,Single,2,No Complaint,14.0,2.0,3.0,7.0,189.98,Active,New (0-6 months),1
50031,0,2.0,Computer,Tier 1,6.0,COD,Male,2.0,3,Laptop & Accessory,3,Divorced,2,No Complaint,13.0,0.0,1.0,9.0,143.19,Active,New (0-6 months),0
50032,0,0.0,Mobile Phone,Tier 1,13.0,Credit Card,Male,2.0,4,Laptop & Accessory,3,Divorced,3,No Complaint,17.0,1.0,1.0,0.0,161.32,Active,New (0-6 months),0
50033,0,30.0,Phone,Tier 1,15.0,CC,Female,3.0,4,Mobile,4,Divorced,5,Complained,20.0,1.0,1.0,0.0,133.46,Active,Loyal (12+ months),2
50034,0,13.0,Mobile Phone,Tier 3,10.0,E wallet,Male,3.0,4,Fashion,2,Divorced,8,No Complaint,11.0,2.0,2.0,11.0,208.55,Active,Loyal (12+ months),1
50035,0,9.0,Computer,Tier 3,8.0,E wallet,Female,3.0,3,Mobile,3,Divorced,7,No Complaint,18.0,1.0,1.0,2.0,122.31,Active,Mid (6-12 months),0
50036,0,0.0,Phone,Tier 1,14.0,CC,Male,3.0,3,Mobile,2,Divorced,2,No Complaint,24.0,0.0,2.0,2.0,123.23,Active,New (0-6 months),1
50037,0,9.0,Computer,Tier 1,15.0,CC,Male,2.0,3,Mobile,4,Married,7,No Complaint,18.0,0.0,2.0,2.0,120.24,Active,Mid (6-12 months),0
50038,0,1.0,Phone,Tier 1,27.0,CC,Male,3.0,3,Mobile,2,Divorced,2,No Complaint,11.0,0.0,1.0,2.0,127.13,Active,New (0-6 months),1
50039,0,30.0,Mobile Phone,Tier 1,30.0,Debit Card,Male,2.0,2,Fashion,2,Married,4,Complained,16.0,1.0,1.0,4.0,194.39,Active,Loyal (12+ months),3
50040,0,0.0,Computer,Tier 1,14.0,CC,Male,3.0,4,Mobile,3,Married,2,Complained,15.0,0.0,1.0,1.0,125.66,Active,New (0-6 months),2
50041,0,23.0,Mobile Phone,Tier 1,17.0,Debit Card,Female,2.0,3,Others,4,Single,4,No Complaint,15.0,2.0,4.0,4.0,299.26,Active,Loyal (12+ months),0
50042,0,14.0,Phone,Tier 1,14.0,Debit Card,Male,2.0,3,Mobile,3,Married,5,No Complaint,12.0,1.0,1.0,8.0,124.51,Active,Loyal (12+ months),0
50043,0,3.0,Mobile Phone,Tier 3,11.0,Debit Card,Female,2.0,3,Fashion,2,Divorced,3,No Complaint,12.0,2.0,7.0,4.0,194.19,Active,New (0-6 months),1
50044,0,11.0,Mobile Phone,Tier 3,6.0,Debit Card,Female,2.0,4,Laptop & Accessory,2,Single,5,No Complaint,22.0,1.0,1.0,1.0,186.86,Active,Mid (6-12 months),1
50045,0,5.0,Phone,Tier 1,12.0,Debit Card,Male,3.0,3,Mobile,3,Single,4,No Complaint,20.0,0.0,1.0,4.0,130.38,Active,New (0-6 months),0
50046,0,0.0,Phone,Tier 1,23.0,COD,Male,3.0,3,Mobile,4,Divorced,1,Complained,16.0,1.0,1.0,1.0,130.58,Active,New (0-6 months),2
50047,1,0.0,Computer,Tier 3,14.0,COD,Female,3.0,5,Mobile,5,Single,1,No Complaint,21.0,1.0,1.0,0.0,123.25,Churned,New (0-6 months),0
50048,0,9.0,Computer,Tier 1,9.0,CC,Male,1.0,3,Mobile,4,Single,5,No Complaint,12.0,4.0,7.0,2.0,120.88,Active,Mid (6-12 months),0
50049,0,3.0,Computer,Tier 1,15.0,CC,Male,3.0,3,Laptop & Accessory,5,Married,2,No Complaint,11.0,0.0,6.0,10.0,130.72,Active,New (0-6 months),0
50050,0,18.0,Mobile Phone,Tier 3,10.0,Debit Card,Female,1.0,3,Laptop & Accessory,5,Married,5,Complained,11.0,0.0,1.0,3.0,150.06,Active,Loyal (12+ months),2
50051,0,29.0,Phone,Tier 1,14.0,Debit Card,Female,3.0,3,Mobile Phone,5,Married,5,Complained,18.0,1.0,2.0,2.0,142.57,Active,Loyal (12+ months),2
50052,0,6.0,Phone,Tier 1,14.0,Debit Card,Male,2.0,3,Mobile,2,Single,1,No Complaint,14.0,0.0,1.0,2.0,125.0,Active,New (0-6 months),1
50053,1,0.0,Mobile Phone,Tier 1,8.0,Debit Card,Male,2.0,4,Mobile Phone,2,Single,2,No Complaint,22.0,0.0,1.0,0.0,111.02,Churned,New (0-6 months),1
50054,0,19.0,Mobile Phone,Tier 3,6.0,E wallet,Female,3.0,3,Fashion,5,Married,2,No Complaint,25.0,4.0,15.0,7.0,204.53,Active,Loyal (12+ months),0
50055,0,9.0,Phone,Tier 1,15.0,Debit Card,Female,3.0,3,Mobile,2,Single,2,No Complaint,12.0,1.0,2.0,1.0,122.88,Active,Mid (6-12 months),1
50056,0,4.0,Phone,Tier 1,18.0,Credit Card,Female,3.0,3,Mobile Phone,2,Divorced,9,Complained,23.0,1.0,1.0,2.0,139.29,Active,New (0-6 months),3
50057,0,9.0,Phone,Tier 1,33.0,CC,Female,3.0,3,Mobile,4,Single,3,No Complaint,15.0,1.0,1.0,2.0,123.11,Active,Mid (6-12 months),0
50058,1,4.0,Phone,Tier 3,26.0,E wallet,Female,3.0,3,Mobile,4,Single,2,Complained,22.0,0.0,1.0,2.0,131.4,Churned,New (0-6 months),2
50059,0,23.0,Phone,Tier 1,6.0,Credit Card,Male,2.0,4,Mobile Phone,3,Divorced,3,No Complaint,15.0,0.0,1.0,2.0,136.9,Active,Loyal (12+ months),0
50060,0,26.0,Phone,Tier 1,19.0,Credit Card,Female,2.0,2,Laptop & Accessory,5,Married,2,No Complaint,11.0,1.0,1.0,3.0,144.5,Active,Loyal (12+ months),0
50061,0,6.0,Phone,Tier 1,20.0,CC,Female,3.0,3,Mobile,4,Divorced,2,No Complaint,13.0,0.0,1.0,6.0,127.56,Active,New (0-6 months),0
50062,0,13.0,Mobile Phone,Tier 1,10.0,Credit Card,Female,2.0,3,Others,3,Divorced,2,No Complaint,14.0,1.0,9.0,9.0,290.33,Active,Loyal (12+ months),0
50063,0,28.0,Mobile Phone,Tier 1,20.0,Credit Card,Male,3.0,2,Others,4,Single,9,No Complaint,11.0,1.0,2.0,15.0,287.22,Active,Loyal (12+ months),0
50064,0,7.0,Computer,Tier 1,8.0,Debit Card,Male,2.0,4,Laptop & Accessory,3,Divorced,2,No Complaint,17.0,0.0,1.0,9.0,195.47,Active,Mid (6-12 months),0
50065,0,24.0,Mobile Phone,Tier 1,9.0,Credit Card,Female,3.0,3,Grocery,4,Single,4,No Complaint,18.0,0.0,2.0,0.0,237.34,Active,Loyal (12+ months),0
50066,0,25.0,Mobile Phone,Tier 1,6.0,Debit Card,Male,3.0,4,Others,3,Divorced,1,No Complaint,15.0,1.0,11.0,9.0,299.99,Active,Loyal (12+ months),0
50067,0,9.0,Phone,Tier 1,15.0,CC,Female,2.0,3,Mobile,4,Single,2,No Complaint,16.0,1.0,1.0,3.0,122.79,Active,Mid (6-12 months),0
50068,1,0.0,Mobile Phone,Tier 1,29.0,Debit Card,Male,2.0,4,Laptop & Accessory,3,Divorced,4,Complained,13.0,1.0,1.0,1.0,159.16,Churned,New (0-6 months),2
50069,0,9.0,Computer,Tier 1,13.0,CC,Male,2.0,2,Mobile,2,Married,5,No Complaint,14.0,0.0,2.0,2.0,120.89,Active,Mid (6-12 months),1
50070,0,18.0,Computer,Tier 1,8.0,Credit Card,Male,3.0,4,Grocery,2,Divorced,10,No Complaint,23.0,1.0,11.0,8.0,267.92,Active,Loyal (12+ months),1
50071,0,10.0,Phone,Tier 1,27.0,Debit Card,Male,3.0,2,Mobile Phone,5,Divorced,2,Complained,12.0,0.0,1.0,7.0,135.64,Active,Mid (6-12 months),2
50072,0,8.0,Computer,Tier 1,8.0,Credit Card,Female,2.0,3,Laptop & Accessory,4,Single,6,No Complaint,11.0,1.0,1.0,2.0,144.25,Active,Mid (6-12 months),0
50073,0,15.0,Computer,Tier 1,27.0,Credit Card,Female,2.0,3,Laptop & Accessory,3,Married,3,No Complaint,16.0,0.0,1.0,2.0,152.65,Active,Loyal (12+ months),0
50074,0,11.0,Mobile Phone,Tier 1,8.0,Debit Card,Male,2.0,3,Laptop & Accessory,3,Divorced,10,No Complaint,14.0,0.0,1.0,0.0,165.53,Active,Mid (6-12 months),0
50075,0,11.0,Mobile Phone,Tier 1,35.0,COD,Male,2.0,3,Laptop & Accessory,2,Divorced,4,No Complaint,18.0,0.0,1.0,7.0,162.61,Active,Mid (6-12 months),1
50076,0,0.0,Computer,Tier 1,6.0,COD,Male,2.0,4,Laptop & Accessory,5,Divorced,6,No Complaint,19.0,0.0,2.0,0.0,142.98,Active,New (0-6 months),0
50077,0,22.0,Computer,Tier 1,24.0,Debit Card,Male,3.0,3,Laptop & Accessory,2,Married,2,Complained,15.0,0.0,1.0,7.0,168.04,Active,Loyal (12+ months),3
50078,0,7.0,Computer,Tier 1,16.0,Credit Card,Male,2.0,3,Mobile Phone,3,Married,2,Complained,17.0,2.0,2.0,0.0,138.15,Active,Mid (6-12 months),2
50079,0,13.0,Phone,Tier 1,25.0,CC,Male,3.0,3,Laptop & Accessory,2,Divorced,9,Complained,15.0,1.0,3.0,7.0,127.41,Active,Loyal (12+ months),3
50080,1,1.0,Mobile Phone,Tier 1,35.0,Credit Card,Male,3.0,3,Laptop & Accessory,5,Divorced,8,Complained,19.0,0.0,1.0,0.0,166.73,Churned,New (0-6 months),2
50081,1,0.0,Mobile Phone,Tier 3,33.0,E wallet,Female,2.0,3,Fashion,2,Divorced,2,No Complaint,22.0,1.0,1.0,9.0,176.39,Churned,New (0-6 months),1
50082,0,0.0,Phone,Tier 1,14.0,Debit Card,Male,2.0,2,Mobile,4,Married,2,Complained,16.0,0.0,2.0,2.0,123.28,Active,New (0-6 months),2
50083,0,9.0,Computer,Tier 1,24.0,CC,Female,3.0,3,Mobile,2,Single,2,No Complaint,13.0,1.0,1.0,7.0,121.53,Active,Mid (6-12 months),1
50084,0,13.0,Computer,Tier 1,15.0,Debit Card,Male,3.0,4,Laptop & Accessory,2,Divorced,10,No Complaint,14.0,1.0,1.0,2.0,148.76,Active,Loyal (12+ months),1
50085,0,19.0,Mobile Phone,Tier 1,6.0,Credit Card,Male,3.0,3,Fashion,5,Married,8,No Complaint,16.0,0.0,1.0,3.0,193.96,Active,Loyal (12+ months),0
50086,1,0.0,Mobile Phone,Tier 3,10.0,Credit Card,Male,2.0,5,Fashion,2,Divorced,2,No Complaint,11.0,7.0,9.0,8.0,204.0,Churned,New (0-6 months),1
50087,0,3.0,Computer,Tier 1,6.0,Debit Card,Male,2.0,4,Fashion,3,Single,2,No Complaint,22.0,2.0,5.0,8.0,184.74,Active,New (0-6 months),0
50088,0,0.0,Computer,Tier 3,26.0,Debit Card,Female,2.0,3,Laptop & Accessory,3,Single,2,No Complaint,14.0,1.0,1.0,7.0,199.81,Active,New (0-6 months),0
50089,0,24.0,Mobile Phone,Tier 1,14.0,Debit Card,Male,2.0,4,Fashion,4,Divorced,6,No Complaint,16.0,1.0,4.0,3.0,224.9,Active,Loyal (12+ months),0
50090,1,0.0,Phone,Tier 1,14.0,COD,Female,2.0,3,Mobile,5,Single,6,Complained,11.0,1.0,1.0,4.0,126.57,Churned,New (0-6 months),2
50091,0,14.0,Mobile Phone,Tier 3,12.0,Debit Card,Female,3.0,3,Fashion,2,Single,4,Complained,18.0,0.0,2.0,0.0,235.91000000000005,Active,Loyal (12+ months),3
50092,1,0.0,Computer,Tier 3,32.0,E wallet,Female,2.0,4,Laptop & Accessory,5,Single,6,No Complaint,15.0,0.0,1.0,1.0,166.96,Churned,New (0-6 months),0
50093,1,9.0,Phone,Tier 1,6.0,Cash on Delivery,Male,2.0,3,Mobile,3,Single,1,No Complaint,14.0,0.0,1.0,5.0,120.58,Churned,Mid (6-12 months),0
50094,0,18.0,Computer,Tier 3,12.0,Credit Card,Female,2.0,4,Fashion,2,Single,7,No Complaint,12.0,12.0,12.0,8.0,188.65,Active,Loyal (12+ months),1
50095,0,27.0,Mobile Phone,Tier 3,9.0,E wallet,Female,2.0,3,Laptop & Accessory,5,Divorced,3,No Complaint,14.0,1.0,1.0,5.0,159.4,Active,Loyal (12+ months),0
50096,0,9.0,Mobile Phone,Tier 1,11.0,Debit Card,Male,3.0,3,Laptop & Accessory,4,Single,9,No Complaint,16.0,0.0,3.0,7.0,159.14,Active,Mid (6-12 months),0
50097,0,6.0,Phone,Tier 1,14.0,CC,Female,2.0,4,Mobile,4,Divorced,7,No Complaint,21.0,0.0,1.0,1.0,126.22,Active,New (0-6 months),0
50098,0,10.0,Computer,Tier 1,17.0,UPI,Male,2.0,3,Fashion,2,Married,2,Complained,14.0,0.0,1.0,3.0,221.85,Active,Mid (6-12 months),3
50099,0,11.0,Mobile Phone,Tier 3,9.0,Debit Card,Male,3.0,3,Fashion,3,Married,1,No Complaint,12.0,1.0,5.0,13.0,206.09,Active,Mid (6-12 months),0
50100,0,4.0,Computer,Tier 1,6.0,Credit Card,Male,2.0,5,Laptop & Accessory,3,Divorced,1,No Complaint,12.0,1.0,1.0,4.0,143.45,Active,New (0-6 months),0
50101,0,9.0,Phone,Tier 1,9.0,Debit Card,Male,3.0,4,Mobile,2,Divorced,4,No Complaint,17.0,0.0,1.0,0.0,121.77,Active,Mid (6-12 months),1
50102,0,10.0,Computer,Tier 3,10.0,E wallet,Male,2.0,3,Mobile Phone,2,Married,5,No Complaint,17.0,1.0,5.0,8.0,0.0,Active,Mid (6-12 months),1
50103,0,2.0,Computer,Tier 3,6.0,Credit Card,Female,2.0,3,Fashion,2,Divorced,2,No Complaint,14.0,4.0,4.0,1.0,179.18,Active,New (0-6 months),1
50104,0,8.0,Computer,Tier 3,6.0,E wallet,Female,3.0,3,Fashion,3,Single,2,No Complaint,14.0,1.0,1.0,8.0,187.89,Active,Mid (6-12 months),0
50105,1,0.0,Phone,Tier 1,14.0,CC,Male,2.0,4,Mobile,2,Single,2,Complained,13.0,0.0,1.0,1.0,123.89,Churned,New (0-6 months),3
50106,0,25.0,Phone,Tier 1,8.0,Debit Card,Female,2.0,4,Mobile,2,Single,8,No Complaint,15.0,0.0,2.0,2.0,132.12,Active,Loyal (12+ months),1
50107,0,15.0,Mobile Phone,Tier 1,10.0,Cash on Delivery,Male,2.0,3,Others,2,Divorced,2,No Complaint,15.0,0.0,11.0,15.0,292.32,Active,Loyal (12+ months),1
50108,0,9.0,Phone,Tier 2,12.0,CC,Male,2.0,3,Mobile,3,Divorced,9,No Complaint,17.0,2.0,2.0,2.0,122.67,Active,Mid (6-12 months),0
50109,0,23.0,Mobile Phone,Tier 3,6.0,Credit Card,Female,3.0,3,Others,2,Married,4,No Complaint,15.0,1.0,1.0,6.0,295.17,Active,Loyal (12+ months),1
50110,1,0.0,Phone,Tier 1,14.0,CC,Male,2.0,3,Mobile,2,Divorced,6,Complained,13.0,0.0,1.0,4.0,124.36,Churned,New (0-6 months),3
50111,0,16.0,Mobile Phone,Tier 3,22.0,E wallet,Female,3.0,3,Grocery,2,Divorced,6,Complained,22.0,0.0,2.0,9.0,260.64,Active,Loyal (12+ months),3
50112,1,0.0,Phone,Tier 1,8.0,Debit Card,Female,3.0,3,Mobile,5,Divorced,8,No Complaint,20.0,1.0,1.0,7.0,127.07,Churned,New (0-6 months),0
50113,0,25.0,Computer,Tier 3,8.0,Debit Card,Male,3.0,4,Others,3,Single,2,Complained,18.0,1.0,15.0,12.0,290.68,Active,Loyal (12+ months),2
50114,0,5.0,Phone,Tier 3,10.0,Debit Card,Female,2.0,3,Mobile Phone,4,Divorced,3,No Complaint,11.0,1.0,1.0,2.0,139.31,Active,New (0-6 months),0
50115,1,0.0,Phone,Tier 1,6.0,Debit Card,Male,3.0,4,Mobile Phone,3,Single,1,Complained,14.0,1.0,1.0,2.0,137.3,Churned,New (0-6 months),2
50116,0,9.0,Phone,Tier 1,6.0,CC,Female,3.0,3,Mobile,3,Married,8,No Complaint,14.0,0.0,1.0,2.0,122.32,Active,Mid (6-12 months),0
50117,0,5.0,Computer,Tier 3,32.0,E wallet,Male,3.0,3,Laptop & Accessory,2,Divorced,1,No Complaint,18.0,1.0,2.0,2.0,144.65,Active,New (0-6 months),1
50118,0,14.0,Phone,Tier 1,25.0,Debit Card,Male,3.0,3,Laptop & Accessory,5,Married,3,No Complaint,16.0,1.0,1.0,0.0,130.72,Active,Loyal (12+ months),0
50119,0,13.0,Phone,Tier 1,30.0,COD,Male,3.0,3,Laptop & Accessory,2,Married,2,No Complaint,17.0,2.0,4.0,7.0,133.19,Active,Loyal (12+ months),1
50120,0,18.0,Mobile Phone,Tier 1,6.0,UPI,Male,3.0,2,Others,2,Divorced,1,No Complaint,15.0,1.0,1.0,7.0,292.02,Active,Loyal (12+ months),1
50121,0,4.0,Computer,Tier 1,9.0,Credit Card,Male,3.0,3,Fashion,3,Married,10,No Complaint,12.0,1.0,2.0,2.0,236.75,Active,New (0-6 months),0
50122,0,6.0,Phone,Tier 1,11.0,Debit Card,Female,3.0,4,Mobile,2,Divorced,2,No Complaint,13.0,0.0,1.0,2.0,129.11,Active,New (0-6 months),1
50123,0,7.0,Mobile Phone,Tier 1,8.0,Debit Card,Male,2.0,4,Laptop & Accessory,5,Divorced,7,No Complaint,13.0,0.0,5.0,9.0,159.57,Active,Mid (6-12 months),0
50124,0,10.0,Phone,Tier 1,6.0,Credit Card,Female,2.0,4,Mobile Phone,5,Divorced,3,No Complaint,14.0,1.0,1.0,2.0,139.2,Active,Mid (6-12 months),0
50125,0,18.0,Computer,Tier 1,13.0,Debit Card,Male,3.0,2,Laptop & Accessory,3,Divorced,5,No Complaint,17.0,0.0,1.0,2.0,164.34,Active,Loyal (12+ months),0
50126,1,0.0,Computer,Tier 1,16.0,Credit Card,Male,3.0,3,Fashion,3,Married,7,No Complaint,11.0,1.0,1.0,0.0,200.48,Churned,New (0-6 months),0
50127,0,12.0,Computer,Tier 1,8.0,Cash on Delivery,Female,3.0,3,Fashion,3,Single,1,No Complaint,25.0,10.0,11.0,3.0,209.38,Active,Mid (6-12 months),0
50128,0,2.0,Phone,Tier 1,14.0,Debit Card,Male,2.0,3,Mobile,2,Single,2,No Complaint,19.0,0.0,1.0,5.0,123.4,Active,New (0-6 months),1
50129,0,15.0,Mobile Phone,Tier 1,23.0,Debit Card,Female,2.0,2,Laptop & Accessory,5,Single,4,Complained,13.0,0.0,1.0,2.0,165.45,Active,Loyal (12+ months),2
50130,0,2.0,Mobile Phone,Tier 3,26.0,E wallet,Male,2.0,3,Laptop & Accessory,2,Married,3,No Complaint,14.0,1.0,1.0,2.0,169.31,Active,New (0-6 months),1
50131,0,0.0,Phone,Tier 1,6.0,Debit Card,Female,3.0,3,Laptop & Accessory,3,Divorced,1,No Complaint,12.0,1.0,1.0,2.0,148.98,Active,New (0-6 months),0
50132,0,15.0,Phone,Tier 1,14.0,CC,Female,2.0,4,Mobile,5,Married,1,Complained,11.0,4.0,7.0,8.0,125.93,Active,Loyal (12+ months),2
50133,0,13.0,Mobile Phone,Tier 1,8.0,Credit Card,Male,2.0,3,Others,3,Married,1,No Complaint,15.0,0.0,3.0,9.0,294.36,Active,Loyal (12+ months),0
50134,0,24.0,Phone,Tier 1,6.0,Debit Card,Male,3.0,3,Mobile,2,Divorced,2,No Complaint,11.0,1.0,1.0,0.0,127.23,Active,Loyal (12+ months),1
50135,1,0.0,Computer,Tier 1,35.0,CC,Male,3.0,4,Mobile,4,Single,1,No Complaint,11.0,1.0,1.0,4.0,134.79,Churned,New (0-6 months),0
50136,0,5.0,Computer,Tier 1,13.0,Debit Card,Male,3.0,2,Mobile,4,Divorced,2,No Complaint,20.0,0.0,1.0,3.0,127.94,Active,New (0-6 months),0
50137,0,11.0,Computer,Tier 3,8.0,Debit Card,Male,2.0,4,Laptop & Accessory,2,Divorced,4,No Complaint,18.0,6.0,7.0,5.0,152.49,Active,Mid (6-12 months),1
50138,0,9.0,Phone,Tier 1,8.0,Cash on Delivery,Male,2.0,4,Laptop & Accessory,5,Single,5,No Complaint,13.0,0.0,1.0,4.0,121.76,Active,Mid (6-12 months),0
50139,0,19.0,Mobile Phone,Tier 3,8.0,Cash on Delivery,Female,3.0,5,Grocery,4,Divorced,4,Complained,12.0,1.0,7.0,7.0,268.72,Active,Loyal (12+ months),2
50140,1,0.0,Phone,Tier 1,8.0,Debit Card,Male,3.0,3,Mobile,3,Single,3,No Complaint,11.0,1.0,1.0,0.0,134.85,Churned,New (0-6 months),0
50141,0,2.0,Mobile Phone,Tier 3,8.0,Credit Card,Male,3.0,4,Laptop & Accessory,4,Divorced,3,No Complaint,19.0,0.0,1.0,0.0,166.44,Active,New (0-6 months),0
50142,0,4.0,Mobile Phone,Tier 1,29.0,Credit Card,Male,3.0,4,Laptop & Accessory,2,Divorced,1,No Complaint,21.0,1.0,7.0,8.0,155.82,Active,New (0-6 months),1
50143,0,0.0,Computer,Tier 1,11.0,Debit Card,Male,2.0,2,Laptop & Accessory,5,Married,2,No Complaint,12.0,1.0,1.0,5.0,140.0,Active,New (0-6 months),0
50144,0,18.0,Mobile Phone,Tier 1,26.0,Credit Card,Male,3.0,3,Grocery,2,Divorced,1,Complained,14.0,0.0,2.0,10.0,234.96,Active,Loyal (12+ months),3
50145,0,9.0,Phone,Tier 1,12.0,Debit Card,Male,2.0,3,Mobile,2,Divorced,1,No Complaint,11.0,4.0,10.0,11.0,132.1,Active,Mid (6-12 months),1
50146,0,28.0,Mobile Phone,Tier 1,6.0,Credit Card,Male,2.0,3,Others,5,Single,1,Complained,14.0,1.0,4.0,13.0,290.45,Active,Loyal (12+ months),2
50147,1,10.0,Computer,Tier 1,35.0,Debit Card,Male,2.0,3,Fashion,4,Divorced,2,Complained,12.0,5.0,9.0,3.0,218.49,Churned,Mid (6-12 months),2
50148,0,9.0,Phone,Tier 1,15.0,CC,Male,3.0,3,Mobile,2,Divorced,2,No Complaint,23.0,1.0,1.0,4.0,120.7,Active,Mid (6-12 months),1
50149,0,10.0,Mobile Phone,Tier 3,12.0,Credit Card,Male,3.0,3,Laptop & Accessory,2,Divorced,5,No Complaint,14.0,0.0,1.0,1.0,165.02,Active,Mid (6-12 months),1
50150,0,0.0,Phone,Tier 1,9.0,CC,Male,3.0,4,Mobile,3,Single,2,No Complaint,17.0,1.0,1.0,0.0,132.3,Active,New (0-6 months),0
50151,0,10.0,Computer,Tier 1,6.0,Credit Card,Female,0.0,3,Fashion,2,Married,3,Complained,18.0,0.0,2.0,2.0,236.03,Active,Mid (6-12 months),3
50152,0,2.0,Mobile Phone,Tier 1,28.0,Debit Card,Female,3.0,2,Fashion,4,Married,8,No Complaint,18.0,5.0,6.0,3.0,219.96,Active,New (0-6 months),0
50153,0,11.0,Mobile Phone,Tier 3,13.0,Credit Card,Female,2.0,2,Laptop & Accessory,5,Married,2,Complained,24.0,0.0,7.0,7.0,156.05,Active,Mid (6-12 months),2
50154,0,0.0,Computer,Tier 1,6.0,Debit Card,Female,2.0,3,Laptop & Accessory,4,Married,2,No Complaint,20.0,0.0,1.0,4.0,163.97,Active,New (0-6 months),0
50155,0,23.0,Mobile Phone,Tier 1,10.0,Debit Card,Male,3.0,3,Others,4,Married,4,No Complaint,14.0,1.0,1.0,6.0,291.44,Active,Loyal (12+ months),0
50156,0,26.0,Mobile Phone,Tier 1,9.0,Credit Card,Male,2.0,3,Grocery,3,Divorced,4,Complained,16.0,1.0,1.0,3.0,275.84,Active,Loyal (12+ months),2
50157,0,15.0,Phone,Tier 3,6.0,Debit Card,Male,2.0,3,Laptop & Accessory,3,Divorced,2,No Complaint,25.0,4.0,11.0,6.0,149.07,Active,Loyal (12+ months),0
50158,0,2.0,Computer,Tier 3,8.0,Debit Card,Male,2.0,3,Laptop & Accessory,2,Single,2,No Complaint,18.0,0.0,1.0,9.0,145.54,Active,New (0-6 months),1
50159,0,28.0,Mobile Phone,Tier 1,26.0,COD,Male,2.0,3,Laptop & Accessory,2,Divorced,4,Complained,19.0,1.0,1.0,8.0,154.15,Active,Loyal (12+ months),3
50160,0,0.0,Computer,Tier 1,17.0,Credit Card,Male,2.0,3,Laptop & Accessory,5,Divorced,2,Complained,13.0,2.0,3.0,3.0,147.41,Active,New (0-6 months),2
50161,0,9.0,Phone,Tier 1,6.0,Debit Card,Female,2.0,3,Mobile,2,Single,2,No Complaint,12.0,1.0,5.0,7.0,121.15,Active,Mid (6-12 months),1
50162,1,7.0,Computer,Tier 1,30.0,Debit Card,Male,3.0,3,Mobile,3,Married,4,Complained,22.0,0.0,1.0,0.0,131.61,Churned,Mid (6-12 months),2
50163,0,11.0,Mobile Phone,Tier 1,29.0,Debit Card,Male,2.0,3,Laptop & Accessory,2,Married,10,No Complaint,14.0,0.0,1.0,2.0,157.45,Active,Mid (6-12 months),1
50164,1,0.0,Phone,Tier 1,14.0,CC,Male,2.0,3,Mobile,4,Married,3,Complained,13.0,1.0,1.0,2.0,123.73,Churned,New (0-6 months),2
50165,0,1.0,Phone,Tier 1,14.0,Debit Card,Female,3.0,3,Mobile,2,Single,2,No Complaint,21.0,0.0,1.0,2.0,133.1,Active,New (0-6 months),1
50166,0,22.0,Computer,Tier 1,16.0,Debit Card,Female,2.0,3,Others,5,Single,10,Complained,11.0,1.0,1.0,2.0,286.65,Active,Loyal (12+ months),2
50167,0,9.0,Phone,Tier 1,9.0,COD,Male,1.0,3,Laptop & Accessory,4,Single,5,No Complaint,12.0,6.0,7.0,7.0,144.85,Active,Mid (6-12 months),0
50168,0,4.0,Computer,Tier 3,11.0,E wallet,Female,3.0,3,Mobile,4,Married,2,No Complaint,11.0,0.0,2.0,2.0,127.89,Active,New (0-6 months),0
50169,1,0.0,Mobile Phone,Tier 3,10.0,E wallet,Male,2.0,4,Laptop & Accessory,2,Single,2,Complained,12.0,7.0,7.0,4.0,158.28,Churned,New (0-6 months),3
50170,0,10.0,Computer,Tier 1,14.0,CC,Male,2.0,3,Mobile,2,Divorced,2,Complained,12.0,0.0,1.0,2.0,123.26,Active,Mid (6-12 months),3
50171,0,15.0,Computer,Tier 3,32.0,E wallet,Female,3.0,3,Grocery,4,Divorced,6,No Complaint,14.0,2.0,2.0,8.0,235.25,Active,Loyal (12+ months),0
50172,1,9.0,Mobile Phone,Tier 1,9.0,Debit Card,Male,2.0,3,Mobile Phone,3,Single,2,No Complaint,13.0,0.0,1.0,0.0,114.2,Churned,Mid (6-12 months),0
50173,0,8.0,Mobile Phone,Tier 3,22.0,E wallet,Male,3.0,3,Fashion,4,Divorced,1,No Complaint,15.0,3.0,6.0,9.0,180.2,Active,Mid (6-12 months),0
50174,0,9.0,Computer,Tier 1,24.0,Debit Card,Male,2.0,2,Mobile Phone,2,Divorced,5,No Complaint,18.0,0.0,1.0,0.0,136.88,Active,Mid (6-12 months),1
50175,0,24.0,Mobile Phone,Tier 1,8.0,Credit Card,Male,2.0,5,Laptop & Accessory,4,Married,6,No Complaint,18.0,0.0,1.0,2.0,154.82,Active,Loyal (12+ months),0
50176,0,14.0,Mobile Phone,Tier 3,8.0,Debit Card,Male,2.0,3,Grocery,4,Single,2,No Complaint,19.0,1.0,2.0,4.0,260.15,Active,Loyal (12+ months),0
50177,0,0.0,Mobile Phone,Tier 3,16.0,Credit Card,Female,3.0,4,Mobile Phone,3,Single,2,No Complaint,12.0,1.0,1.0,0.0,112.0,Active,New (0-6 months),0
50178,0,1.0,Mobile Phone,Tier 1,22.0,Credit Card,Male,3.0,2,Laptop & Accessory,5,Single,1,No Complaint,19.0,0.0,1.0,7.0,156.61,Active,New (0-6 months),0
50179,0,4.0,Mobile Phone,Tier 3,13.0,COD,Male,3.0,2,Laptop & Accessory,2,Divorced,5,No Complaint,11.0,3.0,7.0,7.0,169.29,Active,New (0-6 months),1
50180,0,12.0,Mobile Phone,Tier 1,6.0,Credit Card,Male,2.0,2,Fashion,2,Married,1,No Complaint,17.0,3.0,3.0,7.0,196.13,Active,Mid (6-12 months),1
50181,0,9.0,Computer,Tier 1,30.0,Debit Card,Female,2.0,3,Laptop & Accessory,4,Divorced,8,No Complaint,15.0,0.0,1.0,8.0,156.74,Active,Mid (6-12 months),0
50182,0,5.0,Mobile Phone,Tier 3,13.0,Debit Card,Male,3.0,4,Laptop & Accessory,3,Divorced,2,No Complaint,14.0,1.0,4.0,8.0,154.84,Active,New (0-6 months),0
50183,0,11.0,Mobile Phone,Tier 1,31.0,Debit Card,Female,2.0,4,Fashion,4,Divorced,4,No Complaint,17.0,1.0,1.0,3.0,220.61,Active,Mid (6-12 months),0
50184,0,30.0,Computer,Tier 1,6.0,Debit Card,Male,2.0,5,Laptop & Accessory,3,Married,3,Complained,13.0,1.0,1.0,2.0,156.6,Active,Loyal (12+ months),2
50185,0,4.0,Phone,Tier 1,11.0,COD,Male,2.0,3,Mobile Phone,2,Divorced,1,Complained,12.0,0.0,1.0,3.0,148.21,Active,New (0-6 months),3
50186,0,4.0,Mobile Phone,Tier 2,8.0,UPI,Male,3.0,4,Laptop & Accessory,5,Divorced,4,No Complaint,12.0,0.0,1.0,0.0,164.1,Active,New (0-6 months),0
50187,0,18.0,Computer,Tier 1,13.0,Debit Card,Male,3.0,3,Fashion,5,Married,2,No Complaint,18.0,5.0,9.0,11.0,152.1,Active,Loyal (12+ months),0
50188,0,4.0,Phone,Tier 1,8.0,Debit Card,Male,3.0,3,Mobile,2,Married,1,Complained,18.0,1.0,2.0,2.0,126.95,Active,New (0-6 months),3
50189,0,6.0,Computer,Tier 1,11.0,Debit Card,Female,3.0,3,Fashion,4,Divorced,7,No Complaint,11.0,2.0,8.0,3.0,218.78,Active,New (0-6 months),0
50190,0,12.0,Mobile Phone,Tier 1,16.0,Credit Card,Male,2.0,3,Grocery,5,Divorced,2,Complained,14.0,1.0,11.0,10.0,270.68,Active,Mid (6-12 months),2
50191,0,16.0,Computer,Tier 1,14.0,Debit Card,Female,2.0,3,Mobile,2,Single,1,No Complaint,19.0,0.0,1.0,7.0,124.55,Active,Loyal (12+ months),1
50192,0,22.0,Mobile Phone,Tier 1,6.0,Cash on Delivery,Female,2.0,4,Grocery,3,Single,8,Complained,12.0,1.0,2.0,7.0,239.64,Active,Loyal (12+ months),2
50193,1,15.0,Phone,Tier 1,14.0,Credit Card,Male,2.0,4,Laptop & Accessory,4,Divorced,3,No Complaint,15.0,7.0,7.0,7.0,149.41,Churned,Loyal (12+ months),0
50194,0,0.0,Phone,Tier 1,14.0,Debit Card,Female,2.0,3,Mobile,4,Single,2,Complained,12.0,0.0,1.0,2.0,124.78,Active,New (0-6 months),2
50195,0,5.0,Mobile Phone,Tier 3,14.0,COD,Female,3.0,4,Laptop & Accessory,4,Divorced,2,Complained,11.0,6.0,11.0,9.0,152.28,Active,New (0-6 months),2
50196,0,0.0,Phone,Tier 3,8.0,Debit Card,Male,3.0,3,Laptop & Accessory,3,Single,2,Complained,11.0,1.0,1.0,4.0,144.78,Active,New (0-6 months),2
50197,0,4.0,Mobile Phone,Tier 3,13.0,E wallet,Male,3.0,3,Laptop & Accessory,2,Married,5,No Complaint,12.0,0.0,1.0,7.0,175.47,Active,New (0-6 months),1
50198,0,5.0,Mobile Phone,Tier 1,8.0,Credit Card,Female,3.0,2,Laptop & Accessory,2,Single,8,No Complaint,16.0,1.0,1.0,7.0,150.55,Active,New (0-6 months),1
50199,1,0.0,Phone,Tier 1,8.0,CC,Male,2.0,5,Mobile,2,Divorced,6,Complained,13.0,2.0,2.0,2.0,134.64,Churned,New (0-6 months),3
50200,0,3.0,Mobile Phone,Tier 1,34.0,Credit Card,Female,3.0,3,Laptop & Accessory,2,Divorced,2,No Complaint,13.0,0.0,1.0,9.0,157.75,Active,New (0-6 months),1
50201,0,4.0,Computer,Tier 1,13.0,Debit Card,Female,2.0,4,Fashion,3,Divorced,2,No Complaint,24.0,3.0,8.0,9.0,189.43,Active,New (0-6 months),0
50202,0,12.0,Computer,Tier 1,5.0,Credit Card,Male,2.0,4,Others,2,Divorced,2,No Complaint,15.0,9.0,13.0,3.0,292.72,Active,Mid (6-12 months),1
50203,1,2.0,Mobile Phone,Tier 3,9.0,Credit Card,Female,2.0,3,Laptop & Accessory,3,Divorced,5,Complained,18.0,1.0,1.0,0.0,152.38,Churned,New (0-6 months),2
50204,0,6.0,Computer,Tier 3,16.0,E wallet,Male,2.0,4,Laptop & Accessory,2,Single,4,No Complaint,14.0,1.0,1.0,1.0,146.82,Active,New (0-6 months),1
50205,0,20.0,Mobile Phone,Tier 1,11.0,Debit Card,Male,2.0,3,Others,3,Divorced,5,No Complaint,11.0,1.0,1.0,1.0,283.0,Active,Loyal (12+ months),0
50206,0,16.0,Computer,Tier 1,16.0,Debit Card,Female,2.0,4,Laptop & Accessory,3,Married,2,No Complaint,11.0,0.0,1.0,0.0,152.57,Active,Loyal (12+ months),0
50207,0,0.0,Computer,Tier 3,6.0,E wallet,Male,3.0,3,Laptop & Accessory,4,Divorced,1,Complained,13.0,0.0,1.0,4.0,163.49,Active,New (0-6 months),2
50208,0,27.0,Computer,Tier 1,26.0,Debit Card,Female,2.0,3,Laptop & Accessory,3,Single,4,No Complaint,12.0,1.0,1.0,3.0,148.69,Active,Loyal (12+ months),0
50209,0,16.0,Mobile Phone,Tier 1,13.0,Debit Card,Female,2.0,3,Fashion,5,Divorced,9,No Complaint,16.0,1.0,1.0,0.0,199.85,Active,Loyal (12+ months),0
50210,0,18.0,Phone,Tier 1,14.0,UPI,Male,3.0,3,Laptop & Accessory,2,Divorced,10,No Complaint,14.0,7.0,9.0,8.0,136.97,Active,Loyal (12+ months),1
50211,0,13.0,Mobile Phone,Tier 3,6.0,Credit Card,Male,2.0,5,Laptop & Accessory,2,Divorced,3,Complained,22.0,1.0,1.0,2.0,174.57,Active,Loyal (12+ months),3
50212,1,9.0,Phone,Tier 1,14.0,UPI,Male,3.0,5,Mobile,5,Divorced,2,Complained,11.0,1.0,1.0,7.0,121.19,Churned,Mid (6-12 months),2
50213,0,2.0,Phone,Tier 1,15.0,UPI,Male,1.0,4,Mobile Phone,2,Single,1,No Complaint,17.0,2.0,2.0,2.0,139.83,Active,New (0-6 months),1
50214,0,3.0,Mobile Phone,Tier 3,11.0,E wallet,Female,1.0,4,Laptop & Accessory,3,Married,2,No Complaint,13.0,0.0,1.0,2.0,161.18,Active,New (0-6 months),0
50215,0,0.0,Mobile Phone,Tier 3,14.0,E wallet,Female,2.0,3,Laptop & Accessory,4,Divorced,2,No Complaint,18.0,0.0,1.0,7.0,162.14,Active,New (0-6 months),0
50216,0,10.0,Mobile Phone,Tier 1,11.0,Credit Card,Male,3.0,3,Laptop & Accessory,2,Married,8,No Complaint,16.0,0.0,1.0,4.0,163.47,Active,Mid (6-12 months),1
50217,0,11.0,Mobile Phone,Tier 1,21.0,Debit Card,Male,3.0,4,Fashion,2,Married,1,Complained,14.0,1.0,2.0,3.0,215.1,Active,Mid (6-12 months),3
50218,0,4.0,Mobile Phone,Tier 1,13.0,Credit Card,Female,2.0,3,Fashion,2,Single,2,Complained,14.0,2.0,4.0,10.0,171.43,Active,New (0-6 months),3
50219,0,2.0,Mobile Phone,Tier 3,16.0,E wallet,Female,2.0,4,Laptop & Accessory,4,Married,2,Complained,14.0,0.0,1.0,7.0,182.68,Active,New (0-6 months),2
50220,0,8.0,Mobile Phone,Tier 1,11.0,COD,Male,3.0,3,Fashion,4,Single,1,No Complaint,13.0,0.0,1.0,13.0,180.95,Active,Mid (6-12 months),0
50221,0,0.0,Phone,Tier 1,32.0,Debit Card,Male,3.0,3,Mobile,2,Married,2,No Complaint,12.0,1.0,1.0,2.0,129.04,Active,New (0-6 months),1
50222,0,14.0,Mobile Phone,Tier 1,12.0,Credit Card,Male,3.0,4,Laptop & Accessory,4,Single,7,Complained,15.0,1.0,1.0,2.0,160.32,Active,Loyal (12+ months),2
50223,0,20.0,Computer,Tier 3,10.0,CC,Male,3.0,3,Laptop & Accessory,3,Single,4,No Complaint,19.0,0.0,1.0,0.0,129.76,Active,Loyal (12+ months),0
50224,0,15.0,Mobile Phone,Tier 1,29.0,Debit Card,Female,2.0,3,Grocery,2,Single,3,No Complaint,14.0,0.0,2.0,0.0,259.92,Active,Loyal (12+ months),1
50225,0,2.0,Computer,Tier 3,8.0,Debit Card,Male,3.0,3,Laptop & Accessory,3,Divorced,2,No Complaint,14.0,1.0,1.0,2.0,146.49,Active,New (0-6 months),0
50226,0,15.0,Phone,Tier 2,8.0,COD,Male,3.0,3,Mobile,3,Married,1,Complained,11.0,1.0,1.0,0.0,126.96,Active,Loyal (12+ months),2
50227,0,5.0,Phone,Tier 1,14.0,CC,Female,3.0,3,Mobile,4,Divorced,2,No Complaint,13.0,0.0,1.0,7.0,123.7,Active,New (0-6 months),0
50228,0,21.0,Mobile Phone,Tier 3,35.0,Credit Card,Female,3.0,3,Fashion,3,Divorced,4,No Complaint,21.0,0.0,1.0,3.0,225.04,Active,Loyal (12+ months),0
50229,0,10.0,Mobile Phone,Tier 1,12.0,Credit Card,Male,2.0,2,Laptop & Accessory,5,Married,5,Complained,13.0,2.0,6.0,7.0,159.74,Active,Mid (6-12 months),2
50230,0,3.0,Computer,Tier 3,31.0,COD,Female,2.0,3,Laptop & Accessory,3,Divorced,8,Complained,12.0,1.0,2.0,2.0,147.36,Active,New (0-6 months),2
50231,0,0.0,Mobile Phone,Tier 3,6.0,Debit Card,Male,2.0,3,Laptop & Accessory,3,Divorced,2,No Complaint,17.0,2.0,7.0,7.0,152.96,Active,New (0-6 months),0
50232,0,15.0,Mobile Phone,Tier 1,8.0,UPI,Male,3.0,4,Laptop & Accessory,2,Single,4,No Complaint,23.0,0.0,1.0,0.0,167.81,Active,Loyal (12+ months),1
50233,1,9.0,Computer,Tier 3,6.0,Cash on Delivery,Female,2.0,4,Mobile,4,Single,2,Complained,11.0,1.0,1.0,2.0,121.74,Churned,Mid (6-12 months),2
50234,0,9.0,Computer,Tier 3,6.0,Credit Card,Female,2.0,3,Laptop & Accessory,2,Single,5,No Complaint,15.0,1.0,1.0,0.0,166.53,Active,Mid (6-12 months),1
50235,0,9.0,Computer,Tier 3,9.0,Credit Card,Male,2.0,4,Fashion,2,Divorced,5,No Complaint,11.0,0.0,1.0,12.0,196.99,Active,Mid (6-12 months),1
50236,0,30.0,Mobile Phone,Tier 1,6.0,Credit Card,Male,2.0,3,Laptop & Accessory,3,Divorced,3,No Complaint,11.0,1.0,1.0,2.0,167.55,Active,Loyal (12+ months),0
50237,0,9.0,Phone,Tier 1,16.0,Debit Card,Female,2.0,2,Mobile,3,Divorced,4,Complained,13.0,0.0,1.0,7.0,122.13,Active,Mid (6-12 months),2
50238,0,0.0,Computer,Tier 3,14.0,CC,Male,2.0,3,Mobile,2,Single,2,No Complaint,24.0,0.0,2.0,2.0,126.1,Active,New (0-6 months),1
50239,1,0.0,Phone,Tier 3,11.0,E wallet,Female,3.0,3,Mobile,3,Single,2,Complained,13.0,1.0,1.0,0.0,128.51,Churned,New (0-6 months),2
50240,0,10.0,Phone,Tier 1,16.0,CC,Female,3.0,3,Mobile,5,Divorced,7,No Complaint,20.0,1.0,1.0,3.0,134.52,Active,Mid (6-12 months),0
50241,0,19.0,Computer,Tier 1,13.0,Credit Card,Female,1.0,3,Laptop & Accessory,3,Divorced,3,No Complaint,14.0,0.0,1.0,0.0,152.58,Active,Loyal (12+ months),0
50242,1,4.0,Computer,Tier 3,10.0,E wallet,Male,2.0,3,Laptop & Accessory,4,Single,2,No Complaint,18.0,7.0,7.0,7.0,193.55,Churned,New (0-6 months),0
50243,0,23.0,Mobile Phone,Tier 1,16.0,Cash on Delivery,Male,3.0,4,Fashion,2,Single,7,No Complaint,15.0,0.0,1.0,3.0,204.96,Active,Loyal (12+ months),1
50244,1,3.0,Mobile Phone,Tier 3,28.0,E wallet,Male,3.0,4,Laptop & Accessory,3,Divorced,3,Complained,12.0,1.0,1.0,0.0,163.8,Churned,New (0-6 months),2
50245,0,4.0,Phone,Tier 1,14.0,Debit Card,Male,2.0,4,Mobile,4,Single,1,Complained,16.0,1.0,2.0,2.0,126.57,Active,New (0-6 months),2
50246,1,0.0,Phone,Tier 3,18.0,Debit Card,Female,3.0,2,Mobile,4,Single,2,No Complaint,15.0,0.0,1.0,0.0,127.16,Churned,New (0-6 months),0
50247,0,9.0,Phone,Tier 1,29.0,Debit Card,Male,2.0,3,Mobile,2,Single,10,No Complaint,16.0,1.0,1.0,2.0,122.01,Active,Mid (6-12 months),1
50248,0,8.0,Mobile Phone,Tier 1,15.0,Debit Card,Male,3.0,4,Laptop & Accessory,4,Single,10,No Complaint,19.0,1.0,1.0,0.0,165.4,Active,Mid (6-12 months),0
50249,0,0.0,Phone,Tier 1,6.0,Credit Card,Male,2.0,3,Mobile Phone,4,Married,2,No Complaint,11.0,0.0,1.0,4.0,138.16,Active,New (0-6 months),0
50250,0,1.0,Mobile Phone,Tier 3,15.0,Debit Card,Male,3.0,3,Laptop & Accessory,2,Single,2,No Complaint,16.0,1.0,1.0,7.0,152.53,Active,New (0-6 months),1
50251,0,22.0,Phone,Tier 1,13.0,UPI,Male,2.0,4,Fashion,3,Single,9,No Complaint,24.0,1.0,1.0,0.0,145.0,Active,Loyal (12+ months),0
50252,0,24.0,Phone,Tier 3,20.0,Debit Card,Female,2.0,3,Laptop & Accessory,2,Divorced,5,No Complaint,11.0,0.0,1.0,7.0,149.36,Active,Loyal (12+ months),1
50253,0,9.0,Phone,Tier 1,14.0,Debit Card,Female,3.0,3,Mobile,3,Divorced,5,No Complaint,13.0,1.0,2.0,2.0,125.43,Active,Mid (6-12 months),0
50254,1,0.0,Computer,Tier 3,25.0,E wallet,Male,3.0,2,Laptop & Accessory,2,Single,9,Complained,13.0,1.0,1.0,4.0,153.04,Churned,New (0-6 months),3
50255,0,28.0,Mobile Phone,Tier 1,8.0,Debit Card,Female,3.0,3,Grocery,2,Single,3,Complained,13.0,1.0,1.0,2.0,266.59,Active,Loyal (12+ months),3
50256,0,0.0,Phone,Tier 3,16.0,E wallet,Female,3.0,3,Laptop & Accessory,3,Married,2,Complained,12.0,0.0,1.0,3.0,142.6,Active,New (0-6 months),2
50257,0,3.0,Phone,Tier 3,14.0,COD,Male,3.0,3,Mobile,4,Divorced,2,No Complaint,18.0,1.0,1.0,0.0,124.76,Active,New (0-6 months),0
50258,1,0.0,Computer,Tier 1,9.0,COD,Male,3.0,3,Mobile,5,Single,1,No Complaint,22.0,0.0,1.0,4.0,131.02,Churned,New (0-6 months),0
50259,0,9.0,Phone,Tier 1,17.0,CC,Female,2.0,3,Mobile,4,Divorced,2,No Complaint,13.0,1.0,1.0,2.0,122.44,Active,Mid (6-12 months),0
50260,0,9.0,Mobile Phone,Tier 3,8.0,Credit Card,Male,3.0,4,Fashion,3,Divorced,2,No Complaint,13.0,9.0,9.0,0.0,175.96,Active,Mid (6-12 months),0
50261,1,9.0,Computer,Tier 1,10.0,COD,Male,2.0,3,Mobile,2,Single,19,Complained,23.0,1.0,1.0,0.0,122.85,Churned,Mid (6-12 months),3
50262,0,10.0,Phone,Tier 1,20.0,Debit Card,Female,3.0,3,Mobile,5,Married,2,No Complaint,12.0,3.0,12.0,17.0,130.34,Active,Mid (6-12 months),0
50263,0,13.0,Mobile Phone,Tier 3,8.0,E wallet,Female,2.0,3,Laptop & Accessory,4,Married,8,No Complaint,12.0,0.0,1.0,3.0,157.15,Active,Loyal (12+ months),0
50264,0,15.0,Phone,Tier 1,14.0,Debit Card,Female,3.0,3,Mobile,5,Married,4,No Complaint,16.0,1.0,1.0,2.0,125.76,Active,Loyal (12+ months),0
50265,0,10.0,Phone,Tier 1,16.0,Debit Card,Male,2.0,3,Laptop & Accessory,4,Single,3,Complained,12.0,0.0,1.0,1.0,141.97,Active,Mid (6-12 months),2
50266,0,16.0,Mobile Phone,Tier 1,18.0,Debit Card,Male,2.0,4,Grocery,4,Married,2,No Complaint,11.0,0.0,2.0,9.0,243.36,Active,Loyal (12+ months),0
50267,0,13.0,Phone,Tier 1,8.0,CC,Female,3.0,4,Laptop & Accessory,3,Divorced,7,No Complaint,22.0,1.0,1.0,0.0,134.48,Active,Loyal (12+ months),0
50268,0,27.0,Mobile Phone,Tier 1,11.0,Credit Card,Male,2.0,3,Others,5,Divorced,5,No Complaint,15.0,1.0,1.0,2.0,294.06,Active,Loyal (12+ months),0
50269,0,7.0,Computer,Tier 3,10.0,E wallet,Female,3.0,3,Laptop & Accessory,3,Divorced,10,No Complaint,15.0,1.0,1.0,2.0,165.38,Active,Mid (6-12 months),0
50270,0,4.0,Phone,Tier 1,13.0,Credit Card,Female,2.0,3,Laptop & Accessory,5,Divorced,2,No Complaint,12.0,3.0,3.0,12.0,143.06,Active,New (0-6 months),0
50271,0,9.0,Computer,Tier 1,27.0,CC,Male,3.0,3,Mobile,2,Divorced,8,No Complaint,20.0,0.0,1.0,2.0,122.58,Active,Mid (6-12 months),1
50272,0,16.0,Phone,Tier 1,14.0,UPI,Female,3.0,3,Laptop & Accessory,3,Married,5,Complained,14.0,0.0,1.0,2.0,145.22,Active,Loyal (12+ months),2
50273,0,0.0,Phone,Tier 3,10.0,Debit Card,Female,2.0,4,Laptop & Accessory,2,Single,2,Complained,11.0,0.0,1.0,3.0,144.87,Active,New (0-6 months),3
50274,0,10.0,Computer,Tier 1,31.0,Credit Card,Female,3.0,3,Laptop & Accessory,3,Divorced,4,Complained,15.0,3.0,10.0,7.0,144.49,Active,Mid (6-12 months),2
50275,0,9.0,Phone,Tier 1,6.0,Debit Card,Male,3.0,4,Mobile,5,Divorced,2,No Complaint,12.0,0.0,3.0,2.0,122.18,Active,Mid (6-12 months),0
50276,0,12.0,Computer,Tier 1,6.0,Debit Card,Male,2.0,3,Others,3,Married,2,Complained,14.0,0.0,1.0,6.0,291.97,Active,Mid (6-12 months),2
50277,0,29.0,Computer,Tier 3,12.0,Debit Card,Female,2.0,2,Grocery,5,Divorced,10,No Complaint,11.0,2.0,2.0,7.0,232.12,Active,Loyal (12+ months),0
50278,0,3.0,Mobile Phone,Tier 3,18.0,COD,Female,2.0,3,Laptop & Accessory,3,Single,1,No Complaint,11.0,3.0,4.0,4.0,165.77,Active,New (0-6 months),0
50279,0,14.0,Mobile Phone,Tier 3,6.0,E wallet,Male,2.0,2,Fashion,5,Divorced,2,No Complaint,16.0,1.0,1.0,7.0,183.92,Active,Loyal (12+ months),0
50280,0,1.0,Phone,Tier 1,23.0,Credit Card,Male,3.0,3,Laptop & Accessory,5,Married,2,No Complaint,12.0,0.0,1.0,8.0,145.58,Active,New (0-6 months),0
50281,1,0.0,Phone,Tier 1,9.0,Credit Card,Male,3.0,3,Mobile Phone,5,Divorced,6,No Complaint,13.0,1.0,1.0,2.0,140.31,Churned,New (0-6 months),0
50282,0,25.0,Mobile Phone,Tier 1,9.0,Credit Card,Male,2.0,4,Fashion,3,Divorced,3,Complained,14.0,0.0,1.0,4.0,179.69,Active,Loyal (12+ months),2
50283,0,18.0,Phone,Tier 1,14.0,Debit Card,Male,3.0,3,Mobile,2,Divorced,4,No Complaint,21.0,1.0,1.0,2.0,126.54,Active,Loyal (12+ months),1
50284,0,25.0,Mobile Phone,Tier 1,10.0,Debit Card,Female,1.0,3,Grocery,2,Divorced,3,No Complaint,13.0,1.0,1.0,4.0,265.55,Active,Loyal (12+ months),1
50285,0,15.0,Computer,Tier 1,35.0,Debit Card,Female,3.0,3,Laptop & Accessory,3,Married,3,No Complaint,11.0,1.0,1.0,2.0,145.56,Active,Loyal (12+ months),0
50286,0,3.0,Mobile Phone,Tier 1,8.0,Debit Card,Female,2.0,5,Laptop & Accessory,2,Single,3,No Complaint,20.0,0.0,1.0,2.0,160.91,Active,New (0-6 months),1
50287,0,30.0,Mobile Phone,Tier 1,13.0,Debit Card,Female,2.0,3,Others,5,Divorced,6,No Complaint,15.0,0.0,11.0,10.0,295.66,Active,Loyal (12+ months),0
50288,0,19.0,Phone,Tier 1,24.0,Credit Card,Female,2.0,3,Laptop & Accessory,3,Married,3,No Complaint,14.0,0.0,1.0,8.0,148.1,Active,Loyal (12+ months),0
50289,0,15.0,Computer,Tier 1,34.0,COD,Female,2.0,4,Laptop & Accessory,2,Divorced,1,No Complaint,11.0,0.0,1.0,4.0,145.23,Active,Loyal (12+ months),1
50290,1,0.0,Phone,Tier 3,6.0,COD,Female,3.0,3,Mobile,4,Single,2,Complained,16.0,1.0,1.0,4.0,132.02,Churned,New (0-6 months),2
50291,1,0.0,Computer,Tier 3,14.0,E wallet,Female,2.0,5,Mobile,3,Married,1,No Complaint,16.0,1.0,1.0,0.0,123.51,Churned,New (0-6 months),0
50292,0,9.0,Computer,Tier 1,8.0,Debit Card,Male,2.0,3,Mobile Phone,2,Divorced,2,Complained,23.0,1.0,1.0,0.0,117.02,Active,Mid (6-12 months),3
50293,0,13.0,Mobile Phone,Tier 3,8.0,Debit Card,Female,3.0,3,Others,3,Divorced,1,No Complaint,14.0,1.0,1.0,12.0,280.41,Active,Loyal (12+ months),0
50294,0,0.0,Phone,Tier 1,29.0,Debit Card,Female,3.0,3,Mobile,2,Married,2,No Complaint,22.0,1.0,1.0,2.0,128.86,Active,New (0-6 months),1
50295,0,9.0,Computer,Tier 1,9.0,Debit Card,Male,2.0,3,Mobile,2,Divorced,5,No Complaint,15.0,0.0,1.0,4.0,120.97,Active,Mid (6-12 months),1
50296,0,2.0,Mobile Phone,Tier 1,9.0,Credit Card,Male,3.0,4,Fashion,3,Divorced,2,No Complaint,18.0,1.0,1.0,3.0,219.35,Active,New (0-6 months),0
50297,1,0.0,Phone,Tier 1,14.0,COD,Female,3.0,4,Mobile,4,Divorced,6,No Complaint,16.0,0.0,1.0,1.0,125.46,Churned,New (0-6 months),0
50298,1,0.0,Phone,Tier 2,14.0,COD,Male,2.0,4,Mobile,2,Single,2,No Complaint,12.0,1.0,1.0,0.0,125.64,Churned,New (0-6 months),1
50299,0,3.0,Computer,Tier 3,28.0,UPI,Female,3.0,3,Fashion,5,Divorced,1,No Complaint,11.0,2.0,7.0,8.0,184.12,Active,New (0-6 months),0
50300,0,30.0,Mobile Phone,Tier 3,35.0,E wallet,Male,2.0,4,Grocery,2,Married,4,No Complaint,12.0,0.0,2.0,0.0,241.18,Active,Loyal (12+ months),1
50301,0,23.0,Mobile Phone,Tier 1,35.0,Debit Card,Male,2.0,4,Grocery,3,Divorced,1,No Complaint,15.0,1.0,15.0,7.0,270.46,Active,Loyal (12+ months),0
50302,0,3.0,Computer,Tier 1,14.0,CC,Female,2.0,3,Mobile,2,Single,1,No Complaint,14.0,5.0,6.0,7.0,125.64,Active,New (0-6 months),1
50303,0,30.0,Computer,Tier 3,34.0,E wallet,Female,3.0,4,Fashion,5,Divorced,5,No Complaint,19.0,13.0,13.0,11.0,202.66,Active,Loyal (12+ months),0
50304,0,20.0,Mobile Phone,Tier 1,8.0,Credit Card,Female,3.0,3,Laptop & Accessory,2,Married,6,No Complaint,13.0,0.0,1.0,4.0,150.7,Active,Loyal (12+ months),1
50305,0,19.0,Mobile Phone,Tier 1,8.0,Debit Card,Male,2.0,3,Grocery,3,Divorced,7,No Complaint,13.0,1.0,1.0,1.0,278.61,Active,Loyal (12+ months),0
50306,0,8.0,Phone,Tier 1,28.0,Debit Card,Male,2.0,5,Mobile Phone,3,Single,1,No Complaint,15.0,2.0,4.0,3.0,142.3,Active,Mid (6-12 months),0
50307,0,27.0,Phone,Tier 1,14.0,Debit Card,Female,2.0,3,Laptop & Accessory,3,Single,8,No Complaint,11.0,1.0,1.0,0.0,137.8,Active,Loyal (12+ months),0
50308,0,7.0,Phone,Tier 1,8.0,Debit Card,Male,3.0,4,Mobile,3,Married,4,No Complaint,12.0,5.0,5.0,7.0,127.68,Active,Mid (6-12 months),0
50309,0,19.0,Mobile Phone,Tier 3,16.0,E wallet,Female,3.0,4,Fashion,2,Divorced,3,Complained,19.0,1.0,1.0,2.0,190.71,Active,Loyal (12+ months),3
50310,0,4.0,Mobile Phone,Tier 1,15.0,Debit Card,Male,2.0,3,Fashion,4,Married,2,No Complaint,25.0,1.0,1.0,8.0,206.48,Active,New (0-6 months),0
50311,1,0.0,Mobile Phone,Tier 1,21.0,Credit Card,Male,2.0,3,Fashion,3,Divorced,8,Complained,12.0,0.0,2.0,7.0,236.1,Churned,New (0-6 months),2
50312,1,0.0,Phone,Tier 1,16.0,CC,Male,2.0,5,Mobile,2,Married,8,No Complaint,13.0,0.0,1.0,3.0,134.08,Churned,New (0-6 months),1
50313,0,3.0,Phone,Tier 3,13.0,E wallet,Male,3.0,3,Mobile,4,Single,1,No Complaint,14.0,1.0,1.0,2.0,129.83,Active,New (0-6 months),0
50314,0,8.0,Mobile Phone,Tier 1,22.0,Debit Card,Male,3.0,3,Fashion,3,Divorced,5,Complained,12.0,0.0,1.0,0.0,176.32,Active,Mid (6-12 months),2
50315,1,0.0,Computer,Tier 1,26.0,Debit Card,Male,3.0,3,Fashion,3,Divorced,4,No Complaint,12.0,1.0,1.0,0.0,198.24,Churned,New (0-6 months),0
50316,1,0.0,Computer,Tier 2,29.0,UPI,Female,2.0,3,Fashion,5,Married,10,Complained,15.0,1.0,1.0,2.0,199.5,Churned,New (0-6 months),2
50317,0,9.0,Computer,Tier 1,11.0,UPI,Male,3.0,3,Mobile,3,Divorced,5,No Complaint,17.0,2.0,2.0,0.0,120.93,Active,Mid (6-12 months),0
50318,0,9.0,Computer,Tier 3,16.0,Credit Card,Male,2.0,3,Fashion,2,Single,2,No Complaint,14.0,1.0,9.0,7.0,199.8,Active,Mid (6-12 months),1
50319,1,0.0,Computer,Tier 1,10.0,COD,Male,2.0,4,Mobile Phone,3,Single,6,No Complaint,16.0,1.0,1.0,2.0,138.94,Churned,New (0-6 months),0
50320,0,21.0,Phone,Tier 3,8.0,E wallet,Female,2.0,3,Laptop & Accessory,2,Divorced,3,No Complaint,14.0,4.0,6.0,7.0,140.51,Active,Loyal (12+ months),1
50321,0,28.0,Mobile Phone,Tier 3,24.0,Debit Card,Female,2.0,3,Grocery,4,Single,4,No Complaint,23.0,1.0,7.0,7.0,268.35,Active,Loyal (12+ months),0
50322,0,14.0,Computer,Tier 3,16.0,Debit Card,Male,2.0,3,Laptop & Accessory,2,Single,8,No Complaint,14.0,0.0,1.0,10.0,162.3,Active,Loyal (12+ months),1
50323,0,8.0,Phone,Tier 3,6.0,E wallet,Male,2.0,3,Laptop & Accessory,3,Divorced,10,No Complaint,11.0,3.0,6.0,9.0,147.17,Active,Mid (6-12 months),0
50324,0,13.0,Mobile Phone,Tier 1,12.0,Debit Card,Female,3.0,3,Grocery,3,Single,8,No Complaint,15.0,4.0,2.0,13.0,232.37,Active,Loyal (12+ months),0
50325,0,12.0,Computer,Tier 1,14.0,Debit Card,Female,2.0,3,Mobile Phone,3,Divorced,2,No Complaint,11.0,0.0,1.0,7.0,137.55,Active,Mid (6-12 months),0
50326,0,4.0,Mobile Phone,Tier 3,8.0,Debit Card,Male,3.0,3,Laptop & Accessory,2,Single,5,Complained,13.0,1.0,1.0,5.0,165.82,Active,New (0-6 months),3
50327,0,15.0,Mobile Phone,Tier 1,30.0,Credit Card,Male,2.0,3,Fashion,5,Divorced,2,Complained,21.0,4.0,5.0,8.0,174.06,Active,Loyal (12+ months),2
50328,0,18.0,Phone,Tier 3,8.0,UPI,Male,3.0,3,Laptop & Accessory,4,Divorced,1,No Complaint,19.0,3.0,3.0,7.0,148.05,Active,Loyal (12+ months),0
50329,1,0.0,Computer,Tier 2,23.0,Debit Card,Female,3.0,3,Mobile,3,Married,1,Complained,11.0,0.0,1.0,0.0,127.41,Churned,New (0-6 months),2
50330,0,2.0,Phone,Tier 1,25.0,COD,Male,2.0,3,Laptop & Accessory,2,Married,5,No Complaint,12.0,0.0,1.0,2.0,142.62,Active,New (0-6 months),1
50331,0,6.0,Mobile Phone,Tier 1,6.0,Credit Card,Female,3.0,2,Grocery,3,Married,5,No Complaint,19.0,1.0,1.0,5.0,261.84,Active,New (0-6 months),0
50332,0,0.0,Mobile Phone,Tier 3,13.0,Debit Card,Male,2.0,4,Fashion,2,Married,10,No Complaint,21.0,1.0,1.0,3.0,215.57,Active,New (0-6 months),1
50333,1,9.0,Computer,Tier 3,11.0,E wallet,Male,3.0,3,Mobile Phone,4,Single,2,Complained,14.0,1.0,1.0,0.0,118.78,Churned,Mid (6-12 months),2
50334,0,13.0,Computer,Tier 3,34.0,UPI,Male,2.0,5,Fashion,5,Married,4,No Complaint,15.0,1.0,1.0,3.0,209.32,Active,Loyal (12+ months),0
50335,0,14.0,Computer,Tier 1,8.0,UPI,Female,3.0,4,Laptop & Accessory,3,Single,3,Complained,17.0,0.0,1.0,7.0,168.11,Active,Loyal (12+ months),2
50336,0,0.0,Phone,Tier 3,35.0,Credit Card,Male,2.0,3,Laptop & Accessory,3,Married,6,No Complaint,12.0,1.0,1.0,0.0,143.06,Active,New (0-6 months),0
50337,0,8.0,Phone,Tier 3,6.0,Credit Card,Female,3.0,3,Laptop & Accessory,3,Single,2,No Complaint,16.0,0.0,1.0,3.0,148.59,Active,Mid (6-12 months),0
50338,0,7.0,Mobile Phone,Tier 3,27.0,Debit Card,Male,3.0,2,Laptop & Accessory,2,Single,2,No Complaint,12.0,5.0,5.0,7.0,153.37,Active,Mid (6-12 months),1
50339,1,0.0,Phone,Tier 1,14.0,COD,Male,3.0,5,Mobile,2,Single,2,Complained,18.0,1.0,1.0,0.0,123.4,Churned,New (0-6 months),3
50340,0,10.0,Mobile Phone,Tier 1,6.0,COD,Female,2.0,3,Fashion,2,Single,5,No Complaint,17.0,1.0,1.0,2.0,174.91,Active,Mid (6-12 months),1
50341,0,19.0,Computer,Tier 1,24.0,Credit Card,Female,2.0,3,Fashion,3,Divorced,6,No Complaint,11.0,1.0,1.0,2.0,205.27,Active,Loyal (12+ months),0
50342,0,14.0,Mobile Phone,Tier 3,8.0,Debit Card,Female,3.0,3,Grocery,5,Divorced,8,No Complaint,16.0,1.0,11.0,8.0,265.95,Active,Loyal (12+ months),0
50343,0,10.0,Computer,Tier 3,15.0,Credit Card,Male,3.0,3,Fashion,4,Married,2,No Complaint,13.0,6.0,7.0,7.0,188.34,Active,Mid (6-12 months),0
50344,0,25.0,Mobile Phone,Tier 1,12.0,COD,Male,3.0,3,Laptop & Accessory,5,Married,4,Complained,12.0,2.0,6.0,9.0,155.77,Active,Loyal (12+ months),2
50345,1,0.0,Computer,Tier 3,17.0,UPI,Male,2.0,2,Laptop & Accessory,3,Divorced,9,No Complaint,12.0,1.0,1.0,2.0,147.07,Churned,New (0-6 months),0
50346,0,0.0,Computer,Tier 3,14.0,CC,Male,2.0,3,Mobile,2,Divorced,1,No Complaint,13.0,0.0,2.0,1.0,124.0,Active,New (0-6 months),1
50347,0,11.0,Mobile Phone,Tier 1,16.0,Credit Card,Female,3.0,3,Laptop & Accessory,3,Divorced,4,No Complaint,19.0,1.0,1.0,0.0,198.24,Active,Mid (6-12 months),0
50348,0,10.0,Mobile Phone,Tier 1,6.0,Debit Card,Female,3.0,3,Laptop & Accessory,4,Divorced,7,No Complaint,12.0,3.0,4.0,3.0,164.47,Active,Mid (6-12 months),0
50349,0,22.0,Mobile Phone,Tier 1,24.0,Debit Card,Male,2.0,4,Others,3,Married,2,Complained,15.0,0.0,1.0,9.0,295.02,Active,Loyal (12+ months),2
50350,0,0.0,Phone,Tier 1,29.0,CC,Male,3.0,2,Mobile,2,Divorced,2,Complained,11.0,0.0,1.0,4.0,127.25,Active,New (0-6 months),3
50351,0,0.0,Mobile Phone,Tier 3,34.0,E wallet,Male,3.0,3,Laptop & Accessory,4,Divorced,2,No Complaint,20.0,1.0,1.0,4.0,162.72,Active,New (0-6 months),0
50352,0,9.0,Phone,Tier 1,23.0,UPI,Male,3.0,4,Mobile,4,Divorced,2,No Complaint,21.0,1.0,1.0,0.0,121.27,Active,Mid (6-12 months),0
50353,0,23.0,Computer,Tier 2,9.0,Credit Card,Male,2.0,3,Others,4,Divorced,2,No Complaint,11.0,1.0,10.0,7.0,282.0,Active,Loyal (12+ months),0
50354,0,9.0,Phone,Tier 3,19.0,CC,Male,2.0,3,Mobile,3,Divorced,2,No Complaint,11.0,1.0,1.0,6.0,120.96,Active,Mid (6-12 months),0
50355,1,0.0,Computer,Tier 1,13.0,Debit Card,Female,3.0,3,Mobile,3,Divorced,2,Complained,16.0,0.0,1.0,2.0,128.86,Churned,New (0-6 months),2
50356,1,9.0,Computer,Tier 3,18.0,Debit Card,Male,3.0,4,Mobile,5,Divorced,2,No Complaint,18.0,1.0,1.0,0.0,120.33,Churned,Mid (6-12 months),0
50357,0,7.0,Phone,Tier 1,6.0,Debit Card,Male,2.0,4,Mobile Phone,2,Divorced,2,Complained,13.0,0.0,1.0,3.0,136.22,Active,Mid (6-12 months),3
50358,1,0.0,Phone,Tier 3,19.0,Credit Card,Male,2.0,3,Laptop & Accessory,5,Married,3,No Complaint,17.0,0.0,1.0,2.0,142.33,Churned,New (0-6 months),0
50359,0,8.0,Phone,Tier 1,31.0,UPI,Male,2.0,4,Laptop & Accessory,2,Single,5,No Complaint,14.0,0.0,1.0,2.0,136.81,Active,Mid (6-12 months),1
50360,0,4.0,Mobile Phone,Tier 3,12.0,Credit Card,Male,3.0,2,Laptop & Accessory,2,Married,5,No Complaint,22.0,3.0,5.0,7.0,154.6,Active,New (0-6 months),1
50361,0,9.0,Phone,Tier 1,12.0,CC,Female,3.0,4,Mobile,3,Married,1,No Complaint,12.0,1.0,1.0,3.0,121.87,Active,Mid (6-12 months),0
50362,0,10.0,Mobile Phone,Tier 3,8.0,E wallet,Male,3.0,3,Laptop & Accessory,3,Divorced,5,Complained,11.0,0.0,1.0,0.0,196.02,Active,Mid (6-12 months),2
50363,0,0.0,Phone,Tier 1,6.0,Debit Card,Female,3.0,4,Mobile,4,Single,2,No Complaint,13.0,1.0,1.0,0.0,128.36,Active,New (0-6 months),0
50364,0,15.0,Phone,Tier 1,8.0,Debit Card,Female,2.0,3,Laptop & Accessory,2,Divorced,2,No Complaint,13.0,2.0,2.0,2.0,140.89,Active,Loyal (12+ months),1
50365,0,16.0,Mobile Phone,Tier 1,12.0,UPI,Male,2.0,4,Grocery,2,Married,5,Complained,14.0,1.0,1.0,0.0,266.27,Active,Loyal (12+ months),3
50366,0,11.0,Phone,Tier 1,14.0,Debit Card,Female,2.0,3,Mobile,5,Single,4,No Complaint,17.0,1.0,1.0,0.0,126.19,Active,Mid (6-12 months),0
50367,0,16.0,Computer,Tier 1,15.0,Credit Card,Male,3.0,3,Laptop & Accessory,3,Married,4,Complained,13.0,2.0,4.0,7.0,156.79,Active,Loyal (12+ months),2
50368,0,21.0,Mobile Phone,Tier 1,6.0,Debit Card,Female,2.0,4,Grocery,5,Divorced,8,No Complaint,11.0,0.0,2.0,2.0,254.02,Active,Loyal (12+ months),0
50369,0,17.0,Mobile Phone,Tier 2,6.0,Debit Card,Female,2.0,4,Laptop & Accessory,3,Single,5,No Complaint,11.0,1.0,1.0,2.0,159.85,Active,Loyal (12+ months),0
50370,0,7.0,Phone,Tier 3,14.0,COD,Female,2.0,3,Mobile,3,Married,2,Complained,18.0,1.0,1.0,6.0,125.79,Active,Mid (6-12 months),2
50371,1,0.0,Phone,Tier 3,8.0,E wallet,Male,3.0,3,Mobile,5,Married,1,No Complaint,11.0,0.0,1.0,2.0,130.41,Churned,New (0-6 months),0
50372,0,0.0,Phone,Tier 3,28.0,COD,Male,2.0,3,Mobile,3,Single,2,No Complaint,11.0,1.0,1.0,2.0,134.47,Active,New (0-6 months),0
50373,0,17.0,Mobile Phone,Tier 1,9.0,UPI,Male,2.0,3,Others,2,Divorced,5,Complained,15.0,1.0,1.0,1.0,295.13,Active,Loyal (12+ months),3
50374,0,0.0,Phone,Tier 1,12.0,CC,Male,3.0,3,Mobile,3,Divorced,1,No Complaint,20.0,2.0,2.0,2.0,127.73,Active,New (0-6 months),0
50375,0,6.0,Mobile Phone,Tier 3,14.0,E wallet,Male,2.0,3,Laptop & Accessory,3,Married,1,No Complaint,12.0,1.0,1.0,2.0,171.04,Active,New (0-6 months),0
50376,0,5.0,Mobile Phone,Tier 1,15.0,Debit Card,Female,3.0,3,Laptop & Accessory,2,Divorced,2,Complained,12.0,1.0,1.0,5.0,163.22,Active,New (0-6 months),3
50377,0,9.0,Computer,Tier 1,9.0,CC,Female,3.0,3,Mobile,3,Married,2,No Complaint,20.0,1.0,1.0,0.0,120.83,Active,Mid (6-12 months),0
50378,0,26.0,Mobile Phone,Tier 3,6.0,Credit Card,Female,2.0,3,Laptop & Accessory,5,Single,8,No Complaint,20.0,6.0,8.0,10.0,183.81,Active,Loyal (12+ months),0
50379,0,7.0,Phone,Tier 1,6.0,Debit Card,Male,3.0,3,Mobile,2,Divorced,2,No Complaint,12.0,6.0,8.0,8.0,126.91,Active,Mid (6-12 months),1
50380,1,8.0,Computer,Tier 3,32.0,Debit Card,Female,3.0,3,Laptop & Accessory,5,Divorced,3,No Complaint,14.0,0.0,1.0,0.0,142.86,Churned,Mid (6-12 months),0
50381,0,0.0,Phone,Tier 1,12.0,Debit Card,Female,3.0,3,Mobile,2,Divorced,2,Complained,13.0,0.0,1.0,2.0,126.59,Active,New (0-6 months),3
50382,0,10.0,Mobile Phone,Tier 1,9.0,UPI,Male,2.0,3,Fashion,3,Divorced,2,No Complaint,15.0,6.0,7.0,8.0,194.34,Active,Mid (6-12 months),0
50383,0,2.0,Mobile Phone,Tier 3,9.0,Credit Card,Female,3.0,3,Laptop & Accessory,3,Divorced,2,No Complaint,14.0,0.0,1.0,2.0,155.61,Active,New (0-6 months),0
50384,0,8.0,Mobile Phone,Tier 1,12.0,Debit Card,Male,2.0,5,Laptop & Accessory,2,Single,2,No Complaint,13.0,11.0,11.0,8.0,166.46,Active,Mid (6-12 months),1
50385,0,6.0,Computer,Tier 1,12.0,Debit Card,Male,1.0,3,Laptop & Accessory,2,Married,4,No Complaint,23.0,4.0,4.0,7.0,177.25,Active,New (0-6 months),1
50386,0,27.0,Mobile Phone,Tier 2,25.0,Credit Card,Male,2.0,3,Fashion,4,Divorced,3,No Complaint,15.0,3.0,7.0,1.0,207.25,Active,Loyal (12+ months),0
50387,0,9.0,Mobile Phone,Tier 1,15.0,Credit Card,Male,2.0,4,Laptop & Accessory,4,Married,3,Complained,11.0,1.0,1.0,2.0,188.47,Active,Mid (6-12 months),2
50388,0,9.0,Phone,Tier 1,9.0,CC,Male,2.0,4,Mobile,2,Single,1,No Complaint,13.0,0.0,1.0,1.0,120.45,Active,Mid (6-12 months),1
50389,1,0.0,Mobile Phone,Tier 1,16.0,Credit Card,Male,2.0,3,Mobile Phone,3,Single,2,Complained,11.0,0.0,1.0,1.0,110.09,Churned,New (0-6 months),2
50390,1,0.0,Computer,Tier 1,9.0,Debit Card,Male,3.0,3,Mobile,5,Single,2,Complained,11.0,9.0,9.0,7.0,133.48,Churned,New (0-6 months),2
50391,0,9.0,Computer,Tier 1,9.0,Debit Card,Male,2.0,4,Mobile Phone,3,Divorced,2,No Complaint,18.0,1.0,1.0,0.0,112.81,Active,Mid (6-12 months),0
50392,0,0.0,Phone,Tier 1,10.0,CC,Male,3.0,2,Mobile,5,Divorced,3,No Complaint,16.0,0.0,1.0,2.0,128.19,Active,New (0-6 months),0
50393,0,0.0,Phone,Tier 3,14.0,Debit Card,Male,2.0,2,Laptop & Accessory,4,Divorced,1,No Complaint,22.0,0.0,1.0,2.0,148.51,Active,New (0-6 months),0
50394,0,11.0,Phone,Tier 3,13.0,E wallet,Female,2.0,4,Laptop & Accessory,2,Single,1,No Complaint,20.0,1.0,1.0,5.0,140.28,Active,Mid (6-12 months),1
50395,0,2.0,Computer,Tier 1,6.0,Debit Card,Male,3.0,5,Mobile,2,Married,2,No Complaint,18.0,2.0,2.0,8.0,127.2,Active,New (0-6 months),1
50396,0,21.0,Mobile Phone,Tier 3,8.0,E wallet,Male,2.0,2,Laptop & Accessory,4,Divorced,4,No Complaint,12.0,2.0,2.0,2.0,181.2,Active,Loyal (12+ months),0
50397,0,0.0,Computer,Tier 3,9.0,Credit Card,Female,3.0,2,Laptop & Accessory,2,Married,2,Complained,20.0,1.0,1.0,4.0,146.47,Active,New (0-6 months),3
50398,0,10.0,Phone,Tier 1,16.0,Debit Card,Male,3.0,2,Mobile Phone,2,Single,4,No Complaint,17.0,1.0,1.0,0.0,146.8,Active,Mid (6-12 months),1
50399,0,23.0,Phone,Tier 1,34.0,CC,Male,3.0,2,Mobile,3,Divorced,2,Complained,11.0,3.0,3.0,8.0,132.21,Active,Loyal (12+ months),2
50400,0,7.0,Mobile Phone,Tier 1,15.0,Credit Card,Female,2.0,4,Fashion,4,Single,2,No Complaint,14.0,4.0,7.0,7.0,186.21,Active,Mid (6-12 months),0
50401,1,0.0,Phone,Tier 3,9.0,Debit Card,Female,3.0,3,Laptop & Accessory,3,Single,10,No Complaint,14.0,1.0,2.0,0.0,145.77,Churned,New (0-6 months),0
50402,0,12.0,Phone,Tier 1,8.0,COD,Female,3.0,4,Laptop & Accessory,3,Single,2,No Complaint,11.0,2.0,11.0,10.0,145.53,Active,Mid (6-12 months),0
50403,0,5.0,Mobile Phone,Tier 3,16.0,E wallet,Male,2.0,3,Laptop & Accessory,2,Single,2,No Complaint,12.0,0.0,1.0,8.0,153.96,Active,New (0-6 months),1
50404,1,13.0,Computer,Tier 3,14.0,COD,Male,2.0,3,Laptop & Accessory,3,Divorced,4,Complained,14.0,1.0,1.0,3.0,167.96,Churned,Loyal (12+ months),2
50405,0,11.0,Mobile Phone,Tier 1,6.0,Debit Card,Female,2.0,2,Laptop & Accessory,2,Single,1,No Complaint,13.0,1.0,1.0,8.0,176.25,Active,Mid (6-12 months),1
50406,0,0.0,Mobile Phone,Tier 1,6.0,Debit Card,Female,3.0,3,Fashion,5,Divorced,2,No Complaint,11.0,1.0,1.0,7.0,174.12,Active,New (0-6 months),0
50407,0,5.0,Mobile Phone,Tier 1,9.0,Debit Card,Female,2.0,3,Fashion,2,Single,4,No Complaint,15.0,3.0,7.0,3.0,211.59,Active,New (0-6 months),1
50408,0,20.0,Mobile Phone,Tier 3,20.0,E wallet,Male,2.0,3,Laptop & Accessory,5,Single,3,No Complaint,12.0,0.0,1.0,7.0,149.6,Active,Loyal (12+ months),0
50409,0,13.0,Computer,Tier 3,11.0,Debit Card,Male,2.0,4,Fashion,5,Divorced,6,Complained,21.0,0.0,1.0,12.0,204.75,Active,Loyal (12+ months),2
50410,0,26.0,Mobile Phone,Tier 1,13.0,Debit Card,Male,2.0,2,Grocery,3,Divorced,4,No Complaint,19.0,0.0,2.0,3.0,248.14,Active,Loyal (12+ months),0
50411,0,14.0,Mobile Phone,Tier 2,16.0,UPI,Male,3.0,4,Others,2,Married,4,No Complaint,15.0,1.0,12.0,6.0,291.41,Active,Loyal (12+ months),1
50412,0,30.0,Mobile Phone,Tier 3,22.0,E wallet,Male,2.0,3,Laptop & Accessory,5,Single,9,No Complaint,14.0,1.0,2.0,2.0,154.05,Active,Loyal (12+ months),0
50413,0,0.0,Computer,Tier 1,16.0,Debit Card,Male,2.0,3,Fashion,5,Married,2,No Complaint,21.0,1.0,1.0,7.0,187.93,Active,New (0-6 months),0
50414,0,14.0,Mobile Phone,Tier 2,6.0,UPI,Male,2.0,4,Others,3,Divorced,2,No Complaint,12.0,1.0,2.0,10.0,291.89,Active,Loyal (12+ months),0
50415,0,23.0,Phone,Tier 3,14.0,E wallet,Male,2.0,3,Mobile Phone,4,Divorced,8,No Complaint,15.0,1.0,2.0,2.0,138.75,Active,Loyal (12+ months),0
50416,1,9.0,Phone,Tier 1,6.0,Debit Card,Female,3.0,5,Mobile,4,Single,8,Complained,13.0,1.0,3.0,7.0,122.16,Churned,Mid (6-12 months),2
50417,0,9.0,Computer,Tier 1,14.0,Debit Card,Female,3.0,2,Fashion,5,Divorced,10,No Complaint,14.0,0.0,1.0,3.0,217.13,Active,Mid (6-12 months),0
50418,0,11.0,Mobile Phone,Tier 1,6.0,Debit Card,Female,2.0,3,Fashion,3,Single,5,Complained,14.0,0.0,1.0,0.0,178.61,Active,Mid (6-12 months),2
50419,0,17.0,Computer,Tier 1,30.0,Credit Card,Male,2.0,5,Mobile Phone,3,Single,3,No Complaint,14.0,0.0,1.0,4.0,137.08,Active,Loyal (12+ months),0
50420,0,20.0,Computer,Tier 3,9.0,Credit Card,Female,2.0,3,Grocery,3,Married,10,Complained,12.0,7.0,2.0,13.0,237.7,Active,Loyal (12+ months),2
50421,0,3.0,Mobile Phone,Tier 3,33.0,E wallet,Male,2.0,3,Laptop & Accessory,2,Married,8,No Complaint,23.0,4.0,7.0,7.0,153.04,Active,New (0-6 months),1
50422,0,2.0,Phone,Tier 3,14.0,Debit Card,Male,2.0,3,Mobile,3,Single,2,No Complaint,11.0,0.0,1.0,0.0,126.42,Active,New (0-6 months),0
50423,1,5.0,Computer,Tier 1,25.0,CC,Male,3.0,2,Mobile,3,Married,7,Complained,12.0,2.0,2.0,2.0,127.59,Churned,New (0-6 months),2
50424,0,16.0,Computer,Tier 3,21.0,Debit Card,Male,2.0,4,Laptop & Accessory,2,Divorced,4,No Complaint,18.0,0.0,2.0,2.0,168.04,Active,Loyal (12+ months),1
50425,0,7.0,Mobile Phone,Tier 1,14.0,Credit Card,Female,3.0,3,Laptop & Accessory,3,Single,4,No Complaint,11.0,1.0,4.0,3.0,161.42,Active,Mid (6-12 months),0
50426,0,0.0,Phone,Tier 1,14.0,CC,Male,2.0,3,Mobile,5,Divorced,2,No Complaint,14.0,0.0,1.0,2.0,125.0,Active,New (0-6 months),0
50427,0,12.0,Mobile Phone,Tier 2,9.0,UPI,Female,2.0,2,Laptop & Accessory,4,Divorced,10,No Complaint,15.0,3.0,3.0,6.0,163.89,Active,Mid (6-12 months),0
50428,0,29.0,Mobile Phone,Tier 1,15.0,Credit Card,Male,2.0,3,Grocery,2,Divorced,8,No Complaint,11.0,0.0,1.0,3.0,211.03,Active,Loyal (12+ months),1
50429,0,13.0,Phone,Tier 1,14.0,CC,Female,2.0,4,Mobile,2,Single,1,Complained,20.0,2.0,2.0,3.0,123.42,Active,Loyal (12+ months),3
50430,0,0.0,Mobile Phone,Tier 1,13.0,Credit Card,Female,2.0,4,Laptop & Accessory,5,Single,9,No Complaint,19.0,1.0,1.0,7.0,168.11,Active,New (0-6 months),0
50431,0,9.0,Phone,Tier 3,16.0,E wallet,Male,2.0,3,Mobile,4,Married,2,No Complaint,14.0,0.0,2.0,2.0,122.97,Active,Mid (6-12 months),0
50432,0,26.0,Phone,Tier 1,14.0,Debit Card,Male,2.0,3,Laptop & Accessory,2,Single,3,No Complaint,17.0,1.0,2.0,2.0,124.5,Active,Loyal (12+ months),1
50433,0,8.0,Computer,Tier 1,8.0,Debit Card,Female,3.0,3,Laptop & Accessory,5,Married,3,No Complaint,11.0,0.0,1.0,0.0,150.93,Active,Mid (6-12 months),0
50434,0,5.0,Computer,Tier 1,30.0,Debit Card,Male,3.0,3,Laptop & Accessory,2,Divorced,2,No Complaint,15.0,2.0,4.0,7.0,153.09,Active,New (0-6 months),1
50435,0,11.0,Phone,Tier 1,8.0,CC,Male,3.0,3,Mobile,3,Divorced,7,Complained,13.0,0.0,1.0,1.0,130.57,Active,Mid (6-12 months),2
50436,0,7.0,Mobile Phone,Tier 1,14.0,Debit Card,Female,2.0,3,Laptop & Accessory,5,Married,4,No Complaint,14.0,1.0,1.0,0.0,151.21,Active,Mid (6-12 months),0
50437,0,25.0,Mobile Phone,Tier 3,9.0,E wallet,Male,2.0,4,Grocery,5,Divorced,2,No Complaint,11.0,1.0,1.0,16.0,268.56,Active,Loyal (12+ months),0
50438,1,0.0,Phone,Tier 1,6.0,UPI,Male,3.0,3,Mobile,2,Single,2,Complained,13.0,5.0,7.0,8.0,126.86,Churned,New (0-6 months),3
50439,0,0.0,Mobile Phone,Tier 3,32.0,Credit Card,Female,2.0,3,Laptop & Accessory,2,Single,2,No Complaint,23.0,0.0,1.0,4.0,161.8,Active,New (0-6 months),1
50440,0,18.0,Mobile Phone,Tier 3,8.0,COD,Male,2.0,5,Laptop & Accessory,3,Single,1,No Complaint,13.0,0.0,3.0,1.0,166.32,Active,Loyal (12+ months),0
50441,0,0.0,Phone,Tier 1,16.0,Credit Card,Male,3.0,2,Mobile,3,Single,2,No Complaint,18.0,1.0,1.0,2.0,135.05,Active,New (0-6 months),0
50442,1,10.0,Computer,Tier 3,33.0,Debit Card,Female,3.0,1,Laptop & Accessory,3,Single,5,Complained,12.0,1.0,1.0,3.0,163.97,Churned,Mid (6-12 months),2
50443,0,7.0,Mobile Phone,Tier 3,8.0,UPI,Male,2.0,3,Laptop & Accessory,2,Single,2,No Complaint,22.0,0.0,1.0,4.0,162.74,Active,Mid (6-12 months),1
50444,1,18.0,Mobile Phone,Tier 1,8.0,Credit Card,Male,3.0,3,Others,5,Divorced,6,Complained,15.0,1.0,1.0,4.0,298.59,Churned,Loyal (12+ months),2
50445,0,9.0,Computer,Tier 3,14.0,Debit Card,Male,3.0,4,Fashion,5,Single,2,No Complaint,15.0,0.0,1.0,9.0,175.87,Active,Mid (6-12 months),0
50446,0,25.0,Computer,Tier 1,25.0,Credit Card,Male,2.0,3,Mobile Phone,2,Divorced,1,No Complaint,18.0,1.0,1.0,2.0,142.58,Active,Loyal (12+ months),1
50447,0,0.0,Computer,Tier 1,6.0,Debit Card,Female,3.0,5,Mobile Phone,2,Married,4,No Complaint,14.0,2.0,2.0,0.0,143.64,Active,New (0-6 months),1
50448,0,2.0,Phone,Tier 1,33.0,Credit Card,Female,3.0,3,Laptop & Accessory,3,Divorced,5,No Complaint,12.0,1.0,1.0,1.0,143.35,Active,New (0-6 months),0
50449,1,0.0,Mobile Phone,Tier 3,14.0,COD,Male,2.0,4,Laptop & Accessory,5,Single,7,No Complaint,17.0,1.0,1.0,2.0,153.26,Churned,New (0-6 months),0
50450,0,7.0,Phone,Tier 1,6.0,Debit Card,Female,3.0,1,Mobile,2,Single,3,No Complaint,16.0,0.0,1.0,3.0,132.8,Active,Mid (6-12 months),1
50451,0,27.0,Mobile Phone,Tier 1,25.0,Credit Card,Female,3.0,3,Laptop & Accessory,5,Married,10,Complained,11.0,0.0,1.0,4.0,154.85,Active,Loyal (12+ months),2
50452,0,2.0,Computer,Tier 3,5.0,E wallet,Male,2.0,3,Laptop & Accessory,2,Divorced,1,No Complaint,19.0,0.0,1.0,1.0,143.42,Active,New (0-6 months),1
50453,0,10.0,Phone,Tier 1,16.0,Debit Card,Female,3.0,3,Mobile,5,Married,1,Complained,13.0,3.0,4.0,3.0,127.82,Active,Mid (6-12 months),2
50454,0,11.0,Computer,Tier 1,8.0,Debit Card,Female,3.0,1,Laptop & Accessory,5,Single,7,Complained,12.0,4.0,4.0,12.0,159.8,Active,Mid (6-12 months),2
50455,0,7.0,Phone,Tier 1,8.0,Credit Card,Female,2.0,4,Mobile Phone,5,Single,2,No Complaint,11.0,1.0,1.0,3.0,143.81,Active,Mid (6-12 months),0
50456,0,8.0,Phone,Tier 3,14.0,Debit Card,Female,3.0,3,Mobile,2,Divorced,2,No Complaint,16.0,0.0,1.0,2.0,125.72,Active,Mid (6-12 months),1
50457,0,3.0,Phone,Tier 1,6.0,Debit Card,Male,2.0,5,Mobile Phone,3,Divorced,4,No Complaint,21.0,1.0,1.0,2.0,138.33,Active,New (0-6 months),0
50458,0,13.0,Computer,Tier 1,8.0,Credit Card,Female,2.0,1,Laptop & Accessory,4,Divorced,2,No Complaint,24.0,0.0,3.0,7.0,142.44,Active,Loyal (12+ months),0
50459,0,7.0,Mobile Phone,Tier 3,14.0,Debit Card,Female,3.0,3,Laptop & Accessory,5,Divorced,6,No Complaint,17.0,1.0,1.0,2.0,165.0,Active,Mid (6-12 months),0
50460,0,15.0,Computer,Tier 1,14.0,Debit Card,Male,3.0,3,Others,2,Married,2,No Complaint,13.0,1.0,14.0,9.0,284.3,Active,Loyal (12+ months),1
50461,1,9.0,Mobile Phone,Tier 1,12.0,Debit Card,Male,3.0,1,Mobile Phone,5,Divorced,2,Complained,21.0,1.0,1.0,0.0,116.01,Churned,Mid (6-12 months),2
50462,0,0.0,Computer,Tier 1,15.0,Debit Card,Male,3.0,4,Mobile,4,Married,2,No Complaint,11.0,1.0,1.0,0.0,126.94,Active,New (0-6 months),0
50463,0,25.0,Phone,Tier 1,17.0,Debit Card,Female,3.0,3,Laptop & Accessory,3,Divorced,9,No Complaint,20.0,1.0,1.0,4.0,131.49,Active,Loyal (12+ months),0
50464,0,23.0,Mobile Phone,Tier 1,8.0,Credit Card,Male,3.0,3,Grocery,3,Divorced,6,No Complaint,16.0,1.0,1.0,3.0,276.39,Active,Loyal (12+ months),0
50465,1,0.0,Phone,Tier 1,14.0,Debit Card,Female,2.0,4,Mobile,5,Divorced,2,Complained,11.0,0.0,1.0,0.0,123.19,Churned,New (0-6 months),2
50466,0,6.0,Mobile Phone,Tier 1,13.0,Credit Card,Male,2.0,3,Fashion,3,Divorced,1,No Complaint,11.0,0.0,3.0,3.0,216.91000000000005,Active,New (0-6 months),0
50467,1,0.0,Mobile Phone,Tier 3,22.0,E wallet,Female,3.0,3,Laptop & Accessory,5,Single,6,No Complaint,15.0,1.0,1.0,2.0,153.24,Churned,New (0-6 months),0
50468,0,20.0,Mobile Phone,Tier 1,8.0,UPI,Female,2.0,3,Grocery,2,Divorced,2,Complained,11.0,1.0,3.0,0.0,267.52,Active,Loyal (12+ months),3
50469,0,9.0,Mobile Phone,Tier 1,6.0,UPI,Female,2.0,3,Laptop & Accessory,4,Divorced,1,No Complaint,15.0,0.0,1.0,5.0,152.28,Active,Mid (6-12 months),0
50470,0,2.0,Phone,Tier 1,29.0,Debit Card,Male,3.0,1,Mobile,3,Divorced,2,No Complaint,24.0,1.0,1.0,7.0,127.0,Active,New (0-6 months),0
50471,1,20.0,Mobile Phone,Tier 1,8.0,Debit Card,Male,2.0,3,Others,4,Single,8,Complained,15.0,5.0,13.0,8.0,292.46,Churned,Loyal (12+ months),2
50472,0,8.0,Phone,Tier 1,14.0,Debit Card,Female,2.0,1,Mobile,3,Single,4,No Complaint,13.0,0.0,2.0,2.0,125.06,Active,Mid (6-12 months),0
50473,0,15.0,Mobile Phone,Tier 1,6.0,Debit Card,Female,2.0,4,Laptop & Accessory,2,Divorced,10,Complained,13.0,0.0,1.0,2.0,160.62,Active,Loyal (12+ months),3
50474,1,0.0,Phone,Tier 1,8.0,Credit Card,Male,2.0,3,Mobile Phone,3,Single,7,No Complaint,17.0,0.0,2.0,1.0,143.82,Churned,New (0-6 months),0
50475,0,9.0,Phone,Tier 2,19.0,UPI,Male,2.0,3,Mobile,4,Divorced,4,No Complaint,13.0,1.0,1.0,4.0,121.43,Active,Mid (6-12 months),0
50476,0,5.0,Mobile Phone,Tier 1,10.0,Debit Card,Female,3.0,4,Laptop & Accessory,3,Divorced,2,No Complaint,12.0,1.0,6.0,8.0,161.62,Active,New (0-6 months),0
50477,0,13.0,Computer,Tier 1,22.0,Credit Card,Male,2.0,4,Laptop & Accessory,3,Single,7,No Complaint,14.0,1.0,1.0,0.0,150.94,Active,Loyal (12+ months),0
50478,0,3.0,Mobile Phone,Tier 1,8.0,Credit Card,Female,2.0,4,Laptop & Accessory,2,Single,6,Complained,24.0,1.0,1.0,0.0,168.77,Active,New (0-6 months),3
50479,0,9.0,Phone,Tier 1,8.0,Debit Card,Female,3.0,4,Mobile,3,Single,2,No Complaint,14.0,1.0,1.0,0.0,122.74,Active,Mid (6-12 months),0
50480,0,15.0,Phone,Tier 1,35.0,Debit Card,Male,3.0,3,Laptop & Accessory,4,Divorced,2,No Complaint,13.0,2.0,7.0,8.0,144.34,Active,Loyal (12+ months),0
50481,0,11.0,Computer,Tier 1,18.0,Debit Card,Male,2.0,4,Laptop & Accessory,5,Married,3,No Complaint,15.0,1.0,1.0,2.0,162.88,Active,Mid (6-12 months),0
50482,0,7.0,Computer,Tier 1,14.0,Debit Card,Female,3.0,4,Mobile,2,Single,2,No Complaint,16.0,1.0,1.0,3.0,125.53,Active,Mid (6-12 months),1
50483,1,12.0,Mobile Phone,Tier 3,17.0,E wallet,Female,2.0,3,Fashion,2,Divorced,2,No Complaint,18.0,0.0,7.0,7.0,176.54,Churned,Mid (6-12 months),1
50484,1,18.0,Mobile Phone,Tier 3,8.0,Credit Card,Male,2.0,3,Laptop & Accessory,2,Single,5,No Complaint,16.0,0.0,7.0,3.0,151.6,Churned,Loyal (12+ months),1
50485,0,16.0,Mobile Phone,Tier 1,20.0,Debit Card,Male,3.0,3,Grocery,5,Divorced,7,No Complaint,24.0,1.0,1.0,0.0,271.59,Active,Loyal (12+ months),0
50486,0,0.0,Mobile Phone,Tier 1,11.0,Cash on Delivery,Male,2.0,4,Fashion,2,Married,2,Complained,16.0,0.0,1.0,3.0,228.08,Active,New (0-6 months),3
50487,0,8.0,Mobile Phone,Tier 1,13.0,UPI,Male,2.0,3,Fashion,3,Single,4,No Complaint,21.0,0.0,1.0,6.0,202.21,Active,Mid (6-12 months),0
50488,0,1.0,Phone,Tier 3,8.0,E wallet,Female,2.0,3,Laptop & Accessory,4,Divorced,2,Complained,20.0,7.0,7.0,5.0,147.79,Active,New (0-6 months),2
50489,0,7.0,Phone,Tier 2,9.0,UPI,Male,2.0,3,Mobile Phone,2,Divorced,1,No Complaint,19.0,1.0,1.0,2.0,137.37,Active,Mid (6-12 months),1
50490,1,0.0,Computer,Tier 1,14.0,CC,Female,2.0,4,Mobile,3,Divorced,2,Complained,14.0,0.0,1.0,7.0,123.66,Churned,New (0-6 months),2
50491,0,9.0,Computer,Tier 1,9.0,Credit Card,Male,2.0,3,Mobile Phone,2,Divorced,2,No Complaint,11.0,1.0,1.0,0.0,117.06,Active,Mid (6-12 months),1
50492,0,24.0,Mobile Phone,Tier 3,32.0,E wallet,Female,3.0,3,Grocery,3,Divorced,3,No Complaint,14.0,1.0,4.0,17.0,263.07,Active,Loyal (12+ months),0
50493,0,17.0,Mobile Phone,Tier 1,10.0,Credit Card,Male,2.0,3,Laptop & Accessory,4,Single,10,No Complaint,12.0,1.0,2.0,3.0,159.33,Active,Loyal (12+ months),0
50494,0,0.0,Phone,Tier 1,8.0,CC,Male,3.0,1,Mobile,5,Single,8,No Complaint,13.0,1.0,1.0,1.0,134.24,Active,New (0-6 months),0
50495,0,6.0,Phone,Tier 3,6.0,Credit Card,Male,2.0,1,Laptop & Accessory,5,Married,2,No Complaint,22.0,0.0,1.0,8.0,140.37,Active,New (0-6 months),0
50496,0,8.0,Phone,Tier 1,14.0,CC,Female,2.0,4,Mobile,5,Single,2,No Complaint,11.0,1.0,1.0,1.0,125.59,Active,Mid (6-12 months),0
50497,0,9.0,Mobile Phone,Tier 3,6.0,Debit Card,Male,2.0,3,Laptop & Accessory,2,Divorced,2,Complained,14.0,2.0,4.0,11.0,162.01,Active,Mid (6-12 months),3
50498,0,5.0,Phone,Tier 3,19.0,Debit Card,Male,3.0,3,Laptop & Accessory,2,Married,3,No Complaint,11.0,0.0,1.0,3.0,144.03,Active,New (0-6 months),1
50499,0,3.0,Computer,Tier 1,11.0,Debit Card,Male,3.0,4,Mobile Phone,2,Married,10,No Complaint,12.0,0.0,1.0,3.0,137.61,Active,New (0-6 months),1
50500,0,26.0,Mobile Phone,Tier 3,13.0,E wallet,Female,3.0,4,Fashion,2,Divorced,8,Complained,18.0,0.0,1.0,3.0,209.34,Active,Loyal (12+ months),3
50501,0,18.0,Mobile Phone,Tier 3,15.0,E wallet,Male,3.0,3,Fashion,5,Married,5,Complained,12.0,1.0,1.0,2.0,207.61,Active,Loyal (12+ months),2
50502,0,5.0,Mobile Phone,Tier 1,14.0,Credit Card,Female,3.0,1,Laptop & Accessory,3,Divorced,6,No Complaint,12.0,1.0,1.0,3.0,151.75,Active,New (0-6 months),0
50503,0,25.0,Computer,Tier 1,31.0,Credit Card,Female,2.0,4,Grocery,2,Divorced,4,No Complaint,22.0,0.0,2.0,0.0,238.26,Active,Loyal (12+ months),1
50504,0,10.0,Mobile Phone,Tier 3,22.0,E wallet,Male,3.0,4,Laptop & Accessory,3,Married,5,No Complaint,19.0,1.0,1.0,0.0,163.34,Active,Mid (6-12 months),0
50505,0,1.0,Phone,Tier 2,14.0,Credit Card,Male,3.0,4,Mobile Phone,2,Married,2,No Complaint,13.0,0.0,1.0,4.0,149.36,Active,New (0-6 months),1
50506,0,0.0,Phone,Tier 1,6.0,Debit Card,Male,2.0,4,Laptop & Accessory,2,Divorced,7,No Complaint,22.0,2.0,2.0,2.0,147.75,Active,New (0-6 months),1
50507,0,17.0,Phone,Tier 1,14.0,Debit Card,Male,3.0,1,Mobile,2,Divorced,3,Complained,24.0,1.0,1.0,2.0,128.18,Active,Loyal (12+ months),3
50508,0,15.0,Computer,Tier 1,14.0,CC,Male,2.0,3,Mobile,2,Single,6,Complained,14.0,0.0,2.0,2.0,125.15,Active,Loyal (12+ months),3
50509,0,9.0,Phone,Tier 2,14.0,Debit Card,Male,3.0,4,Mobile,5,Divorced,1,No Complaint,21.0,1.0,1.0,3.0,123.42,Active,Mid (6-12 months),0
50510,0,0.0,Phone,Tier 3,9.0,UPI,Male,3.0,3,Laptop & Accessory,5,Divorced,2,Complained,18.0,1.0,1.0,3.0,141.94,Active,New (0-6 months),2
50511,0,8.0,Mobile Phone,Tier 1,15.0,Debit Card,Female,3.0,4,Fashion,3,Divorced,2,Complained,20.0,2.0,5.0,15.0,206.85,Active,Mid (6-12 months),2
50512,1,9.0,Computer,Tier 1,31.0,Debit Card,Female,3.0,3,Mobile,4,Married,2,Complained,19.0,0.0,7.0,8.0,120.22,Churned,Mid (6-12 months),2
50513,0,5.0,Computer,Tier 1,6.0,Debit Card,Male,3.0,3,Mobile,2,Married,1,No Complaint,12.0,0.0,1.0,2.0,123.14,Active,New (0-6 months),1
50514,0,0.0,Phone,Tier 3,10.0,E wallet,Male,2.0,4,Laptop & Accessory,5,Divorced,2,No Complaint,12.0,1.0,1.0,3.0,142.56,Active,New (0-6 months),0
50515,0,22.0,Phone,Tier 1,6.0,COD,Female,2.0,3,Mobile Phone,5,Divorced,3,No Complaint,16.0,1.0,1.0,2.0,135.8,Active,Loyal (12+ months),0
50516,0,0.0,Computer,Tier 1,10.0,Debit Card,Male,3.0,4,Mobile,2,Divorced,1,No Complaint,17.0,0.0,3.0,4.0,131.62,Active,New (0-6 months),1
50517,0,5.0,Computer,Tier 3,11.0,Debit Card,Male,2.0,3,Laptop & Accessory,4,Divorced,2,No Complaint,14.0,2.0,5.0,3.0,165.24,Active,New (0-6 months),0
50518,0,11.0,Phone,Tier 3,15.0,E wallet,Male,3.0,4,Mobile,4,Divorced,1,No Complaint,19.0,0.0,1.0,2.0,128.99,Active,Mid (6-12 months),0
50519,0,15.0,Mobile Phone,Tier 1,9.0,Debit Card,Female,3.0,1,Laptop & Accessory,2,Divorced,3,Complained,13.0,0.0,1.0,3.0,152.31,Active,Loyal (12+ months),3
50520,0,4.0,Phone,Tier 1,14.0,Debit Card,Male,2.0,3,Mobile,2,Divorced,4,Complained,19.0,1.0,1.0,2.0,123.56,Active,New (0-6 months),3
50521,1,0.0,Phone,Tier 3,6.0,CC,Female,3.0,4,Mobile,3,Married,7,Complained,19.0,0.0,1.0,2.0,128.0,Churned,New (0-6 months),2
50522,0,26.0,Mobile Phone,Tier 3,14.0,E wallet,Male,3.0,3,Grocery,2,Divorced,6,No Complaint,14.0,0.0,2.0,3.0,218.36,Active,Loyal (12+ months),1
50523,0,8.0,Mobile Phone,Tier 1,31.0,Cash on Delivery,Male,3.0,4,Fashion,4,Divorced,4,No Complaint,16.0,3.0,4.0,8.0,209.03,Active,Mid (6-12 months),0
50524,0,10.0,Computer,Tier 3,27.0,CC,Female,3.0,3,Mobile,2,Divorced,6,No Complaint,15.0,1.0,1.0,0.0,129.73,Active,Mid (6-12 months),1
50525,0,26.0,Mobile Phone,Tier 1,29.0,Debit Card,Female,3.0,3,Grocery,2,Single,7,No Complaint,18.0,2.0,2.0,8.0,242.75,Active,Loyal (12+ months),1
50526,0,16.0,Computer,Tier 1,6.0,Debit Card,Female,2.0,3,Laptop & Accessory,2,Divorced,5,No Complaint,13.0,1.0,2.0,2.0,155.62,Active,Loyal (12+ months),1
50527,0,20.0,Phone,Tier 3,8.0,E wallet,Female,2.0,3,Laptop & Accessory,2,Divorced,1,Complained,22.0,5.0,7.0,7.0,145.37,Active,Loyal (12+ months),3
50528,0,10.0,Computer,Tier 3,25.0,Credit Card,Male,2.0,3,Fashion,4,Single,2,Complained,13.0,0.0,1.0,9.0,176.42,Active,Mid (6-12 months),2
50529,0,23.0,Computer,Tier 1,8.0,Debit Card,Male,3.0,3,Grocery,5,Married,2,No Complaint,11.0,1.0,14.0,7.0,279.24,Active,Loyal (12+ months),0
50530,0,12.0,Mobile Phone,Tier 2,8.0,Debit Card,Female,2.0,4,Laptop & Accessory,2,Divorced,9,No Complaint,11.0,0.0,1.0,4.0,152.04,Active,Mid (6-12 months),1
50531,0,9.0,Phone,Tier 2,9.0,UPI,Male,2.0,3,Mobile,4,Married,4,Complained,11.0,0.0,1.0,3.0,122.77,Active,Mid (6-12 months),2
50532,1,0.0,Phone,Tier 1,31.0,Debit Card,Male,3.0,3,Mobile,2,Single,2,Complained,24.0,1.0,1.0,1.0,127.95,Churned,New (0-6 months),3
50533,0,2.0,Phone,Tier 1,14.0,CC,Female,3.0,4,Mobile,2,Married,7,No Complaint,14.0,1.0,1.0,3.0,125.32,Active,New (0-6 months),1
50534,0,17.0,Phone,Tier 1,14.0,Debit Card,Male,3.0,3,Mobile,5,Divorced,2,Complained,13.0,2.0,7.0,1.0,125.59,Active,Loyal (12+ months),2
50535,0,1.0,Phone,Tier 3,11.0,Credit Card,Male,3.0,3,Laptop & Accessory,2,Single,2,No Complaint,14.0,1.0,1.0,2.0,149.08,Active,New (0-6 months),1
50536,1,20.0,Computer,Tier 1,14.0,Debit Card,Male,2.0,4,Mobile,2,Married,10,Complained,14.0,0.0,1.0,0.0,123.8,Churned,Loyal (12+ months),3
50537,0,16.0,Phone,Tier 1,14.0,Debit Card,Female,2.0,3,Laptop & Accessory,4,Married,5,No Complaint,21.0,1.0,1.0,0.0,147.65,Active,Loyal (12+ months),0
50538,1,9.0,Phone,Tier 3,8.0,CC,Female,2.0,4,Mobile,3,Single,2,No Complaint,13.0,0.0,1.0,2.0,120.44,Churned,Mid (6-12 months),0
50539,1,0.0,Phone,Tier 1,24.0,UPI,Female,3.0,3,Mobile,2,Single,2,No Complaint,19.0,1.0,1.0,0.0,126.93,Churned,New (0-6 months),1
50540,0,9.0,Mobile Phone,Tier 1,20.0,Debit Card,Male,3.0,3,Laptop & Accessory,2,Divorced,1,Complained,17.0,4.0,4.0,11.0,165.86,Active,Mid (6-12 months),3
50541,0,20.0,Phone,Tier 3,8.0,Debit Card,Female,3.0,4,Mobile,2,Single,2,Complained,18.0,1.0,1.0,2.0,132.94,Active,Loyal (12+ months),3
50542,1,0.0,Phone,Tier 1,9.0,Debit Card,Female,2.0,3,Laptop & Accessory,3,Divorced,1,Complained,19.0,1.0,1.0,2.0,141.71,Churned,New (0-6 months),2
50543,1,4.0,Phone,Tier 1,8.0,Debit Card,Female,3.0,5,Mobile,2,Married,5,Complained,13.0,0.0,1.0,0.0,127.78,Churned,New (0-6 months),3
50544,0,1.0,Phone,Tier 1,14.0,CC,Female,3.0,3,Mobile,3,Married,6,No Complaint,18.0,2.0,2.0,2.0,123.77,Active,New (0-6 months),0
50545,1,2.0,Phone,Tier 1,14.0,CC,Male,3.0,3,Mobile,5,Divorced,8,Complained,21.0,1.0,2.0,2.0,124.04,Churned,New (0-6 months),2
50546,0,0.0,Phone,Tier 1,14.0,Debit Card,Female,3.0,3,Mobile,3,Single,2,No Complaint,19.0,1.0,1.0,0.0,123.18,Active,New (0-6 months),0
50547,0,9.0,Mobile Phone,Tier 1,16.0,Debit Card,Male,2.0,3,Mobile,4,Married,2,No Complaint,14.0,1.0,1.0,0.0,120.08,Active,Mid (6-12 months),0
50548,0,15.0,Mobile Phone,Tier 3,20.0,Credit Card,Female,3.0,4,Laptop & Accessory,3,Single,8,No Complaint,17.0,0.0,1.0,3.0,162.44,Active,Loyal (12+ months),0
50549,0,6.0,Phone,Tier 1,6.0,UPI,Male,3.0,4,Mobile,5,Single,4,Complained,11.0,0.0,1.0,2.0,127.99,Active,New (0-6 months),2
50550,0,30.0,Mobile Phone,Tier 1,11.0,Cash on Delivery,Female,2.0,4,Fashion,4,Married,3,Complained,13.0,1.0,1.0,4.0,205.52,Active,Loyal (12+ months),2
50551,0,4.0,Phone,Tier 3,14.0,Debit Card,Male,2.0,4,Mobile,3,Divorced,4,No Complaint,15.0,3.0,5.0,2.0,123.29,Active,New (0-6 months),0
50552,0,8.0,Phone,Tier 1,27.0,Debit Card,Female,2.0,3,Laptop & Accessory,2,Divorced,2,Complained,25.0,0.0,1.0,7.0,140.14,Active,Mid (6-12 months),3
50553,0,22.0,Mobile Phone,Tier 1,14.0,UPI,Female,2.0,3,Fashion,4,Divorced,5,No Complaint,11.0,0.0,1.0,7.0,174.03,Active,Loyal (12+ months),0
50554,0,9.0,Phone,Tier 1,26.0,CC,Male,2.0,3,Mobile,3,Divorced,5,No Complaint,17.0,0.0,1.0,0.0,122.59,Active,Mid (6-12 months),0
50555,0,4.0,Computer,Tier 3,26.0,E wallet,Female,2.0,3,Laptop & Accessory,3,Divorced,2,No Complaint,13.0,1.0,1.0,0.0,169.32,Active,New (0-6 months),0
50556,0,9.0,Phone,Tier 1,13.0,UPI,Male,3.0,3,Mobile Phone,2,Single,3,No Complaint,18.0,0.0,1.0,1.0,146.78,Active,Mid (6-12 months),1
50557,0,11.0,Mobile Phone,Tier 1,6.0,Cash on Delivery,Female,3.0,3,Fashion,5,Divorced,2,No Complaint,13.0,3.0,2.0,11.0,235.82,Active,Mid (6-12 months),0
50558,0,5.0,Computer,Tier 1,14.0,Debit Card,Female,3.0,4,Mobile,4,Divorced,7,No Complaint,20.0,1.0,1.0,2.0,123.32,Active,New (0-6 months),0
50559,1,0.0,Phone,Tier 3,14.0,E wallet,Male,2.0,4,Mobile,4,Divorced,2,Complained,18.0,0.0,1.0,0.0,124.13,Churned,New (0-6 months),2
50560,0,13.0,Mobile Phone,Tier 3,16.0,E wallet,Male,3.0,4,Fashion,4,Married,3,No Complaint,12.0,1.0,1.0,0.0,197.05,Active,Loyal (12+ months),0
50561,0,0.0,Computer,Tier 3,6.0,Credit Card,Male,2.0,4,Laptop & Accessory,5,Single,2,No Complaint,12.0,1.0,1.0,7.0,142.94,Active,New (0-6 months),0
50562,0,14.0,Phone,Tier 1,12.0,Credit Card,Male,2.0,3,Mobile Phone,5,Single,3,Complained,13.0,1.0,2.0,17.0,147.21,Active,Loyal (12+ months),2
50563,0,9.0,Phone,Tier 1,14.0,CC,Male,3.0,3,Mobile,3,Single,5,No Complaint,21.0,2.0,3.0,9.0,125.19,Active,Mid (6-12 months),0
50564,1,9.0,Phone,Tier 3,27.0,UPI,Male,2.0,4,Mobile,4,Single,2,Complained,13.0,0.0,1.0,0.0,121.21,Churned,Mid (6-12 months),2
50565,1,0.0,Phone,Tier 1,10.0,COD,Male,3.0,3,Mobile,5,Single,2,No Complaint,19.0,1.0,1.0,0.0,129.73,Churned,New (0-6 months),0
50566,0,4.0,Mobile Phone,Tier 1,18.0,Credit Card,Female,2.0,3,Laptop & Accessory,2,Divorced,1,Complained,11.0,0.0,8.0,5.0,158.55,Active,New (0-6 months),3
50567,0,13.0,Computer,Tier 1,15.0,Credit Card,Male,2.0,3,Mobile Phone,4,Married,9,Complained,14.0,0.0,1.0,0.0,136.17,Active,Loyal (12+ months),2
50568,0,5.0,Mobile Phone,Tier 1,9.0,Credit Card,Female,3.0,3,Laptop & Accessory,5,Divorced,2,No Complaint,12.0,6.0,6.0,3.0,167.25,Active,New (0-6 months),0
50569,1,0.0,Mobile Phone,Tier 3,9.0,Debit Card,Male,2.0,4,Fashion,2,Divorced,2,Complained,11.0,3.0,3.0,7.0,203.25,Churned,New (0-6 months),3
50570,0,6.0,Mobile Phone,Tier 1,6.0,Debit Card,Female,2.0,4,Laptop & Accessory,2,Single,1,No Complaint,14.0,0.0,1.0,4.0,169.49,Active,New (0-6 months),1
50571,1,0.0,Mobile Phone,Tier 3,6.0,Debit Card,Male,2.0,4,Fashion,3,Divorced,6,No Complaint,11.0,1.0,11.0,7.0,206.09,Churned,New (0-6 months),0
50572,0,18.0,Computer,Tier 1,10.0,Debit Card,Male,2.0,3,Laptop & Accessory,4,Divorced,2,No Complaint,12.0,1.0,1.0,8.0,144.47,Active,Loyal (12+ months),0
50573,0,9.0,Computer,Tier 3,26.0,Cash on Delivery,Female,2.0,3,Mobile,2,Divorced,2,No Complaint,15.0,0.0,1.0,2.0,121.57,Active,Mid (6-12 months),1
50574,0,8.0,Phone,Tier 3,24.0,Credit Card,Female,2.0,3,Laptop & Accessory,3,Divorced,2,No Complaint,16.0,1.0,1.0,0.0,146.01,Active,Mid (6-12 months),0
50575,0,25.0,Mobile Phone,Tier 1,6.0,Debit Card,Male,3.0,3,Grocery,2,Divorced,3,No Complaint,15.0,1.0,7.0,8.0,270.99,Active,Loyal (12+ months),1
50576,1,20.0,Phone,Tier 1,14.0,COD,Male,2.0,3,Mobile,3,Single,5,No Complaint,24.0,1.0,1.0,0.0,124.79,Churned,Loyal (12+ months),0
50577,0,26.0,Mobile Phone,Tier 3,8.0,Credit Card,Male,2.0,3,Grocery,3,Married,7,No Complaint,13.0,2.0,2.0,2.0,248.52,Active,Loyal (12+ months),0
50578,0,3.0,Mobile Phone,Tier 3,14.0,UPI,Male,3.0,3,Fashion,3,Married,6,No Complaint,11.0,4.0,7.0,7.0,172.64,Active,New (0-6 months),0
50579,0,11.0,Computer,Tier 3,16.0,COD,Female,2.0,3,Laptop & Accessory,2,Single,2,Complained,13.0,0.0,1.0,3.0,156.66,Active,Mid (6-12 months),3
50580,0,8.0,Mobile Phone,Tier 3,9.0,Debit Card,Male,3.0,3,Fashion,2,Married,7,No Complaint,13.0,0.0,1.0,8.0,178.23,Active,Mid (6-12 months),1
50581,0,12.0,Mobile Phone,Tier 3,8.0,Debit Card,Male,2.0,1,Fashion,3,Single,1,No Complaint,18.0,1.0,1.0,7.0,178.8,Active,Mid (6-12 months),0
50582,1,3.0,Computer,Tier 3,30.0,Debit Card,Female,3.0,1,Grocery,4,Single,5,Complained,16.0,1.0,2.0,0.0,231.94,Churned,New (0-6 months),2
50583,0,20.0,Computer,Tier 1,22.0,Credit Card,Male,3.0,1,Laptop & Accessory,3,Married,2,Complained,19.0,0.0,2.0,7.0,150.67,Active,Loyal (12+ months),2
50584,0,9.0,Computer,Tier 3,14.0,COD,Male,2.0,3,Laptop & Accessory,2,Married,5,No Complaint,13.0,1.0,1.0,7.0,150.79,Active,Mid (6-12 months),1
50585,1,0.0,Computer,Tier 1,14.0,CC,Male,2.0,4,Mobile,5,Single,1,Complained,22.0,1.0,1.0,2.0,123.21,Churned,New (0-6 months),2
50586,0,6.0,Computer,Tier 3,23.0,Debit Card,Male,2.0,3,Grocery,3,Single,2,No Complaint,11.0,1.0,6.0,0.0,274.44,Active,New (0-6 months),0
50587,1,0.0,Phone,Tier 1,14.0,Debit Card,Female,3.0,4,Mobile,5,Single,7,Complained,20.0,1.0,1.0,0.0,124.04,Churned,New (0-6 months),2
50588,0,6.0,Phone,Tier 1,19.0,Debit Card,Female,2.0,3,Mobile,2,Single,4,No Complaint,18.0,1.0,1.0,2.0,134.52,Active,New (0-6 months),1
50589,0,9.0,Phone,Tier 1,6.0,CC,Female,3.0,3,Mobile,2,Married,4,No Complaint,14.0,0.0,1.0,2.0,122.7,Active,Mid (6-12 months),1
50590,0,23.0,Mobile Phone,Tier 1,6.0,Credit Card,Male,3.0,3,Grocery,2,Married,10,No Complaint,22.0,1.0,1.0,3.0,273.99,Active,Loyal (12+ months),1
50591,0,6.0,Computer,Tier 1,6.0,UPI,Female,2.0,1,Laptop & Accessory,4,Divorced,2,Complained,13.0,0.0,1.0,2.0,154.88,Active,New (0-6 months),2
50592,0,14.0,Computer,Tier 1,15.0,Credit Card,Male,3.0,3,Others,3,Married,3,No Complaint,15.0,1.0,1.0,11.0,294.19,Active,Loyal (12+ months),0
50593,0,0.0,Phone,Tier 1,22.0,COD,Female,3.0,3,Mobile,4,Divorced,10,No Complaint,14.0,2.0,2.0,2.0,128.11,Active,New (0-6 months),0
50594,0,18.0,Computer,Tier 1,29.0,Debit Card,Male,2.0,3,Laptop & Accessory,5,Divorced,2,Complained,15.0,1.0,1.0,8.0,136.33,Active,Loyal (12+ months),2
50595,0,20.0,Phone,Tier 3,10.0,Debit Card,Female,2.0,3,Laptop & Accessory,2,Single,2,Complained,17.0,1.0,1.0,7.0,141.63,Active,Loyal (12+ months),3
50596,1,9.0,Phone,Tier 1,28.0,Debit Card,Female,2.0,3,Mobile,3,Divorced,5,Complained,11.0,0.0,1.0,1.0,121.32,Churned,Mid (6-12 months),2
50597,0,23.0,Mobile Phone,Tier 1,30.0,Debit Card,Male,3.0,3,Grocery,3,Divorced,4,Complained,18.0,0.0,2.0,5.0,239.73,Active,Loyal (12+ months),2
50598,0,11.0,Computer,Tier 1,16.0,CC,Male,3.0,3,Mobile,3,Divorced,1,No Complaint,17.0,0.0,1.0,2.0,126.84,Active,Mid (6-12 months),0
50599,0,19.0,Mobile Phone,Tier 1,13.0,Credit Card,Male,3.0,3,Fashion,3,Married,7,No Complaint,13.0,0.0,1.0,7.0,208.45,Active,Loyal (12+ months),0
50600,0,0.0,Phone,Tier 1,23.0,Credit Card,Female,2.0,4,Laptop & Accessory,3,Married,2,No Complaint,15.0,2.0,3.0,2.0,143.77,Active,New (0-6 months),0
50601,1,0.0,Phone,Tier 1,20.0,UPI,Male,2.0,4,Mobile Phone,4,Married,2,Complained,24.0,1.0,1.0,2.0,137.43,Churned,New (0-6 months),2
50602,0,4.0,Computer,Tier 1,6.0,Debit Card,Female,3.0,3,Laptop & Accessory,5,Divorced,2,No Complaint,12.0,1.0,1.0,3.0,141.48,Active,New (0-6 months),0
50603,0,0.0,Computer,Tier 1,11.0,Debit Card,Male,3.0,3,Mobile Phone,2,Single,2,No Complaint,15.0,1.0,1.0,0.0,110.51,Active,New (0-6 months),1
50604,0,27.0,Mobile Phone,Tier 1,23.0,Cash on Delivery,Female,2.0,3,Fashion,3,Divorced,9,No Complaint,11.0,1.0,1.0,8.0,207.39,Active,Loyal (12+ months),0
50605,0,8.0,Mobile Phone,Tier 1,31.0,Credit Card,Female,2.0,3,Fashion,3,Married,2,Complained,11.0,2.0,10.0,1.0,203.88,Active,Mid (6-12 months),2
50606,0,3.0,Mobile Phone,Tier 1,14.0,Debit Card,Female,3.0,1,Fashion,5,Divorced,1,Complained,12.0,0.0,1.0,3.0,214.16000000000005,Active,New (0-6 months),2
50607,1,0.0,Phone,Tier 1,14.0,CC,Female,3.0,4,Mobile,5,Single,2,Complained,15.0,0.0,1.0,0.0,126.0,Churned,New (0-6 months),2
50608,1,0.0,Computer,Tier 1,14.0,CC,Female,2.0,3,Mobile,4,Single,1,No Complaint,17.0,0.0,1.0,2.0,124.22,Churned,New (0-6 months),0
50609,0,0.0,Mobile Phone,Tier 1,8.0,Credit Card,Male,2.0,1,Laptop & Accessory,2,Divorced,2,No Complaint,12.0,1.0,1.0,3.0,154.72,Active,New (0-6 months),1
50610,0,0.0,Phone,Tier 1,14.0,Debit Card,Male,3.0,5,Mobile,5,Divorced,2,No Complaint,15.0,1.0,1.0,1.0,124.51,Active,New (0-6 months),0
50611,0,21.0,Phone,Tier 1,12.0,Debit Card,Male,3.0,4,Laptop & Accessory,3,Single,3,No Complaint,13.0,0.0,2.0,2.0,142.4,Active,Loyal (12+ months),0
50612,0,21.0,Mobile Phone,Tier 1,10.0,Debit Card,Male,3.0,4,Fashion,3,Single,8,No Complaint,14.0,1.0,4.0,3.0,209.99,Active,Loyal (12+ months),0
50613,0,14.0,Mobile Phone,Tier 1,13.0,Credit Card,Female,2.0,3,Laptop & Accessory,3,Single,7,No Complaint,14.0,1.0,2.0,1.0,150.03,Active,Loyal (12+ months),0
50614,0,12.0,Mobile Phone,Tier 1,6.0,Debit Card,Female,3.0,4,Grocery,2,Divorced,2,No Complaint,16.0,0.0,11.0,3.0,227.42,Active,Mid (6-12 months),1
50615,0,0.0,Phone,Tier 1,8.0,Debit Card,Female,2.0,3,Laptop & Accessory,2,Divorced,1,No Complaint,18.0,0.0,2.0,2.0,142.27,Active,New (0-6 months),1
50616,0,8.0,Phone,Tier 1,16.0,UPI,Male,2.0,3,Mobile Phone,2,Married,2,No Complaint,20.0,1.0,1.0,2.0,139.17,Active,Mid (6-12 months),1
50617,0,15.0,Mobile Phone,Tier 3,11.0,E wallet,Male,2.0,3,Others,3,Divorced,7,No Complaint,13.0,1.0,1.0,0.0,283.03,Active,Loyal (12+ months),0
50618,0,23.0,Phone,Tier 1,14.0,Debit Card,Male,3.0,3,Mobile,2,Divorced,5,No Complaint,18.0,1.0,1.0,0.0,123.8,Active,Loyal (12+ months),1
50619,0,30.0,Mobile Phone,Tier 1,8.0,Debit Card,Female,3.0,4,Grocery,2,Single,4,Complained,13.0,0.0,2.0,3.0,237.26,Active,Loyal (12+ months),3
50620,1,0.0,Phone,Tier 1,17.0,Credit Card,Female,3.0,5,Laptop & Accessory,4,Divorced,6,No Complaint,15.0,1.0,1.0,0.0,147.77,Churned,New (0-6 months),0
50621,0,28.0,Computer,Tier 1,24.0,Credit Card,Male,3.0,3,Laptop & Accessory,4,Divorced,4,Complained,14.0,6.0,6.0,7.0,163.85,Active,Loyal (12+ months),2
50622,0,14.0,Computer,Tier 1,13.0,Debit Card,Female,2.0,5,Others,3,Married,2,No Complaint,15.0,1.0,5.0,10.0,299.73,Active,Loyal (12+ months),0
50623,0,11.0,Mobile Phone,Tier 3,9.0,Debit Card,Male,2.0,3,Laptop & Accessory,2,Single,9,Complained,12.0,1.0,1.0,0.0,168.61,Active,Mid (6-12 months),3
50624,1,0.0,Computer,Tier 3,35.0,Credit Card,Male,3.0,5,Laptop & Accessory,5,Single,9,No Complaint,18.0,0.0,2.0,2.0,149.69,Churned,New (0-6 months),0
50625,1,15.0,Mobile Phone,Tier 3,8.0,E wallet,Female,2.0,5,Others,2,Divorced,2,No Complaint,15.0,5.0,6.0,9.0,298.45,Churned,Loyal (12+ months),1
50626,0,17.0,Mobile Phone,Tier 3,34.0,Credit Card,Female,2.0,1,Grocery,2,Divorced,4,Complained,18.0,1.0,2.0,11.0,233.2,Active,Loyal (12+ months),3
50627,0,23.0,Computer,Tier 3,6.0,Debit Card,Female,3.0,3,Laptop & Accessory,3,Divorced,1,No Complaint,12.0,1.0,1.0,13.0,163.47,Active,Loyal (12+ months),0
50628,1,0.0,Phone,Tier 1,22.0,Debit Card,Female,3.0,1,Mobile,5,Single,2,No Complaint,16.0,15.0,15.0,14.0,127.43,Churned,New (0-6 months),0
50629,0,12.0,Computer,Tier 1,28.0,Credit Card,Female,2.0,3,Fashion,5,Single,2,Complained,13.0,1.0,2.0,8.0,208.8,Active,Mid (6-12 months),2
50630,0,6.0,Computer,Tier 3,14.0,Debit Card,Female,2.0,4,Mobile,2,Single,1,No Complaint,19.0,2.0,2.0,2.0,123.42,Active,New (0-6 months),1
50631,0,18.0,Mobile Phone,Tier 3,17.0,Debit Card,Female,2.0,3,Grocery,2,Divorced,4,No Complaint,13.0,1.0,1.0,1.0,276.5,Active,Loyal (12+ months),1
50632,0,5.0,Computer,Tier 1,35.0,Credit Card,Female,3.0,3,Mobile Phone,3,Single,10,No Complaint,12.0,5.0,7.0,7.0,140.25,Active,New (0-6 months),0
50633,0,7.0,Mobile Phone,Tier 3,6.0,E wallet,Male,3.0,1,Laptop & Accessory,2,Married,1,No Complaint,11.0,1.0,1.0,9.0,197.25,Active,Mid (6-12 months),1
50634,0,30.0,Mobile Phone,Tier 3,6.0,Cash on Delivery,Male,3.0,3,Fashion,2,Divorced,4,Complained,14.0,0.0,1.0,3.0,219.04,Active,Loyal (12+ months),3
50635,0,9.0,Phone,Tier 2,30.0,CC,Male,2.0,3,Mobile,4,Single,2,No Complaint,16.0,0.0,1.0,4.0,121.77,Active,Mid (6-12 months),0
50636,0,26.0,Computer,Tier 3,8.0,E wallet,Female,2.0,4,Fashion,4,Divorced,3,No Complaint,12.0,0.0,6.0,12.0,175.25,Active,Loyal (12+ months),0
50637,1,0.0,Phone,Tier 1,21.0,UPI,Male,2.0,3,Laptop & Accessory,3,Married,8,No Complaint,14.0,0.0,1.0,0.0,148.34,Churned,New (0-6 months),0
50638,1,9.0,Computer,Tier 1,8.0,Debit Card,Male,2.0,3,Mobile,5,Divorced,7,Complained,14.0,1.0,1.0,2.0,120.42,Churned,Mid (6-12 months),2
50639,0,9.0,Phone,Tier 3,16.0,Debit Card,Female,2.0,3,Mobile,3,Divorced,2,Complained,19.0,0.0,1.0,0.0,122.2,Active,Mid (6-12 months),2
50640,0,1.0,Mobile Phone,Tier 3,16.0,Credit Card,Male,3.0,3,Mobile Phone,4,Divorced,2,No Complaint,22.0,1.0,1.0,0.0,110.52,Active,New (0-6 months),0
50641,0,11.0,Computer,Tier 1,9.0,UPI,Male,3.0,3,Mobile,3,Divorced,4,No Complaint,16.0,2.0,2.0,2.0,128.21,Active,Mid (6-12 months),0
50642,0,23.0,Mobile Phone,Tier 1,8.0,Credit Card,Male,3.0,3,Others,3,Divorced,3,Complained,15.0,7.0,7.0,7.0,292.37,Active,Loyal (12+ months),2
50643,0,10.0,Phone,Tier 1,9.0,UPI,Female,2.0,3,Laptop & Accessory,4,Single,4,No Complaint,15.0,1.0,1.0,1.0,141.07,Active,Mid (6-12 months),0
50644,0,13.0,Mobile Phone,Tier 3,32.0,E wallet,Male,3.0,3,Laptop & Accessory,5,Divorced,2,No Complaint,14.0,5.0,7.0,5.0,183.96,Active,Loyal (12+ months),0
50645,0,9.0,Computer,Tier 1,6.0,CC,Female,3.0,4,Mobile,3,Married,2,No Complaint,13.0,1.0,1.0,3.0,120.07,Active,Mid (6-12 months),0
50646,0,19.0,Mobile Phone,Tier 1,6.0,Credit Card,Male,2.0,3,Others,2,Married,10,No Complaint,15.0,1.0,2.0,2.0,296.27,Active,Loyal (12+ months),1
50647,0,27.0,Mobile Phone,Tier 3,8.0,Debit Card,Female,2.0,4,Fashion,3,Divorced,7,No Complaint,11.0,6.0,7.0,0.0,206.86,Active,Loyal (12+ months),0
50648,0,29.0,Computer,Tier 1,15.0,CC,Female,3.0,3,Mobile,3,Divorced,3,No Complaint,19.0,0.0,1.0,3.0,129.42,Active,Loyal (12+ months),0
50649,0,9.0,Mobile Phone,Tier 1,18.0,Credit Card,Female,2.0,4,Fashion,2,Single,1,No Complaint,11.0,5.0,7.0,8.0,188.58,Active,Mid (6-12 months),1
50650,0,28.0,Computer,Tier 1,8.0,Credit Card,Male,2.0,4,Grocery,5,Single,8,No Complaint,15.0,1.0,6.0,2.0,267.56,Active,Loyal (12+ months),0
50651,0,16.0,Mobile Phone,Tier 3,31.0,Credit Card,Male,3.0,4,Fashion,2,Married,6,No Complaint,13.0,1.0,2.0,0.0,234.0,Active,Loyal (12+ months),1
50652,1,0.0,Computer,Tier 3,14.0,E wallet,Female,2.0,3,Mobile,2,Single,2,Complained,14.0,0.0,1.0,2.0,123.23,Churned,New (0-6 months),3
50653,1,9.0,Mobile Phone,Tier 1,16.0,Debit Card,Female,2.0,4,Mobile Phone,5,Single,2,No Complaint,13.0,1.0,1.0,0.0,114.16,Churned,Mid (6-12 months),0
50654,0,19.0,Phone,Tier 1,14.0,Debit Card,Female,3.0,4,Laptop & Accessory,5,Married,9,Complained,23.0,1.0,1.0,7.0,146.15,Active,Loyal (12+ months),2
50655,1,14.0,Phone,Tier 1,14.0,Debit Card,Male,2.0,3,Mobile,3,Divorced,10,Complained,12.0,1.0,2.0,7.0,124.61,Churned,Loyal (12+ months),2
50656,1,0.0,Computer,Tier 1,30.0,COD,Male,3.0,4,Fashion,5,Single,2,No Complaint,12.0,0.0,1.0,9.0,187.22,Churned,New (0-6 months),0
50657,0,0.0,Phone,Tier 1,6.0,Credit Card,Male,2.0,4,Mobile Phone,5,Divorced,2,No Complaint,16.0,0.0,1.0,3.0,139.55,Active,New (0-6 months),0
50658,0,3.0,Mobile Phone,Tier 1,26.0,UPI,Male,2.0,3,Laptop & Accessory,5,Divorced,1,No Complaint,15.0,1.0,1.0,2.0,199.57,Active,New (0-6 months),0
50659,0,14.0,Phone,Tier 1,13.0,COD,Female,2.0,1,Mobile,3,Divorced,2,No Complaint,13.0,1.0,1.0,8.0,133.76,Active,Loyal (12+ months),0
50660,0,11.0,Mobile Phone,Tier 1,23.0,Debit Card,Female,3.0,4,Fashion,3,Divorced,1,No Complaint,18.0,0.0,1.0,9.0,188.23,Active,Mid (6-12 months),0
50661,0,13.0,Mobile Phone,Tier 1,26.0,Cash on Delivery,Male,3.0,3,Fashion,2,Divorced,5,No Complaint,20.0,4.0,11.0,1.0,203.22,Active,Loyal (12+ months),1
50662,0,0.0,Computer,Tier 1,14.0,Debit Card,Male,2.0,5,Mobile Phone,3,Divorced,2,No Complaint,19.0,1.0,1.0,2.0,146.21,Active,New (0-6 months),0
50663,0,28.0,Computer,Tier 1,8.0,Debit Card,Male,3.0,3,Fashion,4,Divorced,4,No Complaint,18.0,1.0,1.0,3.0,209.76,Active,Loyal (12+ months),0
50664,0,1.0,Phone,Tier 1,16.0,UPI,Female,2.0,3,Laptop & Accessory,3,Single,4,No Complaint,13.0,1.0,1.0,7.0,136.6,Active,New (0-6 months),0
50665,1,7.0,Mobile Phone,Tier 2,6.0,Credit Card,Male,3.0,4,Fashion,5,Divorced,10,No Complaint,14.0,2.0,3.0,6.0,204.82,Churned,Mid (6-12 months),0
50666,0,6.0,Mobile Phone,Tier 1,11.0,Debit Card,Male,2.0,4,Fashion,2,Married,5,No Complaint,15.0,0.0,1.0,2.0,171.19,Active,New (0-6 months),1
50667,1,0.0,Mobile Phone,Tier 3,10.0,Cash on Delivery,Male,2.0,3,Fashion,5,Single,1,Complained,22.0,3.0,4.0,7.0,195.82,Churned,New (0-6 months),2
50668,1,0.0,Computer,Tier 1,35.0,Credit Card,Female,2.0,4,Laptop & Accessory,3,Single,2,No Complaint,22.0,3.0,3.0,8.0,145.08,Churned,New (0-6 months),0
50669,0,9.0,Phone,Tier 1,21.0,Debit Card,Male,2.0,3,Mobile,3,Married,2,No Complaint,16.0,2.0,2.0,2.0,122.07,Active,Mid (6-12 months),0
50670,0,7.0,Computer,Tier 1,9.0,Debit Card,Male,2.0,3,Laptop & Accessory,2,Single,1,No Complaint,17.0,1.0,1.0,4.0,177.56,Active,Mid (6-12 months),1
50671,0,10.0,Mobile Phone,Tier 3,16.0,Debit Card,Female,2.0,4,Laptop & Accessory,2,Married,3,Complained,14.0,0.0,1.0,0.0,166.94,Active,Mid (6-12 months),3
50672,1,0.0,Phone,Tier 1,10.0,COD,Male,2.0,3,Mobile Phone,2,Divorced,2,Complained,15.0,5.0,5.0,6.0,136.91,Churned,New (0-6 months),3
50673,1,0.0,Phone,Tier 1,14.0,CC,Male,2.0,3,Mobile,3,Married,2,No Complaint,20.0,1.0,1.0,0.0,123.77,Churned,New (0-6 months),0
50674,1,9.0,Phone,Tier 1,31.0,CC,Male,2.0,4,Mobile,4,Single,5,Complained,20.0,0.0,2.0,2.0,123.13,Churned,Mid (6-12 months),2
50675,0,15.0,Mobile Phone,Tier 1,8.0,Credit Card,Male,2.0,3,Grocery,5,Divorced,1,No Complaint,17.0,1.0,13.0,7.0,276.65,Active,Loyal (12+ months),0
50676,1,0.0,Computer,Tier 1,14.0,CC,Male,2.0,4,Mobile,4,Married,2,No Complaint,15.0,0.0,1.0,0.0,125.96,Churned,New (0-6 months),0
50677,1,13.0,Computer,Tier 3,6.0,UPI,Male,2.0,3,Laptop & Accessory,3,Single,4,Complained,14.0,0.0,1.0,0.0,147.28,Churned,Loyal (12+ months),2
50678,0,6.0,Computer,Tier 3,13.0,Debit Card,Female,1.0,3,Laptop & Accessory,4,Divorced,1,No Complaint,17.0,1.0,1.0,2.0,143.02,Active,New (0-6 months),0
50679,0,7.0,Computer,Tier 1,9.0,Debit Card,Male,3.0,4,Mobile,2,Divorced,4,No Complaint,17.0,1.0,1.0,0.0,129.79,Active,Mid (6-12 months),1
50680,0,21.0,Computer,Tier 1,6.0,Credit Card,Male,2.0,1,Grocery,2,Single,3,No Complaint,22.0,1.0,2.0,1.0,268.85,Active,Loyal (12+ months),1
50681,0,18.0,Computer,Tier 3,15.0,Debit Card,Female,3.0,4,Laptop & Accessory,3,Divorced,2,No Complaint,13.0,0.0,4.0,12.0,155.93,Active,Loyal (12+ months),0
50682,0,25.0,Mobile Phone,Tier 1,13.0,Debit Card,Male,2.0,3,Fashion,4,Single,8,No Complaint,19.0,3.0,4.0,0.0,204.45,Active,Loyal (12+ months),0
50683,0,11.0,Mobile Phone,Tier 3,16.0,E wallet,Male,3.0,4,Fashion,3,Married,1,Complained,14.0,2.0,2.0,7.0,187.4,Active,Mid (6-12 months),2
50684,0,2.0,Phone,Tier 1,14.0,Debit Card,Female,3.0,3,Mobile,2,Married,5,No Complaint,22.0,0.0,1.0,7.0,125.14,Active,New (0-6 months),1
50685,0,1.0,Mobile Phone,Tier 1,9.0,Credit Card,Female,3.0,3,Fashion,4,Married,1,No Complaint,17.0,0.0,1.0,7.0,176.55,Active,New (0-6 months),0
50686,0,19.0,Mobile Phone,Tier 3,9.0,E wallet,Male,2.0,3,Grocery,3,Divorced,4,No Complaint,12.0,1.0,4.0,9.0,274.65,Active,Loyal (12+ months),0
50687,0,11.0,Mobile Phone,Tier 3,8.0,E wallet,Male,2.0,3,Fashion,4,Single,8,No Complaint,16.0,1.0,1.0,0.0,173.51,Active,Mid (6-12 months),0
50688,0,16.0,Computer,Tier 1,33.0,Debit Card,Female,2.0,3,Fashion,5,Divorced,9,No Complaint,11.0,0.0,1.0,1.0,208.2,Active,Loyal (12+ months),0
50689,1,2.0,Computer,Tier 1,8.0,Debit Card,Male,2.0,3,Grocery,2,Married,8,No Complaint,11.0,7.0,11.0,3.0,221.69,Churned,New (0-6 months),1
50690,0,13.0,Mobile Phone,Tier 1,20.0,Credit Card,Male,2.0,4,Others,3,Single,2,No Complaint,15.0,4.0,4.0,9.0,296.26,Active,Loyal (12+ months),0
50691,0,9.0,Phone,Tier 1,6.0,Cash on Delivery,Female,3.0,4,Mobile,4,Single,2,Complained,11.0,0.0,2.0,2.0,120.7,Active,Mid (6-12 months),2
50692,0,12.0,Computer,Tier 1,15.0,Debit Card,Male,3.0,3,Laptop & Accessory,4,Single,21,No Complaint,15.0,1.0,1.0,3.0,167.82,Active,Mid (6-12 months),0
50693,0,9.0,Computer,Tier 1,24.0,Debit Card,Male,3.0,3,Laptop & Accessory,2,Single,3,No Complaint,20.0,1.0,1.0,9.0,177.79,Active,Mid (6-12 months),1
50694,0,4.0,Computer,Tier 3,26.0,Debit Card,Male,3.0,1,Mobile,2,Divorced,1,No Complaint,12.0,1.0,2.0,2.0,127.91,Active,New (0-6 months),1
50695,0,1.0,Phone,Tier 1,8.0,Debit Card,Male,3.0,4,Mobile,4,Divorced,1,No Complaint,17.0,0.0,1.0,4.0,132.01,Active,New (0-6 months),0
50696,0,8.0,Computer,Tier 3,17.0,E wallet,Male,2.0,3,Laptop & Accessory,2,Married,2,No Complaint,11.0,0.0,1.0,2.0,149.68,Active,Mid (6-12 months),1
50697,0,22.0,Mobile Phone,Tier 3,14.0,Cash on Delivery,Male,2.0,4,Grocery,4,Divorced,7,No Complaint,17.0,1.0,2.0,3.0,231.2,Active,Loyal (12+ months),0
50698,0,7.0,Computer,Tier 1,8.0,Debit Card,Male,3.0,3,Laptop & Accessory,3,Single,3,No Complaint,11.0,1.0,1.0,2.0,140.33,Active,Mid (6-12 months),0
50699,0,2.0,Computer,Tier 1,16.0,Debit Card,Female,3.0,3,Mobile,4,Married,1,No Complaint,14.0,1.0,1.0,1.0,132.91,Active,New (0-6 months),0
50700,0,15.0,Phone,Tier 1,35.0,Credit Card,Male,2.0,5,Laptop & Accessory,2,Single,5,No Complaint,19.0,1.0,1.0,0.0,142.72,Active,Loyal (12+ months),1
50701,0,2.0,Mobile Phone,Tier 1,14.0,Credit Card,Male,3.0,4,Laptop & Accessory,2,Divorced,2,Complained,13.0,0.0,1.0,2.0,150.56,Active,New (0-6 months),3
50702,0,11.0,Phone,Tier 2,6.0,UPI,Male,3.0,1,Mobile,3,Divorced,2,No Complaint,13.0,1.0,5.0,0.0,128.44,Active,Mid (6-12 months),0
50703,0,4.0,Computer,Tier 1,12.0,Debit Card,Male,3.0,4,Mobile,3,Married,2,Complained,14.0,1.0,1.0,2.0,127.03,Active,New (0-6 months),2
50704,1,9.0,Computer,Tier 1,14.0,CC,Male,3.0,3,Mobile Phone,3,Single,2,No Complaint,12.0,0.0,1.0,0.0,119.04,Churned,Mid (6-12 months),0
50705,1,0.0,Mobile Phone,Tier 3,15.0,E wallet,Female,3.0,3,Laptop & Accessory,5,Single,1,Complained,17.0,0.0,1.0,3.0,182.24,Churned,New (0-6 months),2
50706,0,14.0,Phone,Tier 1,18.0,Debit Card,Male,2.0,3,Mobile Phone,2,Divorced,4,Complained,11.0,1.0,1.0,0.0,147.66,Active,Loyal (12+ months),3
50707,1,0.0,Computer,Tier 1,14.0,CC,Male,3.0,3,Mobile,3,Divorced,2,No Complaint,12.0,2.0,2.0,2.0,126.1,Churned,New (0-6 months),0
50708,0,10.0,Mobile Phone,Tier 1,31.0,Credit Card,Female,2.0,4,Laptop & Accessory,2,Married,8,No Complaint,13.0,0.0,1.0,3.0,157.31,Active,Mid (6-12 months),1
50709,0,0.0,Phone,Tier 1,14.0,Debit Card,Male,2.0,4,Mobile,3,Divorced,2,No Complaint,13.0,2.0,2.0,2.0,125.39,Active,New (0-6 months),0
50710,0,7.0,Mobile Phone,Tier 3,15.0,Debit Card,Female,3.0,3,Laptop & Accessory,3,Divorced,2,No Complaint,20.0,1.0,1.0,3.0,157.14,Active,Mid (6-12 months),0
50711,0,8.0,Phone,Tier 2,14.0,COD,Male,3.0,3,Mobile Phone,3,Single,2,No Complaint,17.0,0.0,1.0,4.0,143.23,Active,Mid (6-12 months),0
50712,1,0.0,Mobile Phone,Tier 3,29.0,Debit Card,Female,2.0,4,Fashion,5,Divorced,2,No Complaint,13.0,0.0,3.0,10.0,173.36,Churned,New (0-6 months),0
50713,0,13.0,Computer,Tier 1,15.0,Credit Card,Female,2.0,3,Fashion,3,Single,10,No Complaint,17.0,0.0,2.0,13.0,234.99,Active,Loyal (12+ months),0
50714,1,5.0,Computer,Tier 3,18.0,Debit Card,Male,2.0,3,Grocery,5,Single,1,Complained,12.0,7.0,2.0,14.0,237.58,Churned,New (0-6 months),2
50715,0,15.0,Mobile Phone,Tier 3,10.0,E wallet,Male,2.0,3,Laptop & Accessory,5,Single,8,No Complaint,13.0,1.0,1.0,5.0,151.55,Active,Loyal (12+ months),0
50716,0,9.0,Phone,Tier 1,6.0,CC,Male,2.0,4,Mobile,3,Divorced,7,No Complaint,12.0,1.0,1.0,7.0,122.58,Active,Mid (6-12 months),0
50717,0,0.0,Phone,Tier 1,30.0,Credit Card,Male,2.0,3,Mobile Phone,4,Single,9,No Complaint,22.0,1.0,1.0,2.0,135.97,Active,New (0-6 months),0
50718,1,0.0,Phone,Tier 1,14.0,Debit Card,Female,3.0,3,Mobile,2,Divorced,2,Complained,11.0,1.0,1.0,0.0,125.15,Churned,New (0-6 months),3
50719,0,0.0,Phone,Tier 1,9.0,Credit Card,Male,2.0,1,Mobile Phone,2,Divorced,2,No Complaint,22.0,1.0,1.0,7.0,144.2,Active,New (0-6 months),1
50720,0,3.0,Mobile Phone,Tier 3,16.0,E wallet,Male,3.0,4,Laptop & Accessory,3,Divorced,2,No Complaint,18.0,1.0,1.0,4.0,165.78,Active,New (0-6 months),0
50721,0,13.0,Computer,Tier 1,32.0,Credit Card,Female,3.0,4,Laptop & Accessory,2,Divorced,4,Complained,13.0,1.0,1.0,0.0,144.22,Active,Loyal (12+ months),3
50722,0,8.0,Mobile Phone,Tier 1,8.0,Debit Card,Male,2.0,4,Fashion,4,Married,3,No Complaint,18.0,6.0,6.0,4.0,202.74,Active,Mid (6-12 months),0
50723,0,7.0,Computer,Tier 1,6.0,Credit Card,Male,3.0,4,Laptop & Accessory,5,Single,1,No Complaint,20.0,1.0,4.0,9.0,153.43,Active,Mid (6-12 months),0
50724,0,8.0,Computer,Tier 1,14.0,UPI,Male,2.0,4,Mobile,2,Divorced,2,No Complaint,13.0,2.0,2.0,2.0,123.76,Active,Mid (6-12 months),1
50725,1,6.0,Mobile Phone,Tier 3,15.0,E wallet,Female,2.0,5,Laptop & Accessory,3,Single,9,No Complaint,13.0,1.0,1.0,3.0,153.46,Churned,New (0-6 months),0
50726,0,5.0,Computer,Tier 3,8.0,Debit Card,Female,3.0,3,Mobile,5,Married,2,No Complaint,12.0,0.0,1.0,0.0,128.27,Active,New (0-6 months),0
50727,0,29.0,Mobile Phone,Tier 1,10.0,Cash on Delivery,Female,3.0,3,Others,5,Married,5,No Complaint,15.0,0.0,4.0,2.0,299.43,Active,Loyal (12+ months),0
50728,0,2.0,Phone,Tier 1,12.0,CC,Female,3.0,3,Mobile,2,Divorced,2,No Complaint,13.0,0.0,1.0,8.0,131.31,Active,New (0-6 months),1
50729,0,0.0,Phone,Tier 1,14.0,Debit Card,Male,2.0,3,Mobile,5,Single,2,No Complaint,25.0,0.0,1.0,0.0,125.52,Active,New (0-6 months),0
50730,0,18.0,Phone,Tier 1,13.0,Credit Card,Female,2.0,3,Mobile Phone,3,Divorced,5,Complained,19.0,1.0,1.0,2.0,144.77,Active,Loyal (12+ months),2
50731,0,10.0,Mobile Phone,Tier 1,6.0,Debit Card,Female,2.0,4,Laptop & Accessory,2,Divorced,2,No Complaint,13.0,3.0,3.0,11.0,164.74,Active,Mid (6-12 months),1
50732,0,0.0,Phone,Tier 1,9.0,Debit Card,Male,3.0,4,Mobile,3,Single,2,No Complaint,12.0,0.0,1.0,2.0,130.33,Active,New (0-6 months),0
50733,1,7.0,Phone,Tier 1,16.0,Debit Card,Male,3.0,3,Mobile,3,Single,2,Complained,11.0,1.0,1.0,2.0,129.36,Churned,Mid (6-12 months),2
50734,0,26.0,Mobile Phone,Tier 1,13.0,Credit Card,Female,2.0,3,Others,3,Married,4,No Complaint,18.0,1.0,4.0,7.0,286.06,Active,Loyal (12+ months),0
50735,0,9.0,Phone,Tier 1,21.0,Debit Card,Female,3.0,5,Mobile,2,Divorced,1,Complained,18.0,1.0,1.0,3.0,121.68,Active,Mid (6-12 months),3
50736,1,0.0,Computer,Tier 1,9.0,Debit Card,Male,3.0,4,Mobile,2,Divorced,1,Complained,11.0,0.0,1.0,0.0,128.53,Churned,New (0-6 months),3
50737,0,19.0,Mobile Phone,Tier 3,8.0,E wallet,Female,3.0,3,Grocery,5,Divorced,9,No Complaint,23.0,1.0,15.0,9.0,270.48,Active,Loyal (12+ months),0
50738,0,9.0,Computer,Tier 1,23.0,Debit Card,Male,3.0,5,Mobile,3,Single,3,No Complaint,13.0,1.0,1.0,0.0,122.9,Active,Mid (6-12 months),0
50739,0,6.0,Phone,Tier 2,8.0,UPI,Male,2.0,3,Mobile Phone,3,Divorced,2,No Complaint,13.0,0.0,1.0,4.0,136.0,Active,New (0-6 months),0
50740,1,9.0,Computer,Tier 1,11.0,Debit Card,Male,3.0,4,Mobile,5,Married,7,No Complaint,17.0,1.0,1.0,0.0,121.07,Churned,Mid (6-12 months),0
50741,0,3.0,Phone,Tier 3,35.0,Debit Card,Male,3.0,3,Laptop & Accessory,5,Married,9,No Complaint,19.0,1.0,1.0,3.0,141.15,Active,New (0-6 months),0
50742,0,13.0,Computer,Tier 3,8.0,Credit Card,Male,3.0,3,Laptop & Accessory,4,Divorced,6,No Complaint,12.0,1.0,1.0,0.0,143.27,Active,Loyal (12+ months),0
50743,0,23.0,Computer,Tier 1,8.0,Credit Card,Female,1.0,3,Grocery,5,Divorced,3,No Complaint,22.0,1.0,2.0,2.0,278.56,Active,Loyal (12+ months),0
50744,0,1.0,Phone,Tier 1,25.0,CC,Male,3.0,4,Mobile,5,Divorced,2,No Complaint,12.0,1.0,3.0,3.0,131.96,Active,New (0-6 months),0
50745,0,19.0,Mobile Phone,Tier 1,21.0,Debit Card,Male,2.0,3,Others,4,Divorced,6,No Complaint,11.0,1.0,1.0,3.0,290.81,Active,Loyal (12+ months),0
50746,0,8.0,Mobile Phone,Tier 3,23.0,Debit Card,Male,3.0,3,Laptop & Accessory,5,Divorced,4,Complained,15.0,1.0,1.0,7.0,189.66,Active,Mid (6-12 months),2
50747,1,9.0,Phone,Tier 1,23.0,Debit Card,Female,3.0,3,Mobile,4,Divorced,2,No Complaint,13.0,0.0,1.0,0.0,122.1,Churned,Mid (6-12 months),0
50748,0,6.0,Computer,Tier 3,31.0,Credit Card,Female,2.0,3,Laptop & Accessory,3,Divorced,2,No Complaint,12.0,0.0,1.0,1.0,145.39,Active,New (0-6 months),0
50749,0,9.0,Phone,Tier 1,12.0,Debit Card,Male,3.0,5,Mobile,3,Married,2,No Complaint,14.0,0.0,1.0,7.0,127.41,Active,Mid (6-12 months),0
50750,0,3.0,Phone,Tier 1,13.0,Debit Card,Male,2.0,3,Laptop & Accessory,3,Married,2,No Complaint,13.0,8.0,8.0,9.0,134.91,Active,New (0-6 months),0
50751,0,17.0,Phone,Tier 1,35.0,UPI,Male,2.0,3,Laptop & Accessory,2,Single,2,No Complaint,25.0,1.0,1.0,17.0,145.41,Active,Loyal (12+ months),1
50752,0,0.0,Phone,Tier 3,27.0,E wallet,Male,3.0,1,Mobile,2,Single,2,No Complaint,17.0,0.0,2.0,2.0,126.78,Active,New (0-6 months),1
50753,0,19.0,Mobile Phone,Tier 1,8.0,COD,Male,2.0,3,Laptop & Accessory,2,Married,3,No Complaint,11.0,1.0,1.0,4.0,173.79,Active,Loyal (12+ months),1
50754,0,15.0,Computer,Tier 2,8.0,Credit Card,Male,3.0,1,Laptop & Accessory,5,Divorced,8,No Complaint,16.0,0.0,1.0,3.0,162.72,Active,Loyal (12+ months),0
50755,0,30.0,Mobile Phone,Tier 3,13.0,E wallet,Male,2.0,1,Laptop & Accessory,2,Married,1,Complained,18.0,0.0,1.0,9.0,152.2,Active,Loyal (12+ months),3
50756,0,5.0,Computer,Tier 1,19.0,UPI,Female,3.0,4,Mobile,4,Divorced,2,No Complaint,20.0,0.0,2.0,2.0,127.43,Active,New (0-6 months),0
50757,0,5.0,Computer,Tier 1,8.0,Debit Card,Female,2.0,3,Laptop & Accessory,3,Single,5,Complained,14.0,1.0,1.0,7.0,149.98,Active,New (0-6 months),2
50758,0,9.0,Mobile Phone,Tier 1,6.0,Cash on Delivery,Female,3.0,5,Fashion,5,Married,3,Complained,21.0,5.0,7.0,7.0,202.52,Active,Mid (6-12 months),2
50759,0,6.0,Phone,Tier 1,15.0,CC,Male,3.0,3,Mobile,2,Divorced,1,No Complaint,13.0,1.0,4.0,10.0,127.81,Active,New (0-6 months),1
50760,0,13.0,Mobile Phone,Tier 3,16.0,COD,Female,2.0,4,Laptop & Accessory,4,Married,8,No Complaint,12.0,1.0,1.0,3.0,168.52,Active,Loyal (12+ months),0
50761,0,0.0,Phone,Tier 3,16.0,Debit Card,Male,2.0,3,Laptop & Accessory,2,Single,1,No Complaint,14.0,0.0,1.0,1.0,149.5,Active,New (0-6 months),1
50762,0,3.0,Phone,Tier 1,6.0,Credit Card,Male,3.0,3,Mobile Phone,4,Divorced,1,Complained,21.0,1.0,5.0,7.0,135.79,Active,New (0-6 months),2
50763,0,15.0,Computer,Tier 1,32.0,Credit Card,Female,2.0,3,Fashion,5,Divorced,4,Complained,17.0,0.0,2.0,0.0,231.91000000000005,Active,Loyal (12+ months),2
50764,0,8.0,Computer,Tier 3,14.0,E wallet,Female,3.0,4,Fashion,2,Divorced,5,Complained,11.0,2.0,4.0,12.0,203.77,Active,Mid (6-12 months),3
50765,0,9.0,Phone,Tier 1,20.0,Debit Card,Male,2.0,3,Mobile,5,Divorced,2,Complained,14.0,2.0,6.0,8.0,122.35,Active,Mid (6-12 months),2
50766,0,27.0,Computer,Tier 1,6.0,Debit Card,Female,2.0,3,Fashion,3,Married,8,No Complaint,17.0,1.0,1.0,4.0,205.02,Active,Loyal (12+ months),0
50767,0,9.0,Mobile Phone,Tier 1,8.0,Debit Card,Female,3.0,1,Mobile,2,Divorced,2,No Complaint,13.0,6.0,7.0,7.0,120.11,Active,Mid (6-12 months),1
50768,1,9.0,Computer,Tier 1,16.0,CC,Female,3.0,4,Mobile Phone,4,Single,2,Complained,25.0,1.0,1.0,0.0,118.59,Churned,Mid (6-12 months),2
50769,0,2.0,Phone,Tier 1,6.0,Debit Card,Female,3.0,3,Mobile Phone,2,Married,2,No Complaint,15.0,0.0,1.0,2.0,137.6,Active,New (0-6 months),1
50770,0,27.0,Mobile Phone,Tier 1,9.0,Debit Card,Male,2.0,3,Grocery,2,Divorced,4,No Complaint,14.0,1.0,1.0,9.0,277.79,Active,Loyal (12+ months),1
50771,0,4.0,Mobile Phone,Tier 1,17.0,Credit Card,Male,3.0,3,Laptop & Accessory,5,Divorced,2,Complained,12.0,0.0,1.0,1.0,168.33,Active,New (0-6 months),2
50772,0,4.0,Mobile Phone,Tier 1,30.0,Credit Card,Female,3.0,4,Laptop & Accessory,5,Single,2,No Complaint,19.0,0.0,1.0,8.0,168.12,Active,New (0-6 months),0
50773,0,30.0,Mobile Phone,Tier 3,9.0,Debit Card,Female,2.0,4,Laptop & Accessory,2,Single,6,No Complaint,17.0,0.0,1.0,5.0,151.71,Active,Loyal (12+ months),1
50774,0,16.0,Mobile Phone,Tier 1,9.0,Debit Card,Male,3.0,5,Others,2,Divorced,4,No Complaint,15.0,1.0,1.0,7.0,297.4,Active,Loyal (12+ months),1
50775,0,22.0,Mobile Phone,Tier 1,10.0,Credit Card,Male,2.0,4,Others,3,Divorced,3,No Complaint,13.0,1.0,1.0,0.0,287.11,Active,Loyal (12+ months),0
50776,0,9.0,Computer,Tier 1,9.0,COD,Male,2.0,3,Mobile Phone,4,Divorced,2,No Complaint,12.0,1.0,1.0,7.0,136.92,Active,Mid (6-12 months),0
50777,0,21.0,Phone,Tier 1,14.0,COD,Male,3.0,1,Mobile,4,Single,6,No Complaint,11.0,0.0,1.0,0.0,125.59,Active,Loyal (12+ months),0
50778,0,0.0,Phone,Tier 1,14.0,Debit Card,Male,3.0,3,Mobile,3,Married,2,No Complaint,11.0,1.0,1.0,3.0,125.17,Active,New (0-6 months),0
50779,0,2.0,Mobile Phone,Tier 1,13.0,Debit Card,Male,2.0,3,Laptop & Accessory,2,Married,2,Complained,11.0,0.0,1.0,0.0,166.23,Active,New (0-6 months),3
50780,0,21.0,Mobile Phone,Tier 1,6.0,Debit Card,Male,3.0,4,Others,2,Single,7,No Complaint,12.0,1.0,1.0,0.0,282.65,Active,Loyal (12+ months),1
50781,0,2.0,Mobile Phone,Tier 1,6.0,Debit Card,Female,2.0,4,Grocery,2,Married,4,No Complaint,14.0,1.0,1.0,7.0,261.24,Active,New (0-6 months),1
50782,0,7.0,Phone,Tier 1,14.0,COD,Female,2.0,1,Mobile,3,Divorced,1,No Complaint,17.0,1.0,1.0,0.0,125.85,Active,Mid (6-12 months),0
50783,0,17.0,Mobile Phone,Tier 3,11.0,E wallet,Male,2.0,3,Others,4,Divorced,8,No Complaint,11.0,1.0,3.0,10.0,282.13,Active,Loyal (12+ months),0
50784,0,6.0,Mobile Phone,Tier 3,16.0,E wallet,Male,2.0,1,Fashion,3,Married,1,Complained,14.0,1.0,1.0,8.0,183.8,Active,New (0-6 months),2
50785,0,0.0,Phone,Tier 1,31.0,Debit Card,Female,3.0,1,Mobile,2,Single,2,Complained,12.0,1.0,1.0,1.0,129.94,Active,New (0-6 months),3
50786,0,9.0,Mobile Phone,Tier 1,6.0,Debit Card,Male,2.0,3,Mobile Phone,3,Divorced,2,No Complaint,22.0,0.0,1.0,1.0,112.23,Active,Mid (6-12 months),0
50787,1,0.0,Computer,Tier 3,30.0,Debit Card,Male,3.0,5,Mobile Phone,2,Single,2,Complained,14.0,1.0,1.0,0.0,111.18,Churned,New (0-6 months),3
50788,0,0.0,Phone,Tier 1,10.0,Debit Card,Male,3.0,3,Mobile,2,Single,2,Complained,20.0,0.0,2.0,2.0,128.75,Active,New (0-6 months),3
50789,1,8.0,Mobile Phone,Tier 3,8.0,E wallet,Female,3.0,5,Others,4,Single,3,Complained,16.0,1.0,1.0,11.0,288.24,Churned,Mid (6-12 months),2
50790,0,28.0,Computer,Tier 1,14.0,Credit Card,Male,2.0,4,Grocery,4,Married,2,Complained,15.0,3.0,2.0,0.0,235.77,Active,Loyal (12+ months),2
50791,1,0.0,Computer,Tier 1,14.0,Debit Card,Female,2.0,4,Mobile,3,Single,2,No Complaint,20.0,2.0,2.0,2.0,126.25,Churned,New (0-6 months),0
50792,0,19.0,Mobile Phone,Tier 3,10.0,E wallet,Female,2.0,4,Others,4,Divorced,3,No Complaint,14.0,1.0,1.0,8.0,287.89,Active,Loyal (12+ months),0
50793,0,7.0,Phone,Tier 3,8.0,E wallet,Female,2.0,3,Laptop & Accessory,5,Single,1,Complained,12.0,1.0,1.0,2.0,145.38,Active,Mid (6-12 months),2
50794,0,24.0,Computer,Tier 3,15.0,Debit Card,Male,2.0,3,Others,4,Married,5,Complained,15.0,2.0,11.0,10.0,298.47,Active,Loyal (12+ months),2
50795,0,30.0,Mobile Phone,Tier 1,24.0,Credit Card,Male,3.0,3,Fashion,2,Single,7,No Complaint,12.0,1.0,5.0,4.0,205.12,Active,Loyal (12+ months),1
50796,0,7.0,Computer,Tier 1,25.0,Credit Card,Female,2.0,3,Laptop & Accessory,4,Married,5,No Complaint,13.0,3.0,5.0,10.0,144.44,Active,Mid (6-12 months),0
50797,0,9.0,Computer,Tier 1,6.0,CC,Male,2.0,3,Mobile,3,Single,1,Complained,11.0,0.0,1.0,2.0,121.54,Active,Mid (6-12 months),2
50798,0,17.0,Mobile Phone,Tier 1,10.0,Debit Card,Male,3.0,1,Others,5,Married,2,No Complaint,14.0,1.0,14.0,13.0,291.9,Active,Loyal (12+ months),0
50799,0,7.0,Computer,Tier 2,17.0,Debit Card,Male,2.0,4,Laptop & Accessory,4,Divorced,5,No Complaint,11.0,0.0,1.0,8.0,144.9,Active,Mid (6-12 months),0
50800,0,8.0,Phone,Tier 1,12.0,Debit Card,Male,3.0,3,Mobile,3,Divorced,1,Complained,14.0,1.0,2.0,2.0,135.06,Active,Mid (6-12 months),2
50801,0,15.0,Phone,Tier 1,14.0,CC,Female,3.0,1,Laptop & Accessory,4,Divorced,7,Complained,16.0,0.0,1.0,0.0,123.72,Active,Loyal (12+ months),2
50802,0,16.0,Mobile Phone,Tier 3,10.0,E wallet,Female,2.0,4,Fashion,2,Single,4,No Complaint,14.0,10.0,15.0,17.0,202.31,Active,Loyal (12+ months),1
50803,0,9.0,Mobile Phone,Tier 1,8.0,Debit Card,Female,2.0,3,Laptop & Accessory,4,Single,10,Complained,11.0,4.0,5.0,12.0,154.1,Active,Mid (6-12 months),2
50804,1,7.0,Mobile Phone,Tier 1,21.0,Credit Card,Female,3.0,3,Fashion,2,Divorced,2,No Complaint,11.0,0.0,1.0,5.0,179.78,Churned,Mid (6-12 months),1
50805,0,1.0,Computer,Tier 1,8.0,Debit Card,Male,2.0,4,Mobile Phone,2,Divorced,2,Complained,12.0,2.0,2.0,2.0,138.67,Active,New (0-6 months),3
50806,0,24.0,Computer,Tier 1,12.0,CC,Female,3.0,4,Mobile,3,Single,1,No Complaint,14.0,7.0,7.0,7.0,128.38,Active,Loyal (12+ months),0
50807,0,3.0,Computer,Tier 1,15.0,Credit Card,Female,3.0,3,Laptop & Accessory,3,Single,8,Complained,18.0,1.0,1.0,7.0,146.95,Active,New (0-6 months),2
50808,1,0.0,Phone,Tier 1,13.0,COD,Female,2.0,3,Mobile,3,Married,4,Complained,13.0,1.0,7.0,7.0,133.39,Churned,New (0-6 months),2
50809,0,9.0,Phone,Tier 1,6.0,Cash on Delivery,Male,2.0,3,Mobile,5,Single,3,No Complaint,11.0,0.0,1.0,2.0,120.8,Active,Mid (6-12 months),0
50810,0,9.0,Phone,Tier 1,6.0,CC,Female,2.0,3,Mobile,4,Single,2,No Complaint,18.0,1.0,2.0,1.0,120.96,Active,Mid (6-12 months),0
50811,0,5.0,Mobile Phone,Tier 3,14.0,Credit Card,Male,2.0,1,Laptop & Accessory,2,Divorced,2,No Complaint,15.0,0.0,1.0,8.0,162.09,Active,New (0-6 months),1
50812,0,18.0,Computer,Tier 1,31.0,Credit Card,Female,2.0,3,Others,4,Single,4,No Complaint,22.0,1.0,1.0,0.0,280.61,Active,Loyal (12+ months),0
50813,0,12.0,Mobile Phone,Tier 1,19.0,Credit Card,Female,3.0,4,Grocery,4,Married,7,Complained,13.0,1.0,15.0,2.0,271.23,Active,Mid (6-12 months),2
50814,0,30.0,Phone,Tier 1,14.0,Debit Card,Male,2.0,3,Mobile,3,Married,2,No Complaint,12.0,2.0,2.0,2.0,123.72,Active,Loyal (12+ months),0
50815,1,0.0,Phone,Tier 1,13.0,Debit Card,Male,3.0,3,Laptop & Accessory,3,Divorced,2,No Complaint,18.0,1.0,1.0,1.0,148.83,Churned,New (0-6 months),0
50816,1,2.0,Phone,Tier 1,29.0,Credit Card,Male,3.0,3,Mobile Phone,5,Single,1,No Complaint,13.0,0.0,1.0,3.0,139.04,Churned,New (0-6 months),0
50817,0,3.0,Phone,Tier 1,12.0,COD,Female,2.0,4,Laptop & Accessory,2,Divorced,1,No Complaint,12.0,5.0,6.0,7.0,146.27,Active,New (0-6 months),1
50818,0,9.0,Mobile Phone,Tier 1,16.0,COD,Female,3.0,3,Fashion,3,Divorced,4,No Complaint,12.0,0.0,1.0,7.0,170.94,Active,Mid (6-12 months),0
50819,0,19.0,Phone,Tier 2,6.0,Debit Card,Female,2.0,3,Mobile,5,Single,7,No Complaint,12.0,3.0,5.0,7.0,134.23,Active,Loyal (12+ months),0
50820,0,1.0,Computer,Tier 1,6.0,Debit Card,Female,2.0,5,Laptop & Accessory,2,Divorced,1,No Complaint,11.0,7.0,7.0,5.0,166.74,Active,New (0-6 months),1
50821,0,23.0,Mobile Phone,Tier 1,34.0,Debit Card,Female,2.0,3,Grocery,5,Divorced,5,Complained,11.0,1.0,1.0,2.0,268.8,Active,Loyal (12+ months),2
50822,1,3.0,Mobile Phone,Tier 3,31.0,E wallet,Male,2.0,4,Fashion,4,Single,3,Complained,12.0,0.0,1.0,0.0,190.94,Churned,New (0-6 months),2
50823,1,15.0,Mobile Phone,Tier 3,11.0,Debit Card,Male,3.0,3,Fashion,4,Single,10,Complained,19.0,5.0,7.0,7.0,184.46,Churned,Loyal (12+ months),2
50824,0,3.0,Mobile Phone,Tier 1,23.0,Credit Card,Female,3.0,3,Fashion,5,Divorced,2,Complained,23.0,0.0,1.0,3.0,219.16000000000005,Active,New (0-6 months),2
50825,0,12.0,Phone,Tier 1,24.0,Debit Card,Male,2.0,3,Laptop & Accessory,3,Single,1,No Complaint,11.0,0.0,1.0,7.0,145.34,Active,Mid (6-12 months),0
50826,0,4.0,Computer,Tier 3,8.0,Debit Card,Female,2.0,3,Fashion,3,Married,2,Complained,19.0,3.0,9.0,6.0,198.52,Active,New (0-6 months),2
50827,0,14.0,Computer,Tier 3,16.0,Credit Card,Male,2.0,5,Laptop & Accessory,4,Single,2,No Complaint,13.0,3.0,11.0,9.0,161.51,Active,Loyal (12+ months),0
50828,1,9.0,Computer,Tier 3,6.0,Debit Card,Female,2.0,3,Mobile,4,Single,2,Complained,11.0,1.0,2.0,2.0,123.02,Churned,Mid (6-12 months),2
50829,1,7.0,Phone,Tier 1,14.0,Debit Card,Male,2.0,3,Mobile,5,Divorced,5,No Complaint,12.0,1.0,1.0,2.0,123.62,Churned,Mid (6-12 months),0
50830,0,15.0,Computer,Tier 1,8.0,Debit Card,Male,2.0,3,Grocery,3,Divorced,1,Complained,13.0,1.0,2.0,10.0,278.61,Active,Loyal (12+ months),2
50831,0,28.0,Mobile Phone,Tier 1,8.0,Credit Card,Female,2.0,5,Others,3,Divorced,5,No Complaint,14.0,1.0,9.0,11.0,291.87,Active,Loyal (12+ months),0
50832,0,29.0,Mobile Phone,Tier 2,14.0,Debit Card,Male,2.0,3,Others,4,Single,7,No Complaint,15.0,1.0,7.0,7.0,297.17,Active,Loyal (12+ months),0
50833,0,13.0,Computer,Tier 1,22.0,Debit Card,Male,3.0,3,Mobile,3,Married,10,No Complaint,16.0,1.0,1.0,0.0,135.44,Active,Loyal (12+ months),0
50834,0,7.0,Mobile Phone,Tier 1,15.0,Debit Card,Male,2.0,3,Fashion,2,Married,1,No Complaint,11.0,1.0,1.0,6.0,185.0,Active,Mid (6-12 months),1
50835,0,13.0,Phone,Tier 1,8.0,Debit Card,Male,3.0,3,Laptop & Accessory,2,Single,2,No Complaint,13.0,3.0,8.0,8.0,146.61,Active,Loyal (12+ months),1
50836,0,14.0,Computer,Tier 3,6.0,E wallet,Female,3.0,3,Laptop & Accessory,5,Married,1,No Complaint,17.0,0.0,1.0,7.0,141.03,Active,Loyal (12+ months),0
50837,0,8.0,Computer,Tier 1,10.0,Debit Card,Male,2.0,3,Laptop & Accessory,3,Single,2,Complained,11.0,1.0,1.0,1.0,142.49,Active,Mid (6-12 months),2
50838,0,24.0,Mobile Phone,Tier 2,11.0,Debit Card,Male,2.0,3,Grocery,4,Married,2,Complained,11.0,1.0,2.0,10.0,240.26,Active,Loyal (12+ months),2
50839,0,11.0,Mobile Phone,Tier 3,8.0,Debit Card,Female,2.0,3,Laptop & Accessory,5,Married,4,No Complaint,15.0,0.0,1.0,7.0,168.93,Active,Mid (6-12 months),0
50840,0,7.0,Mobile Phone,Tier 3,21.0,Credit Card,Female,3.0,3,Laptop & Accessory,5,Single,2,No Complaint,12.0,1.0,9.0,6.0,161.25,Active,Mid (6-12 months),0
50841,0,0.0,Phone,Tier 1,25.0,Credit Card,Male,3.0,3,Mobile Phone,2,Divorced,4,No Complaint,11.0,1.0,1.0,2.0,136.69,Active,New (0-6 months),1
50842,1,20.0,Mobile Phone,Tier 1,13.0,Credit Card,Female,2.0,4,Fashion,5,Divorced,8,Complained,14.0,4.0,5.0,9.0,200.08,Churned,Loyal (12+ months),2
50843,0,13.0,Phone,Tier 1,14.0,Debit Card,Male,2.0,3,Mobile,4,Divorced,4,No Complaint,22.0,1.0,1.0,3.0,123.87,Active,Loyal (12+ months),0
50844,0,9.0,Computer,Tier 3,13.0,E wallet,Female,2.0,1,Laptop & Accessory,5,Divorced,3,No Complaint,16.0,5.0,6.0,13.0,146.39,Active,Mid (6-12 months),0
50845,0,21.0,Mobile Phone,Tier 1,10.0,Debit Card,Male,2.0,3,Fashion,2,Single,2,No Complaint,11.0,1.0,1.0,8.0,178.98,Active,Loyal (12+ months),1
50846,0,0.0,Phone,Tier 3,14.0,CC,Female,3.0,1,Mobile,2,Divorced,9,No Complaint,14.0,1.0,1.0,0.0,125.34,Active,New (0-6 months),1
50847,0,24.0,Mobile Phone,Tier 1,17.0,Cash on Delivery,Female,2.0,4,Grocery,4,Single,4,No Complaint,16.0,0.0,1.0,3.0,231.42,Active,Loyal (12+ months),0
50848,0,9.0,Computer,Tier 1,6.0,Debit Card,Female,3.0,3,Mobile Phone,2,Single,2,No Complaint,15.0,1.0,1.0,0.0,116.11,Active,Mid (6-12 months),1
50849,0,8.0,Mobile Phone,Tier 1,6.0,Credit Card,Female,2.0,4,Laptop & Accessory,2,Divorced,1,No Complaint,12.0,1.0,1.0,0.0,153.63,Active,Mid (6-12 months),1
50850,0,0.0,Computer,Tier 3,8.0,Debit Card,Male,2.0,5,Laptop & Accessory,2,Single,4,No Complaint,20.0,1.0,1.0,0.0,150.71,Active,New (0-6 months),1
50851,1,18.0,Mobile Phone,Tier 3,19.0,E wallet,Male,2.0,1,Grocery,3,Single,7,Complained,17.0,2.0,2.0,8.0,236.95,Churned,Loyal (12+ months),2
50852,0,29.0,Mobile Phone,Tier 1,29.0,Debit Card,Male,3.0,3,Grocery,4,Divorced,5,Complained,12.0,11.0,2.0,9.0,234.02,Active,Loyal (12+ months),2
50853,0,9.0,Computer,Tier 1,32.0,Cash on Delivery,Female,3.0,4,Mobile,3,Married,2,No Complaint,20.0,1.0,1.0,0.0,120.29,Active,Mid (6-12 months),0
50854,0,13.0,Mobile Phone,Tier 1,8.0,Credit Card,Female,2.0,1,Laptop & Accessory,3,Married,6,No Complaint,20.0,5.0,11.0,8.0,163.77,Active,Loyal (12+ months),0
50855,0,7.0,Mobile Phone,Tier 1,35.0,Credit Card,Male,2.0,3,Laptop & Accessory,3,Divorced,5,No Complaint,13.0,0.0,7.0,7.0,154.29,Active,Mid (6-12 months),0
50856,1,0.0,Computer,Tier 3,8.0,Debit Card,Female,3.0,4,Mobile,2,Single,8,No Complaint,14.0,0.0,1.0,0.0,127.85,Churned,New (0-6 months),1
50857,1,0.0,Computer,Tier 3,24.0,E wallet,Female,3.0,3,Laptop & Accessory,3,Divorced,1,Complained,18.0,3.0,3.0,2.0,146.14,Churned,New (0-6 months),2
50858,0,11.0,Computer,Tier 1,14.0,Debit Card,Male,2.0,1,Mobile,3,Married,2,No Complaint,11.0,0.0,1.0,3.0,126.1,Active,Mid (6-12 months),0
50859,0,7.0,Mobile Phone,Tier 1,8.0,COD,Female,3.0,3,Laptop & Accessory,2,Single,2,No Complaint,11.0,1.0,4.0,11.0,166.87,Active,Mid (6-12 months),1
50860,0,1.0,Phone,Tier 3,32.0,Debit Card,Male,2.0,4,Laptop & Accessory,5,Divorced,2,No Complaint,11.0,1.0,1.0,4.0,147.24,Active,New (0-6 months),0
50861,1,0.0,Mobile Phone,Tier 1,28.0,Credit Card,Male,3.0,3,Laptop & Accessory,3,Divorced,2,Complained,15.0,3.0,6.0,7.0,161.79,Churned,New (0-6 months),2
50862,0,12.0,Mobile Phone,Tier 3,27.0,Debit Card,Male,2.0,4,Laptop & Accessory,2,Divorced,4,Complained,12.0,0.0,1.0,4.0,161.2,Active,Mid (6-12 months),3
50863,0,24.0,Computer,Tier 3,8.0,E wallet,Male,2.0,3,Fashion,4,Divorced,3,No Complaint,11.0,0.0,3.0,2.0,205.96,Active,Loyal (12+ months),0
50864,0,14.0,Computer,Tier 1,28.0,Debit Card,Female,3.0,3,Laptop & Accessory,2,Married,4,Complained,14.0,0.0,3.0,3.0,154.67,Active,Loyal (12+ months),3
50865,0,10.0,Phone,Tier 1,10.0,Debit Card,Male,3.0,3,Mobile,3,Divorced,8,Complained,15.0,1.0,1.0,3.0,129.96,Active,Mid (6-12 months),2
50866,0,6.0,Computer,Tier 3,11.0,Debit Card,Male,3.0,3,Laptop & Accessory,2,Divorced,7,No Complaint,13.0,1.0,1.0,2.0,199.98,Active,New (0-6 months),1
50867,0,5.0,Phone,Tier 3,8.0,E wallet,Male,2.0,3,Laptop & Accessory,4,Divorced,1,Complained,13.0,0.0,1.0,2.0,140.78,Active,New (0-6 months),2
50868,0,12.0,Computer,Tier 1,31.0,Debit Card,Male,3.0,3,Fashion,3,Divorced,4,No Complaint,21.0,0.0,1.0,5.0,209.2,Active,Mid (6-12 months),0
50869,0,0.0,Mobile Phone,Tier 3,24.0,Debit Card,Male,3.0,1,Laptop & Accessory,3,Divorced,3,No Complaint,11.0,0.0,1.0,2.0,162.32,Active,New (0-6 months),0
50870,0,25.0,Computer,Tier 1,34.0,Credit Card,Female,2.0,1,Grocery,3,Divorced,3,Complained,11.0,0.0,2.0,2.0,232.47000000000003,Active,Loyal (12+ months),2
50871,0,16.0,Phone,Tier 1,12.0,Credit Card,Female,3.0,4,Laptop & Accessory,3,Single,2,Complained,14.0,1.0,1.0,8.0,140.81,Active,Loyal (12+ months),2
50872,0,0.0,Mobile Phone,Tier 3,16.0,E wallet,Female,3.0,4,Laptop & Accessory,2,Divorced,2,Complained,11.0,2.0,4.0,4.0,157.69,Active,New (0-6 months),3
50873,1,0.0,Phone,Tier 1,14.0,Debit Card,Female,2.0,3,Mobile,3,Single,2,Complained,13.0,3.0,7.0,7.0,123.94,Churned,New (0-6 months),2
50874,0,0.0,Phone,Tier 1,8.0,Credit Card,Male,2.0,4,Mobile Phone,2,Single,1,No Complaint,12.0,0.0,1.0,1.0,139.04,Active,New (0-6 months),1
50875,0,15.0,Mobile Phone,Tier 2,16.0,UPI,Female,2.0,3,Grocery,5,Divorced,1,No Complaint,14.0,1.0,1.0,9.0,267.99,Active,Loyal (12+ months),0
50876,0,25.0,Phone,Tier 1,14.0,UPI,Female,3.0,3,Mobile,5,Divorced,10,No Complaint,13.0,1.0,1.0,4.0,129.5,Active,Loyal (12+ months),0
50877,0,10.0,Phone,Tier 1,17.0,Credit Card,Female,3.0,3,Mobile Phone,3,Single,5,No Complaint,18.0,0.0,1.0,2.0,136.29,Active,Mid (6-12 months),0
50878,0,8.0,Computer,Tier 1,24.0,Debit Card,Male,2.0,3,Fashion,2,Single,3,No Complaint,11.0,0.0,2.0,2.0,193.62,Active,Mid (6-12 months),1
50879,0,0.0,Phone,Tier 1,6.0,COD,Male,2.0,3,Mobile,2,Divorced,5,No Complaint,11.0,1.0,1.0,2.0,132.29,Active,New (0-6 months),1
50880,0,0.0,Phone,Tier 1,13.0,UPI,Male,3.0,1,Mobile Phone,5,Single,1,No Complaint,12.0,1.0,1.0,7.0,135.78,Active,New (0-6 months),0
50881,0,2.0,Mobile Phone,Tier 2,23.0,UPI,Male,2.0,4,Fashion,5,Single,2,No Complaint,13.0,0.0,1.0,9.0,179.88,Active,New (0-6 months),0
50882,1,0.0,Computer,Tier 1,34.0,Debit Card,Male,3.0,4,Laptop & Accessory,5,Single,4,No Complaint,20.0,0.0,1.0,3.0,142.84,Churned,New (0-6 months),0
50883,1,0.0,Computer,Tier 1,20.0,UPI,Female,2.0,3,Fashion,2,Single,1,Complained,12.0,2.0,7.0,7.0,175.53,Churned,New (0-6 months),3
50884,0,27.0,Mobile Phone,Tier 1,6.0,Credit Card,Female,2.0,3,Grocery,2,Single,7,No Complaint,19.0,1.0,12.0,7.0,273.28,Active,Loyal (12+ months),1
50885,0,30.0,Mobile Phone,Tier 1,6.0,Credit Card,Female,3.0,3,Others,5,Divorced,4,Complained,15.0,1.0,1.0,5.0,297.01,Active,Loyal (12+ months),2
50886,0,28.0,Mobile Phone,Tier 1,6.0,Credit Card,Male,2.0,1,Grocery,2,Married,3,No Complaint,13.0,1.0,2.0,0.0,247.32,Active,Loyal (12+ months),1
50887,0,9.0,Mobile Phone,Tier 3,9.0,E wallet,Female,2.0,3,Laptop & Accessory,4,Single,4,Complained,16.0,0.0,1.0,1.0,192.78,Active,Mid (6-12 months),2
50888,1,9.0,Computer,Tier 3,6.0,Debit Card,Female,2.0,5,Mobile Phone,3,Single,2,No Complaint,12.0,1.0,1.0,0.0,113.59,Churned,Mid (6-12 months),0
50889,0,3.0,Phone,Tier 3,13.0,E wallet,Female,3.0,3,Laptop & Accessory,5,Married,8,No Complaint,14.0,1.0,1.0,2.0,147.79,Active,New (0-6 months),0
50890,0,4.0,Mobile Phone,Tier 1,14.0,Debit Card,Female,3.0,3,Grocery,4,Single,4,No Complaint,11.0,1.0,1.0,0.0,264.22,Active,New (0-6 months),0
50891,0,7.0,Computer,Tier 1,6.0,UPI,Male,3.0,3,Mobile,5,Married,6,No Complaint,14.0,1.0,1.0,3.0,129.96,Active,Mid (6-12 months),0
50892,1,9.0,Mobile Phone,Tier 1,14.0,Debit Card,Female,2.0,4,Mobile Phone,4,Single,2,No Complaint,12.0,0.0,1.0,0.0,112.61,Churned,Mid (6-12 months),0
50893,0,9.0,Phone,Tier 1,17.0,Debit Card,Male,3.0,3,Mobile,5,Divorced,1,No Complaint,14.0,1.0,1.0,4.0,120.99,Active,Mid (6-12 months),0
50894,0,9.0,Mobile Phone,Tier 1,10.0,Debit Card,Male,2.0,4,Laptop & Accessory,2,Single,2,No Complaint,16.0,1.0,1.0,8.0,158.1,Active,Mid (6-12 months),1
50895,0,9.0,Mobile Phone,Tier 3,22.0,E wallet,Female,3.0,4,Laptop & Accessory,5,Divorced,5,No Complaint,13.0,1.0,1.0,2.0,156.47,Active,Mid (6-12 months),0
50896,0,20.0,Phone,Tier 1,6.0,COD,Male,3.0,3,Mobile,2,Divorced,8,No Complaint,12.0,1.0,1.0,2.0,134.2,Active,Loyal (12+ months),1
50897,1,0.0,Phone,Tier 3,15.0,Debit Card,Male,3.0,4,Mobile Phone,5,Divorced,4,No Complaint,12.0,1.0,2.0,2.0,144.0,Churned,New (0-6 months),0
50898,0,10.0,Computer,Tier 1,11.0,COD,Male,2.0,1,Mobile,3,Single,1,No Complaint,14.0,1.0,1.0,3.0,135.0,Active,Mid (6-12 months),0
50899,0,9.0,Phone,Tier 1,6.0,Debit Card,Female,2.0,3,Mobile,5,Divorced,3,No Complaint,22.0,1.0,1.0,0.0,120.66,Active,Mid (6-12 months),0
50900,0,20.0,Mobile Phone,Tier 1,8.0,Credit Card,Female,2.0,3,Grocery,3,Divorced,4,No Complaint,19.0,1.0,5.0,6.0,271.69,Active,Loyal (12+ months),0
50901,0,0.0,Phone,Tier 3,10.0,Credit Card,Female,2.0,3,Laptop & Accessory,3,Divorced,2,Complained,12.0,1.0,1.0,3.0,141.62,Active,New (0-6 months),2
50902,0,5.0,Mobile Phone,Tier 3,13.0,E wallet,Male,3.0,3,Laptop & Accessory,2,Divorced,5,No Complaint,12.0,1.0,1.0,3.0,192.04,Active,New (0-6 months),1
50903,0,7.0,Phone,Tier 1,6.0,Debit Card,Female,2.0,4,Mobile,4,Divorced,6,No Complaint,17.0,1.0,1.0,2.0,132.94,Active,Mid (6-12 months),0
50904,0,9.0,Phone,Tier 1,11.0,CC,Male,2.0,1,Mobile,3,Divorced,3,Complained,12.0,1.0,1.0,3.0,121.27,Active,Mid (6-12 months),2
50905,0,13.0,Computer,Tier 1,15.0,UPI,Male,2.0,3,Laptop & Accessory,3,Married,4,No Complaint,11.0,1.0,1.0,7.0,139.75,Active,Loyal (12+ months),0
50906,0,4.0,Mobile Phone,Tier 3,14.0,Debit Card,Male,2.0,3,Fashion,2,Married,2,No Complaint,18.0,2.0,9.0,9.0,207.93,Active,New (0-6 months),1
50907,1,9.0,Mobile Phone,Tier 3,15.0,E wallet,Male,2.0,3,Fashion,1,Married,5,No Complaint,11.0,0.0,4.0,3.0,200.96,Churned,Mid (6-12 months),1
50908,1,2.0,Computer,Tier 1,8.0,Debit Card,Female,2.0,4,Mobile Phone,5,Single,3,Complained,23.0,0.0,1.0,0.0,136.46,Churned,New (0-6 months),2
50909,1,0.0,Computer,Tier 1,6.0,Debit Card,Female,3.0,1,Fashion,4,Single,2,No Complaint,11.0,3.0,4.0,7.0,174.46,Churned,New (0-6 months),0
50910,0,18.0,Mobile Phone,Tier 1,26.0,Credit Card,Male,3.0,5,Fashion,5,Married,3,Complained,18.0,0.0,1.0,7.0,208.51,Active,Loyal (12+ months),2
50911,0,9.0,Phone,Tier 2,14.0,CC,Female,3.0,1,Mobile,4,Single,10,No Complaint,18.0,0.0,1.0,2.0,121.09,Active,Mid (6-12 months),0
50912,1,0.0,Computer,Tier 1,8.0,Debit Card,Male,3.0,3,Mobile Phone,1,Divorced,7,Complained,13.0,2.0,2.0,2.0,137.22,Churned,New (0-6 months),3
50913,0,18.0,Mobile Phone,Tier 1,35.0,Cash on Delivery,Male,2.0,3,Fashion,1,Divorced,5,Complained,18.0,1.0,1.0,2.0,193.8,Active,Loyal (12+ months),3
50914,0,21.0,Mobile Phone,Tier 3,13.0,E wallet,Male,3.0,3,Laptop & Accessory,5,Married,5,No Complaint,11.0,1.0,2.0,2.0,154.86,Active,Loyal (12+ months),0
50915,1,0.0,Phone,Tier 2,15.0,COD,Female,3.0,3,Mobile,3,Divorced,2,No Complaint,15.0,1.0,2.0,2.0,127.42,Churned,New (0-6 months),0
50916,0,13.0,Computer,Tier 1,14.0,Credit Card,Male,2.0,4,Fashion,4,Married,3,No Complaint,11.0,1.0,2.0,8.0,237.57,Active,Loyal (12+ months),0
50917,0,1.0,Mobile Phone,Tier 3,11.0,Credit Card,Male,2.0,3,Laptop & Accessory,5,Single,1,No Complaint,18.0,1.0,1.0,3.0,184.63,Active,New (0-6 months),0
50918,0,17.0,Computer,Tier 1,11.0,Debit Card,Male,3.0,4,Mobile,3,Single,4,No Complaint,14.0,0.0,1.0,3.0,131.62,Active,Loyal (12+ months),0
50919,0,26.0,Mobile Phone,Tier 1,8.0,Credit Card,Male,2.0,1,Grocery,4,Single,5,No Complaint,12.0,1.0,8.0,8.0,265.98,Active,Loyal (12+ months),0
50920,0,22.0,Mobile Phone,Tier 1,11.0,COD,Male,3.0,3,Laptop & Accessory,3,Divorced,3,No Complaint,14.0,0.0,1.0,2.0,166.51,Active,Loyal (12+ months),0
50921,0,13.0,Phone,Tier 1,14.0,CC,Male,3.0,3,Mobile,3,Married,3,No Complaint,14.0,0.0,1.0,2.0,123.45,Active,Loyal (12+ months),0
50922,0,17.0,Phone,Tier 1,26.0,Debit Card,Male,2.0,3,Mobile,4,Single,2,No Complaint,13.0,1.0,1.0,3.0,134.2,Active,Loyal (12+ months),0
50923,0,6.0,Computer,Tier 3,13.0,Credit Card,Male,2.0,3,Laptop & Accessory,5,Divorced,1,No Complaint,14.0,0.0,1.0,3.0,143.73,Active,New (0-6 months),0
50924,0,7.0,Phone,Tier 3,9.0,UPI,Male,2.0,5,Laptop & Accessory,5,Single,4,No Complaint,18.0,2.0,3.0,12.0,147.59,Active,Mid (6-12 months),0
50925,0,3.0,Mobile Phone,Tier 3,22.0,Debit Card,Male,3.0,3,Laptop & Accessory,3,Divorced,9,No Complaint,15.0,0.0,2.0,2.0,153.01,Active,New (0-6 months),0
50926,0,15.0,Computer,Tier 1,15.0,Credit Card,Female,3.0,3,Mobile Phone,1,Single,2,No Complaint,13.0,4.0,5.0,8.0,136.73,Active,Loyal (12+ months),1
50927,0,17.0,Computer,Tier 3,6.0,E wallet,Female,3.0,3,Laptop & Accessory,3,Divorced,8,No Complaint,12.0,1.0,1.0,0.0,147.68,Active,Loyal (12+ months),0
50928,0,9.0,Computer,Tier 1,13.0,Cash on Delivery,Male,3.0,3,Mobile Phone,3,Married,2,No Complaint,13.0,0.0,1.0,0.0,112.74,Active,Mid (6-12 months),0
50929,0,50.0,Phone,Tier 1,6.0,Debit Card,Male,3.0,1,Laptop & Accessory,3,Divorced,1,No Complaint,24.0,1.0,2.0,8.0,149.0,Active,Loyal (12+ months),0
50930,0,22.0,Mobile Phone,Tier 1,13.0,Debit Card,Male,2.0,3,Fashion,4,Married,4,No Complaint,14.0,0.0,1.0,7.0,204.66,Active,Loyal (12+ months),0
50931,0,7.0,Computer,Tier 1,21.0,Credit Card,Male,3.0,3,Grocery,5,Married,8,No Complaint,14.0,1.0,6.0,9.0,270.07,Active,Mid (6-12 months),0
50932,1,0.0,Computer,Tier 3,6.0,COD,Male,3.0,3,Mobile,3,Divorced,4,No Complaint,15.0,1.0,1.0,2.0,129.09,Churned,New (0-6 months),0
50933,1,0.0,Computer,Tier 3,19.0,COD,Female,2.0,3,Laptop & Accessory,4,Single,6,No Complaint,11.0,0.0,1.0,0.0,157.65,Churned,New (0-6 months),0
50934,1,0.0,Phone,Tier 3,30.0,Credit Card,Female,2.0,4,Laptop & Accessory,4,Single,1,Complained,23.0,2.0,10.0,10.0,145.99,Churned,New (0-6 months),2
50935,0,8.0,Phone,Tier 3,14.0,Debit Card,Male,3.0,3,Mobile,3,Divorced,2,No Complaint,13.0,1.0,1.0,0.0,124.04,Active,Mid (6-12 months),0
50936,1,0.0,Computer,Tier 1,15.0,CC,Male,2.0,3,Mobile,5,Single,3,Complained,11.0,0.0,1.0,0.0,131.72,Churned,New (0-6 months),2
50937,0,9.0,Computer,Tier 3,19.0,Debit Card,Female,3.0,3,Mobile,4,Divorced,2,No Complaint,13.0,0.0,1.0,0.0,120.33,Active,Mid (6-12 months),0
50938,0,17.0,Computer,Tier 1,8.0,Credit Card,Male,2.0,3,Fashion,3,Single,6,Complained,18.0,0.0,2.0,2.0,202.09,Active,Loyal (12+ months),2
50939,0,2.0,Mobile Phone,Tier 3,25.0,Debit Card,Male,3.0,4,Laptop & Accessory,3,Married,2,No Complaint,14.0,1.0,1.0,4.0,186.2,Active,New (0-6 months),0
50940,0,9.0,Phone,Tier 2,6.0,Debit Card,Male,2.0,3,Mobile,3,Married,1,No Complaint,21.0,0.0,1.0,3.0,120.64,Active,Mid (6-12 months),0
50941,0,28.0,Phone,Tier 1,10.0,Debit Card,Male,1.0,3,Laptop & Accessory,3,Divorced,1,Complained,16.0,0.0,1.0,2.0,140.35,Active,Loyal (12+ months),2
50942,0,6.0,Phone,Tier 1,10.0,Credit Card,Female,2.0,4,Mobile Phone,4,Divorced,9,No Complaint,11.0,0.0,1.0,2.0,138.38,Active,New (0-6 months),0
50943,0,20.0,Phone,Tier 3,20.0,Credit Card,Female,3.0,3,Laptop & Accessory,3,Divorced,4,Complained,17.0,1.0,1.0,2.0,145.91,Active,Loyal (12+ months),2
50944,1,0.0,Computer,Tier 1,14.0,CC,Male,2.0,4,Mobile,5,Single,8,No Complaint,11.0,0.0,1.0,0.0,125.61,Churned,New (0-6 months),0
50945,0,9.0,Mobile Phone,Tier 1,6.0,Debit Card,Male,3.0,4,Mobile Phone,3,Married,2,No Complaint,14.0,0.0,1.0,0.0,115.63,Active,Mid (6-12 months),0
50946,0,1.0,Computer,Tier 3,13.0,Debit Card,Male,2.0,3,Laptop & Accessory,5,Single,1,No Complaint,14.0,1.0,1.0,3.0,148.98,Active,New (0-6 months),0
50947,0,22.0,Phone,Tier 1,9.0,Credit Card,Female,2.0,4,Laptop & Accessory,5,Divorced,5,No Complaint,25.0,1.0,1.0,2.0,147.89,Active,Loyal (12+ months),0
50948,0,2.0,Computer,Tier 1,8.0,Debit Card,Female,3.0,3,Mobile,4,Divorced,1,No Complaint,13.0,0.0,1.0,2.0,131.8,Active,New (0-6 months),0
50949,0,1.0,Mobile Phone,Tier 1,35.0,Debit Card,Male,3.0,5,Laptop & Accessory,4,Divorced,2,No Complaint,14.0,1.0,1.0,7.0,165.49,Active,New (0-6 months),0
50950,0,6.0,Mobile Phone,Tier 1,14.0,Debit Card,Male,3.0,3,Laptop & Accessory,3,Single,3,Complained,17.0,0.0,1.0,0.0,163.88,Active,New (0-6 months),2
50951,0,5.0,Mobile Phone,Tier 1,16.0,Credit Card,Male,0.0,3,Fashion,1,Single,3,No Complaint,25.0,0.0,1.0,3.0,212.44,Active,New (0-6 months),1
50952,0,27.0,Computer,Tier 1,17.0,Credit Card,Female,2.0,3,Grocery,1,Married,4,No Complaint,20.0,1.0,2.0,12.0,260.32,Active,Loyal (12+ months),1
50953,1,0.0,Phone,Tier 1,14.0,COD,Male,3.0,4,Mobile,5,Single,7,No Complaint,13.0,0.0,1.0,7.0,123.62,Churned,New (0-6 months),0
50954,0,17.0,Mobile Phone,Tier 1,34.0,Debit Card,Male,2.0,3,Grocery,5,Divorced,4,No Complaint,13.0,1.0,14.0,17.0,263.28,Active,Loyal (12+ months),0
50955,0,12.0,Mobile Phone,Tier 1,12.0,Debit Card,Female,2.0,3,Fashion,4,Single,5,No Complaint,18.0,0.0,2.0,2.0,183.76,Active,Mid (6-12 months),0
50956,0,19.0,Mobile Phone,Tier 3,9.0,Debit Card,Female,2.0,3,Grocery,4,Divorced,9,No Complaint,12.0,1.0,5.0,1.0,266.06,Active,Loyal (12+ months),0
50957,0,8.0,Mobile Phone,Tier 1,22.0,Debit Card,Female,3.0,4,Fashion,4,Single,2,No Complaint,19.0,1.0,3.0,3.0,186.06,Active,Mid (6-12 months),0
50958,0,9.0,Phone,Tier 1,26.0,Debit Card,Male,3.0,3,Laptop & Accessory,3,Single,1,No Complaint,14.0,1.0,1.0,2.0,122.72,Active,Mid (6-12 months),0
50959,1,9.0,Mobile Phone,Tier 1,15.0,Debit Card,Male,2.0,3,Mobile,5,Single,4,No Complaint,14.0,1.0,1.0,0.0,120.18,Churned,Mid (6-12 months),0
50960,0,7.0,Mobile Phone,Tier 3,6.0,COD,Male,3.0,4,Fashion,3,Divorced,2,Complained,14.0,7.0,8.0,6.0,170.83,Active,Mid (6-12 months),2
50961,1,0.0,Computer,Tier 1,9.0,Debit Card,Female,2.0,3,Mobile Phone,3,Single,2,No Complaint,12.0,6.0,7.0,7.0,140.84,Churned,New (0-6 months),0
50962,0,23.0,Computer,Tier 1,28.0,Credit Card,Male,2.0,5,Grocery,1,Single,2,Complained,13.0,13.0,2.0,9.0,244.11,Active,Loyal (12+ months),3
50963,0,9.0,Phone,Tier 3,13.0,COD,Male,2.0,3,Mobile,3,Married,1,Complained,25.0,0.0,5.0,7.0,123.08,Active,Mid (6-12 months),2
50964,0,15.0,Phone,Tier 1,8.0,Credit Card,Male,3.0,4,Mobile Phone,4,Married,5,No Complaint,14.0,1.0,1.0,0.0,148.41,Active,Loyal (12+ months),0
50965,0,10.0,Phone,Tier 1,19.0,Credit Card,Male,2.0,3,Laptop & Accessory,1,Married,2,No Complaint,17.0,0.0,3.0,7.0,142.85,Active,Mid (6-12 months),1
50966,0,2.0,Mobile Phone,Tier 1,14.0,UPI,Female,2.0,5,Laptop & Accessory,5,Married,4,No Complaint,13.0,0.0,1.0,7.0,197.15,Active,New (0-6 months),0
50967,0,6.0,Phone,Tier 1,31.0,Debit Card,Male,2.0,4,Laptop & Accessory,4,Single,2,No Complaint,13.0,0.0,1.0,2.0,143.2,Active,New (0-6 months),0
50968,0,9.0,Phone,Tier 1,34.0,Cash on Delivery,Male,3.0,3,Mobile,1,Married,5,No Complaint,20.0,1.0,1.0,3.0,121.32,Active,Mid (6-12 months),1
50969,0,15.0,Computer,Tier 1,8.0,Debit Card,Male,2.0,3,Fashion,1,Married,3,Complained,14.0,12.0,13.0,9.0,201.24,Active,Loyal (12+ months),3
50970,0,13.0,Mobile Phone,Tier 3,15.0,Credit Card,Male,2.0,3,Laptop & Accessory,5,Married,1,No Complaint,12.0,2.0,7.0,1.0,154.73,Active,Loyal (12+ months),0
50971,0,6.0,Mobile Phone,Tier 1,34.0,Debit Card,Male,3.0,3,Laptop & Accessory,3,Married,2,Complained,12.0,1.0,5.0,7.0,152.07,Active,New (0-6 months),2
50972,0,13.0,Mobile Phone,Tier 2,12.0,Credit Card,Male,2.0,3,Grocery,1,Single,2,Complained,21.0,1.0,7.0,7.0,264.37,Active,Loyal (12+ months),3
50973,0,9.0,Phone,Tier 1,27.0,COD,Male,2.0,4,Mobile,5,Married,1,No Complaint,14.0,0.0,1.0,0.0,122.96,Active,Mid (6-12 months),0
50974,0,13.0,Computer,Tier 1,14.0,Debit Card,Male,3.0,3,Laptop & Accessory,1,Married,4,Complained,18.0,2.0,2.0,2.0,140.69,Active,Loyal (12+ months),3
50975,0,18.0,Mobile Phone,Tier 1,6.0,COD,Male,3.0,3,Fashion,4,Married,2,No Complaint,12.0,6.0,7.0,7.0,174.41,Active,Loyal (12+ months),0
50976,0,8.0,Phone,Tier 3,14.0,Debit Card,Female,3.0,4,Mobile,3,Married,1,No Complaint,23.0,2.0,4.0,2.0,124.3,Active,Mid (6-12 months),0
50977,0,5.0,Mobile Phone,Tier 1,11.0,Debit Card,Female,3.0,4,Laptop & Accessory,4,Married,4,No Complaint,12.0,1.0,2.0,5.0,158.78,Active,New (0-6 months),0
50978,0,9.0,Phone,Tier 3,14.0,Debit Card,Male,3.0,3,Mobile,1,Single,4,Complained,21.0,0.0,1.0,2.0,126.44,Active,Mid (6-12 months),3
50979,0,21.0,Mobile Phone,Tier 3,22.0,Debit Card,Female,3.0,3,Laptop & Accessory,3,Married,9,No Complaint,14.0,1.0,7.0,7.0,164.39,Active,Loyal (12+ months),0
50980,0,2.0,Phone,Tier 1,14.0,Debit Card,Male,3.0,1,Mobile,3,Married,7,No Complaint,18.0,1.0,1.0,0.0,124.51,Active,New (0-6 months),0
50981,0,6.0,Mobile Phone,Tier 3,14.0,Debit Card,Male,2.0,3,Laptop & Accessory,5,Married,3,No Complaint,13.0,2.0,2.0,2.0,163.92,Active,New (0-6 months),0
50982,1,0.0,Mobile Phone,Tier 3,6.0,Debit Card,Male,3.0,4,Laptop & Accessory,5,Married,2,No Complaint,11.0,3.0,6.0,7.0,197.14,Churned,New (0-6 months),0
50983,0,11.0,Computer,Tier 2,16.0,UPI,Male,3.0,3,Laptop & Accessory,3,Married,4,No Complaint,11.0,0.0,1.0,2.0,160.77,Active,Mid (6-12 months),0
50984,0,8.0,Phone,Tier 1,14.0,CC,Male,3.0,4,Mobile,5,Single,2,No Complaint,19.0,0.0,1.0,2.0,124.5,Active,Mid (6-12 months),0
50985,0,3.0,Mobile Phone,Tier 3,35.0,COD,Male,2.0,3,Fashion,4,Married,4,No Complaint,12.0,0.0,1.0,3.0,192.5,Active,New (0-6 months),0
50986,1,9.0,Phone,Tier 1,8.0,Debit Card,Female,3.0,3,Mobile,5,Married,2,Complained,12.0,1.0,1.0,0.0,120.74,Churned,Mid (6-12 months),2
50987,1,16.0,Mobile Phone,Tier 1,8.0,Cash on Delivery,Female,3.0,4,Fashion,1,Married,1,No Complaint,16.0,1.0,1.0,9.0,201.69,Churned,Loyal (12+ months),1
50988,1,1.0,Phone,Tier 1,8.0,Credit Card,Male,2.0,3,Laptop & Accessory,4,Married,5,No Complaint,11.0,0.0,1.0,4.0,148.55,Churned,New (0-6 months),0
50989,0,5.0,Computer,Tier 1,6.0,COD,Male,3.0,3,Laptop & Accessory,5,Married,5,No Complaint,14.0,1.0,1.0,2.0,140.87,Active,New (0-6 months),0
50990,0,21.0,Phone,Tier 1,14.0,UPI,Female,3.0,3,Mobile,5,Married,9,No Complaint,12.0,7.0,7.0,6.0,123.67,Active,Loyal (12+ months),0
50991,0,7.0,Phone,Tier 1,13.0,CC,Male,3.0,3,Mobile,1,Single,2,No Complaint,13.0,0.0,1.0,0.0,129.72,Active,Mid (6-12 months),1
50992,0,28.0,Mobile Phone,Tier 3,32.0,E wallet,Male,2.0,4,Others,1,Married,2,No Complaint,15.0,2.0,2.0,13.0,295.86,Active,Loyal (12+ months),1
50993,0,7.0,Mobile Phone,Tier 1,6.0,Debit Card,Male,2.0,3,Laptop & Accessory,1,Married,10,No Complaint,17.0,1.0,2.0,1.0,154.84,Active,Mid (6-12 months),1
50994,0,9.0,Phone,Tier 1,9.0,Debit Card,Female,2.0,3,Mobile,1,Married,2,No Complaint,21.0,1.0,1.0,0.0,120.61,Active,Mid (6-12 months),1
50995,0,11.0,Mobile Phone,Tier 3,20.0,Debit Card,Male,3.0,3,Laptop & Accessory,4,Married,1,No Complaint,11.0,5.0,7.0,7.0,199.24,Active,Mid (6-12 months),0
50996,0,11.0,Phone,Tier 3,22.0,Debit Card,Female,2.0,3,Laptop & Accessory,4,Single,3,No Complaint,12.0,0.0,1.0,2.0,141.98,Active,Mid (6-12 months),0
50997,0,9.0,Mobile Phone,Tier 3,6.0,Debit Card,Female,3.0,3,Laptop & Accessory,3,Single,7,No Complaint,13.0,1.0,1.0,0.0,168.15,Active,Mid (6-12 months),0
50998,0,2.0,Phone,Tier 1,9.0,Credit Card,Male,2.0,3,Mobile Phone,5,Single,2,Complained,18.0,0.0,1.0,5.0,147.23,Active,New (0-6 months),2
50999,0,8.0,Mobile Phone,Tier 1,16.0,Credit Card,Female,2.0,3,Laptop & Accessory,3,Single,4,Complained,16.0,1.0,1.0,4.0,161.42,Active,Mid (6-12 months),2
51000,0,12.0,Mobile Phone,Tier 3,12.0,Credit Card,Male,2.0,1,Fashion,3,Married,3,No Complaint,11.0,4.0,7.0,6.0,182.37,Active,Mid (6-12 months),0
51001,0,2.0,Computer,Tier 1,8.0,Debit Card,Male,2.0,3,Laptop & Accessory,1,Married,2,No Complaint,19.0,0.0,1.0,3.0,188.53,Active,New (0-6 months),1
51002,0,23.0,Mobile Phone,Tier 3,5.0,E wallet,Male,2.0,3,Others,3,Married,5,Complained,15.0,0.0,1.0,0.0,293.31,Active,Loyal (12+ months),2
51003,0,9.0,Phone,Tier 1,16.0,Cash on Delivery,Male,2.0,1,Mobile,3,Married,3,No Complaint,16.0,2.0,2.0,2.0,120.73,Active,Mid (6-12 months),0
51004,0,9.0,Computer,Tier 1,12.0,Debit Card,Male,3.0,1,Laptop & Accessory,5,Married,4,Complained,13.0,1.0,1.0,2.0,155.62,Active,Mid (6-12 months),2
51005,0,15.0,Mobile Phone,Tier 1,15.0,UPI,Male,3.0,4,Others,1,Single,9,No Complaint,15.0,1.0,1.0,1.0,296.13,Active,Loyal (12+ months),1
51006,0,8.0,Phone,Tier 1,34.0,Debit Card,Male,2.0,1,Laptop & Accessory,3,Married,2,No Complaint,17.0,5.0,6.0,8.0,134.07,Active,Mid (6-12 months),0
51007,0,7.0,Computer,Tier 1,16.0,COD,Male,3.0,4,Laptop & Accessory,3,Married,2,No Complaint,14.0,2.0,7.0,7.0,150.63,Active,Mid (6-12 months),0
51008,0,13.0,Phone,Tier 3,20.0,Debit Card,Female,2.0,3,Laptop & Accessory,5,Married,2,No Complaint,15.0,0.0,1.0,2.0,146.39,Active,Loyal (12+ months),0
51009,0,16.0,Phone,Tier 1,33.0,COD,Male,2.0,1,Mobile Phone,4,Married,6,No Complaint,12.0,1.0,1.0,2.0,148.76,Active,Loyal (12+ months),0
51010,0,8.0,Phone,Tier 1,13.0,Debit Card,Male,3.0,4,Mobile,1,Married,2,No Complaint,18.0,1.0,1.0,1.0,126.9,Active,Mid (6-12 months),1
51011,0,19.0,Mobile Phone,Tier 3,6.0,Debit Card,Male,2.0,1,Grocery,5,Single,2,No Complaint,15.0,1.0,1.0,12.0,275.67,Active,Loyal (12+ months),0
51012,1,0.0,Phone,Tier 1,14.0,CC,Male,2.0,3,Mobile,4,Married,2,Complained,17.0,0.0,1.0,0.0,124.08,Churned,New (0-6 months),2
51013,0,0.0,Computer,Tier 1,32.0,UPI,Female,3.0,4,Mobile,3,Married,2,Complained,14.0,0.0,1.0,3.0,128.14,Active,New (0-6 months),2
51014,0,23.0,Computer,Tier 1,26.0,Credit Card,Male,2.0,3,Grocery,3,Married,3,Complained,15.0,3.0,12.0,3.0,212.45,Active,Loyal (12+ months),2
51015,0,5.0,Phone,Tier 1,11.0,UPI,Female,2.0,1,Mobile,1,Married,4,No Complaint,17.0,1.0,1.0,2.0,133.12,Active,New (0-6 months),1
51016,0,17.0,Mobile Phone,Tier 1,13.0,Credit Card,Female,2.0,3,Others,1,Married,1,Complained,14.0,1.0,1.0,10.0,290.49,Active,Loyal (12+ months),3
51017,0,9.0,Phone,Tier 1,13.0,CC,Male,2.0,4,Mobile,4,Married,2,No Complaint,12.0,0.0,1.0,1.0,121.41,Active,Mid (6-12 months),0
51018,0,18.0,Mobile Phone,Tier 1,11.0,Credit Card,Female,2.0,5,Laptop & Accessory,5,Single,2,Complained,14.0,1.0,1.0,4.0,157.69,Active,Loyal (12+ months),2
51019,0,18.0,Computer,Tier 3,32.0,E wallet,Male,2.0,4,Laptop & Accessory,5,Married,2,No Complaint,15.0,0.0,4.0,5.0,143.85,Active,Loyal (12+ months),0
51020,0,4.0,Computer,Tier 3,8.0,UPI,Male,2.0,3,Laptop & Accessory,5,Single,8,No Complaint,13.0,0.0,1.0,3.0,153.32,Active,New (0-6 months),0
51021,0,9.0,Phone,Tier 1,18.0,Debit Card,Female,3.0,3,Laptop & Accessory,3,Married,10,Complained,12.0,0.0,1.0,1.0,146.63,Active,Mid (6-12 months),2
51022,0,7.0,Computer,Tier 1,16.0,Debit Card,Male,2.0,1,Laptop & Accessory,1,Married,2,No Complaint,13.0,5.0,7.0,2.0,147.24,Active,Mid (6-12 months),1
51023,0,22.0,Phone,Tier 1,31.0,Debit Card,Female,2.0,3,Mobile,5,Married,2,No Complaint,14.0,0.0,1.0,4.0,132.11,Active,Loyal (12+ months),0
51024,0,12.0,Mobile Phone,Tier 1,16.0,Credit Card,Male,3.0,3,Laptop & Accessory,5,Married,3,No Complaint,13.0,4.0,7.0,7.0,153.77,Active,Mid (6-12 months),0
51025,0,0.0,Phone,Tier 1,25.0,UPI,Male,3.0,4,Mobile Phone,5,Married,2,No Complaint,11.0,0.0,1.0,7.0,140.66,Active,New (0-6 months),0
51026,0,8.0,Mobile Phone,Tier 1,24.0,Debit Card,Male,2.0,1,Laptop & Accessory,5,Married,2,No Complaint,11.0,0.0,1.0,10.0,152.08,Active,Mid (6-12 months),0
51027,0,1.0,Mobile Phone,Tier 1,33.0,Credit Card,Female,2.0,5,Laptop & Accessory,5,Married,1,No Complaint,21.0,1.0,1.0,0.0,0.0,Active,New (0-6 months),0
51028,0,0.0,Phone,Tier 1,11.0,CC,Male,3.0,3,Mobile,1,Single,2,No Complaint,18.0,1.0,2.0,2.0,131.17,Active,New (0-6 months),1
51029,1,9.0,Computer,Tier 3,9.0,Credit Card,Female,3.0,3,Mobile Phone,1,Single,2,Complained,12.0,0.0,1.0,0.0,115.69,Churned,Mid (6-12 months),3
51030,0,20.0,Mobile Phone,Tier 2,32.0,Debit Card,Female,3.0,3,Others,3,Married,4,No Complaint,15.0,1.0,1.0,0.0,296.58,Active,Loyal (12+ months),0
51031,0,12.0,Phone,Tier 1,9.0,CC,Male,3.0,4,Laptop & Accessory,3,Married,1,No Complaint,15.0,0.0,1.0,7.0,130.69,Active,Mid (6-12 months),0
51032,0,13.0,Mobile Phone,Tier 1,21.0,Debit Card,Female,3.0,4,Fashion,3,Married,2,No Complaint,13.0,1.0,14.0,12.0,204.35,Active,Loyal (12+ months),0
51033,0,8.0,Computer,Tier 1,14.0,Debit Card,Female,2.0,3,Laptop & Accessory,3,Married,2,No Complaint,12.0,2.0,2.0,9.0,141.48,Active,Mid (6-12 months),0
51034,0,10.0,Mobile Phone,Tier 1,25.0,Debit Card,Male,2.0,3,Laptop & Accessory,3,Married,4,No Complaint,17.0,0.0,1.0,2.0,157.68,Active,Mid (6-12 months),0
51035,0,12.0,Computer,Tier 1,10.0,Credit Card,Female,2.0,3,Laptop & Accessory,3,Single,1,No Complaint,13.0,3.0,3.0,8.0,150.42,Active,Mid (6-12 months),0
51036,0,18.0,Mobile Phone,Tier 1,8.0,UPI,Female,2.0,4,Laptop & Accessory,1,Married,2,No Complaint,19.0,2.0,3.0,9.0,157.7,Active,Loyal (12+ months),1
51037,0,11.0,Mobile Phone,Tier 1,8.0,Credit Card,Female,2.0,4,Fashion,3,Married,4,Complained,19.0,1.0,1.0,2.0,177.56,Active,Mid (6-12 months),2
51038,1,0.0,Mobile Phone,Tier 3,16.0,Credit Card,Male,2.0,4,Fashion,5,Married,10,No Complaint,17.0,4.0,6.0,0.0,203.06,Churned,New (0-6 months),0
51039,0,10.0,Phone,Tier 1,16.0,Credit Card,Female,3.0,3,Mobile Phone,4,Married,2,No Complaint,11.0,1.0,7.0,7.0,139.36,Active,Mid (6-12 months),0
51040,0,13.0,Mobile Phone,Tier 1,22.0,Debit Card,Female,2.0,3,Fashion,1,Single,7,Complained,15.0,1.0,3.0,3.0,179.45,Active,Loyal (12+ months),3
51041,0,17.0,Computer,Tier 2,6.0,UPI,Male,2.0,3,Laptop & Accessory,1,Married,5,Complained,11.0,1.0,1.0,2.0,157.43,Active,Loyal (12+ months),3
51042,0,21.0,Computer,Tier 1,10.0,Credit Card,Male,2.0,4,Grocery,1,Married,3,No Complaint,25.0,2.0,2.0,2.0,252.02,Active,Loyal (12+ months),1
51043,1,0.0,Mobile Phone,Tier 3,21.0,Credit Card,Male,2.0,5,Laptop & Accessory,1,Married,7,Complained,14.0,1.0,2.0,2.0,154.4,Churned,New (0-6 months),3
51044,0,0.0,Computer,Tier 1,8.0,COD,Female,2.0,3,Mobile Phone,1,Single,2,Complained,13.0,1.0,1.0,3.0,137.6,Active,New (0-6 months),3
51045,0,0.0,Phone,Tier 1,14.0,Credit Card,Female,2.0,1,Mobile,3,Married,8,No Complaint,17.0,0.0,1.0,2.0,135.17,Active,New (0-6 months),0
51046,0,0.0,Computer,Tier 1,14.0,CC,Male,2.0,3,Mobile,1,Single,3,No Complaint,13.0,0.0,1.0,2.0,125.8,Active,New (0-6 months),1
51047,1,9.0,Phone,Tier 1,13.0,Debit Card,Male,3.0,3,Mobile,5,Single,4,Complained,14.0,0.0,1.0,3.0,121.66,Churned,Mid (6-12 months),2
51048,0,2.0,Mobile Phone,Tier 3,16.0,Credit Card,Male,2.0,4,Laptop & Accessory,3,Single,10,No Complaint,11.0,1.0,1.0,4.0,158.69,Active,New (0-6 months),0
51049,0,9.0,Mobile Phone,Tier 1,11.0,Debit Card,Female,2.0,3,Fashion,5,Married,5,No Complaint,12.0,1.0,1.0,2.0,180.08,Active,Mid (6-12 months),0
51050,0,0.0,Computer,Tier 1,8.0,Debit Card,Male,3.0,1,Laptop & Accessory,3,Married,2,No Complaint,17.0,0.0,1.0,7.0,152.06,Active,New (0-6 months),0
51051,0,12.0,Mobile Phone,Tier 1,18.0,Credit Card,Male,3.0,3,Laptop & Accessory,4,Married,5,No Complaint,21.0,1.0,1.0,0.0,152.95,Active,Mid (6-12 months),0
51052,0,22.0,Mobile Phone,Tier 1,28.0,UPI,Female,3.0,3,Grocery,4,Married,4,No Complaint,16.0,1.0,1.0,2.0,264.13,Active,Loyal (12+ months),0
51053,0,23.0,Mobile Phone,Tier 1,23.0,Debit Card,Female,2.0,4,Fashion,5,Married,6,No Complaint,15.0,1.0,2.0,11.0,232.69,Active,Loyal (12+ months),0
51054,0,0.0,Phone,Tier 3,8.0,CC,Female,3.0,3,Mobile,3,Single,2,No Complaint,19.0,0.0,2.0,2.0,127.83,Active,New (0-6 months),0
51055,0,7.0,Mobile Phone,Tier 1,9.0,Debit Card,Female,3.0,3,Laptop & Accessory,4,Married,2,No Complaint,12.0,7.0,7.0,9.0,154.33,Active,Mid (6-12 months),0
51056,0,9.0,Mobile Phone,Tier 1,13.0,Debit Card,Male,3.0,3,Mobile,4,Single,3,No Complaint,11.0,0.0,1.0,3.0,120.13,Active,Mid (6-12 months),0
51057,0,22.0,Mobile Phone,Tier 1,12.0,Debit Card,Female,2.0,4,Grocery,3,Married,3,Complained,19.0,1.0,2.0,12.0,239.66000000000005,Active,Loyal (12+ months),2
51058,0,9.0,Computer,Tier 1,6.0,Credit Card,Female,2.0,4,Laptop & Accessory,3,Married,1,No Complaint,15.0,1.0,1.0,2.0,143.74,Active,Mid (6-12 months),0
51059,0,9.0,Mobile Phone,Tier 1,9.0,Debit Card,Male,3.0,1,Laptop & Accessory,5,Married,7,No Complaint,20.0,1.0,1.0,4.0,168.42,Active,Mid (6-12 months),0
51060,0,27.0,Mobile Phone,Tier 1,28.0,Credit Card,Female,3.0,3,Grocery,3,Married,4,No Complaint,25.0,1.0,4.0,7.0,274.26,Active,Loyal (12+ months),0
51061,0,16.0,Mobile Phone,Tier 1,21.0,Debit Card,Male,3.0,4,Grocery,3,Married,2,No Complaint,24.0,1.0,6.0,11.0,276.03,Active,Loyal (12+ months),0
51062,1,0.0,Computer,Tier 3,18.0,UPI,Male,2.0,3,Laptop & Accessory,1,Single,4,Complained,24.0,3.0,6.0,7.0,145.81,Churned,New (0-6 months),3
51063,0,11.0,Computer,Tier 1,6.0,Debit Card,Male,2.0,3,Laptop & Accessory,1,Married,8,No Complaint,15.0,2.0,2.0,9.0,147.35,Active,Mid (6-12 months),1
51064,0,2.0,Phone,Tier 3,11.0,Credit Card,Male,2.0,4,Laptop & Accessory,4,Married,2,Complained,13.0,0.0,1.0,9.0,141.87,Active,New (0-6 months),2
51065,0,6.0,Mobile Phone,Tier 3,8.0,Credit Card,Male,3.0,3,Laptop & Accessory,1,Married,2,No Complaint,14.0,1.0,1.0,4.0,155.05,Active,New (0-6 months),1
51066,0,5.0,Mobile Phone,Tier 1,8.0,Credit Card,Male,2.0,3,Laptop & Accessory,4,Married,1,No Complaint,13.0,0.0,1.0,6.0,154.7,Active,New (0-6 months),0
51067,0,4.0,Mobile Phone,Tier 3,11.0,Debit Card,Female,3.0,3,Laptop & Accessory,1,Married,2,No Complaint,11.0,0.0,1.0,2.0,154.76,Active,New (0-6 months),1
51068,0,22.0,Phone,Tier 1,14.0,CC,Female,3.0,3,Mobile,5,Married,5,Complained,16.0,1.0,2.0,2.0,125.87,Active,Loyal (12+ months),2
51069,0,11.0,Computer,Tier 1,14.0,CC,Female,2.0,4,Mobile,4,Single,2,No Complaint,22.0,1.0,3.0,3.0,124.4,Active,Mid (6-12 months),0
51070,0,20.0,Mobile Phone,Tier 3,8.0,Debit Card,Female,2.0,1,Grocery,4,Married,7,No Complaint,14.0,0.0,2.0,2.0,259.72,Active,Loyal (12+ months),0
51071,0,22.0,Mobile Phone,Tier 1,6.0,Debit Card,Male,2.0,3,Grocery,3,Single,5,No Complaint,14.0,1.0,2.0,0.0,253.79,Active,Loyal (12+ months),0
51072,0,14.0,Mobile Phone,Tier 3,29.0,Debit Card,Male,3.0,3,Fashion,3,Single,4,Complained,16.0,0.0,1.0,2.0,170.82,Active,Loyal (12+ months),2
51073,0,0.0,Phone,Tier 3,15.0,Debit Card,Male,3.0,3,Mobile,5,Single,2,No Complaint,11.0,0.0,1.0,2.0,127.28,Active,New (0-6 months),0
51074,0,6.0,Computer,Tier 3,22.0,Debit Card,Female,2.0,3,Laptop & Accessory,1,Married,2,Complained,25.0,0.0,1.0,2.0,153.68,Active,New (0-6 months),3
51075,0,9.0,Mobile Phone,Tier 1,32.0,Debit Card,Male,3.0,3,Laptop & Accessory,3,Married,7,No Complaint,14.0,1.0,1.0,2.0,153.47,Active,Mid (6-12 months),0
51076,0,17.0,Phone,Tier 2,6.0,Debit Card,Female,2.0,3,Mobile,1,Married,5,Complained,18.0,2.0,2.0,2.0,131.95,Active,Loyal (12+ months),3
51077,1,0.0,Phone,Tier 1,14.0,Credit Card,Male,3.0,4,Mobile Phone,3,Single,2,Complained,11.0,1.0,1.0,2.0,139.89,Churned,New (0-6 months),2
51078,0,11.0,Phone,Tier 1,10.0,CC,Female,2.0,3,Mobile,3,Married,8,No Complaint,19.0,0.0,1.0,0.0,133.06,Active,Mid (6-12 months),0
51079,0,26.0,Mobile Phone,Tier 1,30.0,Credit Card,Male,2.0,1,Fashion,1,Married,4,No Complaint,15.0,0.0,1.0,2.0,170.05,Active,Loyal (12+ months),1
51080,1,11.0,Computer,Tier 3,14.0,CC,Female,3.0,3,Mobile,3,Married,3,Complained,11.0,4.0,7.0,7.0,126.55,Churned,Mid (6-12 months),2
51081,1,9.0,Mobile Phone,Tier 1,8.0,Debit Card,Male,3.0,3,Mobile Phone,4,Single,2,No Complaint,12.0,1.0,1.0,0.0,113.93,Churned,Mid (6-12 months),0
51082,0,0.0,Computer,Tier 1,14.0,CC,Male,3.0,3,Mobile,1,Single,2,No Complaint,20.0,5.0,5.0,7.0,125.7,Active,New (0-6 months),1
51083,0,28.0,Phone,Tier 1,28.0,COD,Male,3.0,4,Mobile,4,Married,6,No Complaint,12.0,1.0,1.0,2.0,135.37,Active,Loyal (12+ months),0
51084,0,7.0,Phone,Tier 1,11.0,Credit Card,Male,2.0,4,Laptop & Accessory,1,Married,2,No Complaint,14.0,4.0,4.0,13.0,139.86,Active,Mid (6-12 months),1
51085,0,30.0,Mobile Phone,Tier 1,6.0,Credit Card,Male,3.0,5,Fashion,1,Married,4,No Complaint,20.0,0.0,1.0,0.0,208.83,Active,Loyal (12+ months),1
51086,0,9.0,Phone,Tier 1,27.0,CC,Male,3.0,1,Mobile,4,Married,2,No Complaint,18.0,2.0,2.0,13.0,120.28,Active,Mid (6-12 months),0
51087,0,10.0,Computer,Tier 3,6.0,Credit Card,Male,2.0,5,Laptop & Accessory,1,Married,2,No Complaint,14.0,0.0,1.0,3.0,195.25,Active,Mid (6-12 months),1
51088,0,7.0,Phone,Tier 1,25.0,Debit Card,Female,3.0,4,Mobile,1,Married,2,No Complaint,12.0,3.0,8.0,7.0,129.29,Active,Mid (6-12 months),1
51089,1,9.0,Phone,Tier 3,13.0,Debit Card,Male,2.0,3,Mobile,1,Married,2,Complained,21.0,1.0,1.0,2.0,122.75,Churned,Mid (6-12 months),3
51090,0,17.0,Mobile Phone,Tier 1,8.0,Debit Card,Female,3.0,1,Fashion,1,Married,2,Complained,19.0,6.0,6.0,7.0,178.79,Active,Loyal (12+ months),3
51091,0,8.0,Computer,Tier 1,8.0,Credit Card,Male,3.0,4,Mobile Phone,1,Single,1,Complained,14.0,1.0,1.0,4.0,149.3,Active,Mid (6-12 months),3
51092,0,16.0,Mobile Phone,Tier 3,8.0,Credit Card,Male,3.0,3,Laptop & Accessory,1,Married,2,Complained,17.0,0.0,8.0,8.0,178.47,Active,Loyal (12+ months),3
51093,0,0.0,Phone,Tier 1,15.0,Credit Card,Male,3.0,1,Mobile Phone,3,Married,2,No Complaint,16.0,0.0,1.0,4.0,144.01,Active,New (0-6 months),0
51094,0,14.0,Mobile Phone,Tier 3,12.0,E wallet,Male,2.0,3,Fashion,3,Single,2,No Complaint,12.0,6.0,8.0,7.0,192.41,Active,Loyal (12+ months),0
51095,0,2.0,Phone,Tier 1,15.0,CC,Female,3.0,3,Mobile,3,Married,10,No Complaint,17.0,1.0,1.0,2.0,129.74,Active,New (0-6 months),0
51096,0,9.0,Phone,Tier 3,8.0,Debit Card,Female,2.0,3,Laptop & Accessory,1,Single,4,No Complaint,15.0,3.0,6.0,7.0,145.02,Active,Mid (6-12 months),1
51097,0,18.0,Computer,Tier 1,6.0,Debit Card,Male,3.0,4,Fashion,3,Married,4,No Complaint,23.0,3.0,14.0,4.0,207.48,Active,Loyal (12+ months),0
51098,1,9.0,Mobile Phone,Tier 2,28.0,UPI,Male,2.0,5,Mobile Phone,3,Married,2,No Complaint,11.0,0.0,1.0,0.0,115.55,Churned,Mid (6-12 months),0
51099,1,10.0,Computer,Tier 3,15.0,Debit Card,Male,2.0,5,Grocery,3,Married,8,No Complaint,11.0,1.0,14.0,3.0,229.36,Churned,Mid (6-12 months),0
51100,0,9.0,Phone,Tier 1,23.0,CC,Male,3.0,5,Mobile,3,Married,2,No Complaint,15.0,0.0,1.0,2.0,123.05,Active,Mid (6-12 months),0
51101,0,18.0,Mobile Phone,Tier 1,34.0,Cash on Delivery,Female,2.0,4,Grocery,4,Single,2,No Complaint,11.0,1.0,8.0,6.0,267.04,Active,Loyal (12+ months),0
51102,0,5.0,Computer,Tier 1,16.0,Debit Card,Male,2.0,3,Mobile,3,Married,7,No Complaint,13.0,0.0,1.0,3.0,134.33,Active,New (0-6 months),0
51103,0,4.0,Phone,Tier 1,8.0,Debit Card,Male,3.0,3,Mobile,3,Married,2,No Complaint,14.0,0.0,1.0,3.0,134.77,Active,New (0-6 months),0
51104,0,14.0,Computer,Tier 2,10.0,UPI,Male,2.0,5,Laptop & Accessory,4,Married,7,No Complaint,19.0,0.0,1.0,2.0,164.3,Active,Loyal (12+ months),0
51105,0,13.0,Mobile Phone,Tier 1,14.0,Debit Card,Female,3.0,3,Laptop & Accessory,5,Married,3,Complained,16.0,0.0,1.0,0.0,165.16,Active,Loyal (12+ months),2
51106,0,0.0,Phone,Tier 1,35.0,Credit Card,Male,3.0,3,Mobile Phone,5,Married,2,No Complaint,13.0,1.0,1.0,2.0,139.07,Active,New (0-6 months),0
51107,0,19.0,Mobile Phone,Tier 1,19.0,Debit Card,Male,2.0,3,Laptop & Accessory,4,Single,7,No Complaint,14.0,1.0,1.0,9.0,155.62,Active,Loyal (12+ months),0
51108,0,8.0,Mobile Phone,Tier 1,33.0,Debit Card,Male,2.0,3,Laptop & Accessory,3,Married,3,No Complaint,16.0,0.0,1.0,7.0,168.83,Active,Mid (6-12 months),0
51109,0,3.0,Phone,Tier 1,22.0,Debit Card,Male,3.0,3,Mobile,1,Married,2,No Complaint,12.0,0.0,1.0,8.0,128.62,Active,New (0-6 months),1
51110,0,20.0,Computer,Tier 3,8.0,E wallet,Male,2.0,3,Laptop & Accessory,4,Married,8,No Complaint,11.0,0.0,1.0,0.0,149.78,Active,Loyal (12+ months),0
51111,0,19.0,Mobile Phone,Tier 3,8.0,Debit Card,Male,3.0,3,Fashion,1,Married,5,Complained,12.0,0.0,1.0,3.0,203.68,Active,Loyal (12+ months),3
51112,1,0.0,Mobile Phone,Tier 3,19.0,E wallet,Male,3.0,4,Laptop & Accessory,5,Married,6,Complained,13.0,2.0,2.0,2.0,161.34,Churned,New (0-6 months),2
51113,1,0.0,Mobile Phone,Tier 3,6.0,Debit Card,Male,2.0,5,Laptop & Accessory,4,Single,7,No Complaint,15.0,0.0,1.0,0.0,167.35,Churned,New (0-6 months),0
51114,0,0.0,Phone,Tier 1,10.0,CC,Female,2.0,3,Mobile,4,Single,2,No Complaint,13.0,1.0,1.0,2.0,132.95,Active,New (0-6 months),0
51115,0,4.0,Computer,Tier 1,30.0,COD,Female,1.0,3,Laptop & Accessory,1,Single,3,No Complaint,20.0,1.0,1.0,4.0,152.38,Active,New (0-6 months),1
51116,0,12.0,Computer,Tier 1,6.0,Debit Card,Male,3.0,3,Laptop & Accessory,1,Married,2,Complained,15.0,3.0,5.0,8.0,164.72,Active,Mid (6-12 months),3
51117,0,5.0,Mobile Phone,Tier 3,25.0,Debit Card,Male,3.0,5,Fashion,3,Married,4,No Complaint,13.0,1.0,1.0,2.0,196.1,Active,New (0-6 months),0
51118,0,13.0,Mobile Phone,Tier 3,13.0,Credit Card,Male,2.0,3,Others,4,Single,2,No Complaint,15.0,1.0,12.0,8.0,298.33,Active,Loyal (12+ months),0
51119,0,18.0,Mobile Phone,Tier 2,10.0,Debit Card,Female,2.0,5,Fashion,3,Married,5,No Complaint,21.0,1.0,1.0,3.0,197.56,Active,Loyal (12+ months),0
51120,0,3.0,Computer,Tier 1,8.0,COD,Female,3.0,4,Mobile Phone,5,Single,1,No Complaint,16.0,0.0,1.0,7.0,149.68,Active,New (0-6 months),0
51121,0,9.0,Computer,Tier 2,16.0,CC,Male,2.0,3,Mobile,1,Married,1,No Complaint,14.0,1.0,2.0,1.0,121.45,Active,Mid (6-12 months),1
51122,1,9.0,Computer,Tier 2,14.0,UPI,Female,3.0,4,Mobile,1,Married,7,No Complaint,11.0,1.0,1.0,2.0,121.8,Churned,Mid (6-12 months),1
51123,0,4.0,Mobile Phone,Tier 3,11.0,COD,Male,2.0,3,Laptop & Accessory,3,Married,2,No Complaint,19.0,0.0,1.0,2.0,183.46,Active,New (0-6 months),0
51124,0,0.0,Phone,Tier 1,14.0,CC,Female,3.0,3,Mobile,1,Single,2,No Complaint,11.0,1.0,1.0,4.0,134.45,Active,New (0-6 months),1
51125,1,0.0,Phone,Tier 3,15.0,E wallet,Female,3.0,5,Mobile,4,Single,2,No Complaint,13.0,1.0,2.0,2.0,127.6,Churned,New (0-6 months),0
51126,0,2.0,Computer,Tier 1,6.0,Debit Card,Male,3.0,1,Laptop & Accessory,3,Single,9,Complained,12.0,0.0,1.0,2.0,162.94,Active,New (0-6 months),2
51127,0,3.0,Mobile Phone,Tier 3,21.0,E wallet,Male,3.0,4,Fashion,5,Married,3,No Complaint,11.0,0.0,1.0,7.0,171.4,Active,New (0-6 months),0
51128,0,7.0,Phone,Tier 1,8.0,CC,Male,3.0,1,Mobile,1,Married,1,Complained,14.0,0.0,1.0,2.0,129.32,Active,Mid (6-12 months),3
51129,0,6.0,Computer,Tier 3,8.0,E wallet,Female,3.0,3,Laptop & Accessory,4,Single,9,No Complaint,15.0,0.0,1.0,7.0,151.47,Active,New (0-6 months),0
51130,0,22.0,Phone,Tier 3,17.0,E wallet,Female,3.0,3,Laptop & Accessory,1,Single,4,No Complaint,12.0,0.0,1.0,4.0,145.07,Active,Loyal (12+ months),1
51131,1,0.0,Mobile Phone,Tier 3,22.0,Debit Card,Female,3.0,3,Fashion,5,Single,3,Complained,20.0,0.0,1.0,0.0,185.64,Churned,New (0-6 months),2
51132,0,11.0,Computer,Tier 1,14.0,CC,Female,3.0,4,Mobile,4,Married,5,No Complaint,14.0,0.0,1.0,5.0,124.68,Active,Mid (6-12 months),0
51133,1,0.0,Mobile Phone,Tier 3,22.0,E wallet,Male,3.0,3,Fashion,3,Married,3,No Complaint,13.0,1.0,1.0,0.0,181.61,Churned,New (0-6 months),0
51134,0,9.0,Phone,Tier 1,10.0,Cash on Delivery,Female,3.0,4,Mobile,5,Married,2,No Complaint,13.0,0.0,1.0,0.0,121.09,Active,Mid (6-12 months),0
51135,0,0.0,Mobile Phone,Tier 1,22.0,Debit Card,Male,2.0,1,Laptop & Accessory,3,Married,4,No Complaint,16.0,1.0,1.0,7.0,152.94,Active,New (0-6 months),0
51136,0,5.0,Computer,Tier 1,11.0,COD,Male,3.0,3,Mobile,4,Single,3,No Complaint,14.0,1.0,1.0,7.0,127.18,Active,New (0-6 months),0
51137,0,11.0,Mobile Phone,Tier 1,24.0,Credit Card,Male,2.0,5,Laptop & Accessory,1,Married,4,Complained,16.0,0.0,1.0,0.0,158.11,Active,Mid (6-12 months),3
51138,1,6.0,Computer,Tier 1,14.0,COD,Male,2.0,4,Mobile,3,Married,10,Complained,16.0,1.0,1.0,0.0,124.37,Churned,New (0-6 months),2
51139,0,15.0,Phone,Tier 1,18.0,CC,Male,3.0,3,Mobile,4,Married,9,No Complaint,22.0,1.0,1.0,4.0,127.66,Active,Loyal (12+ months),0
51140,0,28.0,Mobile Phone,Tier 1,8.0,Credit Card,Male,2.0,4,Others,5,Married,9,No Complaint,12.0,1.0,1.0,0.0,290.38,Active,Loyal (12+ months),0
51141,0,6.0,Computer,Tier 1,10.0,COD,Male,3.0,3,Laptop & Accessory,4,Married,6,No Complaint,15.0,0.0,1.0,7.0,130.55,Active,New (0-6 months),0
51142,0,9.0,Phone,Tier 1,15.0,Debit Card,Male,3.0,3,Mobile,5,Married,2,No Complaint,20.0,1.0,1.0,4.0,122.89,Active,Mid (6-12 months),0
51143,0,7.0,Computer,Tier 3,16.0,Debit Card,Male,2.0,3,Laptop & Accessory,3,Married,2,Complained,14.0,1.0,1.0,7.0,140.01,Active,Mid (6-12 months),2
51144,0,26.0,Computer,Tier 1,6.0,Credit Card,Female,2.0,4,Grocery,3,Married,5,Complained,20.0,0.0,1.0,3.0,229.65,Active,Loyal (12+ months),2
51145,0,16.0,Phone,Tier 2,8.0,Debit Card,Male,3.0,3,Mobile,1,Single,1,No Complaint,13.0,0.0,1.0,8.0,135.39,Active,Loyal (12+ months),1
51146,0,7.0,Mobile Phone,Tier 3,9.0,Debit Card,Female,2.0,5,Laptop & Accessory,1,Single,6,No Complaint,12.0,1.0,2.0,2.0,160.29,Active,Mid (6-12 months),1
51147,1,0.0,Phone,Tier 3,13.0,E wallet,Male,3.0,3,Mobile,4,Single,2,No Complaint,13.0,1.0,1.0,0.0,126.79,Churned,New (0-6 months),0
51148,0,11.0,Phone,Tier 1,12.0,UPI,Female,2.0,4,Mobile Phone,3,Married,2,No Complaint,11.0,0.0,1.0,4.0,137.02,Active,Mid (6-12 months),0
51149,1,0.0,Phone,Tier 1,14.0,CC,Female,3.0,3,Mobile,5,Married,2,Complained,17.0,0.0,1.0,0.0,123.98,Churned,New (0-6 months),2
51150,0,4.0,Mobile Phone,Tier 3,35.0,E wallet,Female,3.0,4,Laptop & Accessory,1,Married,2,No Complaint,14.0,2.0,5.0,7.0,154.68,Active,New (0-6 months),1
51151,0,24.0,Mobile Phone,Tier 1,9.0,Cash on Delivery,Female,2.0,3,Fashion,3,Married,3,No Complaint,11.0,2.0,2.0,3.0,231.16000000000005,Active,Loyal (12+ months),0
51152,0,10.0,Phone,Tier 3,15.0,E wallet,Male,2.0,4,Laptop & Accessory,4,Married,2,No Complaint,14.0,0.0,1.0,3.0,141.89,Active,Mid (6-12 months),0
51153,0,19.0,Mobile Phone,Tier 1,8.0,Credit Card,Male,2.0,3,Others,1,Married,8,Complained,15.0,1.0,2.0,2.0,293.28,Active,Loyal (12+ months),3
51154,0,9.0,Mobile Phone,Tier 1,16.0,Debit Card,Male,2.0,3,Fashion,5,Married,8,Complained,13.0,1.0,5.0,7.0,183.21,Active,Mid (6-12 months),2
51155,1,7.0,Computer,Tier 1,14.0,CC,Male,2.0,3,Mobile,4,Married,2,Complained,12.0,1.0,2.0,3.0,123.42,Churned,Mid (6-12 months),2
51156,0,10.0,Phone,Tier 2,14.0,UPI,Male,2.0,3,Laptop & Accessory,4,Married,3,No Complaint,13.0,4.0,4.0,7.0,140.71,Active,Mid (6-12 months),0
51157,1,0.0,Mobile Phone,Tier 3,33.0,Debit Card,Male,2.0,3,Laptop & Accessory,1,Single,2,Complained,18.0,0.0,7.0,7.0,158.13,Churned,New (0-6 months),3
51158,0,6.0,Phone,Tier 1,14.0,Debit Card,Male,3.0,1,Mobile,5,Married,7,No Complaint,19.0,6.0,7.0,6.0,131.43,Active,New (0-6 months),0
51159,0,9.0,Phone,Tier 1,6.0,Debit Card,Male,2.0,3,Mobile,1,Married,2,No Complaint,11.0,0.0,1.0,3.0,120.44,Active,Mid (6-12 months),1
51160,0,12.0,Mobile Phone,Tier 1,16.0,Credit Card,Male,3.0,3,Fashion,3,Single,8,No Complaint,21.0,2.0,2.0,2.0,234.64,Active,Mid (6-12 months),0
51161,0,19.0,Computer,Tier 3,32.0,Debit Card,Male,3.0,4,Laptop & Accessory,4,Single,9,No Complaint,15.0,2.0,2.0,2.0,179.91,Active,Loyal (12+ months),0
51162,0,13.0,Phone,Tier 1,8.0,Debit Card,Female,2.0,3,Mobile,5,Married,5,No Complaint,17.0,1.0,1.0,2.0,133.77,Active,Loyal (12+ months),0
51163,0,15.0,Mobile Phone,Tier 1,19.0,Credit Card,Male,3.0,1,Laptop & Accessory,5,Married,6,No Complaint,18.0,1.0,1.0,0.0,155.38,Active,Loyal (12+ months),0
51164,0,8.0,Computer,Tier 1,8.0,Credit Card,Male,2.0,3,Laptop & Accessory,1,Married,3,No Complaint,14.0,0.0,1.0,7.0,157.62,Active,Mid (6-12 months),1
51165,0,11.0,Computer,Tier 2,14.0,UPI,Male,3.0,3,Mobile,4,Married,6,No Complaint,13.0,3.0,3.0,8.0,125.92,Active,Mid (6-12 months),0
51166,1,0.0,Computer,Tier 1,15.0,Debit Card,Male,3.0,3,Laptop & Accessory,5,Married,5,No Complaint,17.0,0.0,1.0,7.0,153.46,Churned,New (0-6 months),0
51167,1,0.0,Phone,Tier 1,16.0,Credit Card,Male,2.0,3,Laptop & Accessory,5,Single,2,No Complaint,15.0,0.0,1.0,8.0,142.13,Churned,New (0-6 months),0
51168,0,12.0,Computer,Tier 3,26.0,Debit Card,Male,2.0,3,Laptop & Accessory,1,Married,3,No Complaint,18.0,1.0,2.0,2.0,141.27,Active,Mid (6-12 months),1
51169,0,16.0,Computer,Tier 1,14.0,Debit Card,Male,2.0,3,Mobile,3,Single,5,No Complaint,13.0,0.0,1.0,2.0,124.38,Active,Loyal (12+ months),0
51170,0,14.0,Mobile Phone,Tier 1,11.0,Debit Card,Male,2.0,1,Laptop & Accessory,4,Single,4,No Complaint,12.0,1.0,1.0,2.0,168.7,Active,Loyal (12+ months),0
51171,0,14.0,Mobile Phone,Tier 3,10.0,E wallet,Female,2.0,3,Fashion,3,Married,1,Complained,13.0,0.0,13.0,5.0,204.47,Active,Loyal (12+ months),2
51172,0,3.0,Mobile Phone,Tier 1,16.0,Credit Card,Female,3.0,3,Fashion,3,Single,10,No Complaint,14.0,0.0,1.0,2.0,196.67,Active,New (0-6 months),0
51173,1,9.0,Phone,Tier 2,26.0,CC,Female,3.0,3,Mobile,4,Married,1,Complained,11.0,0.0,1.0,4.0,121.48,Churned,Mid (6-12 months),2
51174,1,9.0,Mobile Phone,Tier 1,27.0,Credit Card,Female,3.0,3,Laptop & Accessory,4,Married,5,No Complaint,22.0,1.0,3.0,7.0,189.26,Churned,Mid (6-12 months),0
51175,0,13.0,Mobile Phone,Tier 1,6.0,Debit Card,Female,2.0,3,Laptop & Accessory,1,Married,5,No Complaint,17.0,0.0,1.0,3.0,165.13,Active,Loyal (12+ months),1
51176,0,7.0,Mobile Phone,Tier 3,14.0,COD,Male,3.0,1,Laptop & Accessory,3,Married,2,No Complaint,21.0,0.0,4.0,8.0,167.99,Active,Mid (6-12 months),0
51177,0,30.0,Computer,Tier 3,8.0,Credit Card,Male,2.0,3,Grocery,4,Married,5,No Complaint,22.0,10.0,14.0,14.0,0.0,Active,Loyal (12+ months),0
51178,0,8.0,Phone,Tier 1,29.0,CC,Male,3.0,5,Mobile,3,Married,1,No Complaint,16.0,1.0,1.0,3.0,127.05,Active,Mid (6-12 months),0
51179,0,20.0,Mobile Phone,Tier 1,10.0,Debit Card,Female,3.0,4,Fashion,4,Married,9,Complained,12.0,2.0,14.0,10.0,203.33,Active,Loyal (12+ months),2
51180,0,13.0,Phone,Tier 1,18.0,Debit Card,Female,2.0,3,Laptop & Accessory,5,Married,3,No Complaint,12.0,7.0,7.0,7.0,144.48,Active,Loyal (12+ months),0
51181,0,27.0,Mobile Phone,Tier 1,13.0,Credit Card,Female,3.0,3,Laptop & Accessory,1,Married,5,No Complaint,15.0,1.0,1.0,7.0,168.54,Active,Loyal (12+ months),1
51182,0,4.0,Computer,Tier 3,13.0,E wallet,Female,3.0,3,Fashion,5,Married,3,No Complaint,14.0,2.0,2.0,2.0,196.37,Active,New (0-6 months),0
51183,0,1.0,Phone,Tier 1,6.0,Credit Card,Female,3.0,3,Mobile Phone,5,Married,2,No Complaint,25.0,1.0,1.0,2.0,135.91,Active,New (0-6 months),0
51184,0,11.0,Mobile Phone,Tier 3,8.0,E wallet,Female,3.0,5,Laptop & Accessory,1,Married,3,Complained,20.0,0.0,1.0,3.0,154.05,Active,Mid (6-12 months),3
51185,0,0.0,Phone,Tier 3,16.0,Credit Card,Male,2.0,3,Laptop & Accessory,1,Single,2,No Complaint,13.0,0.0,1.0,2.0,146.84,Active,New (0-6 months),1
51186,0,30.0,Computer,Tier 1,21.0,Debit Card,Male,2.0,3,Grocery,3,Married,3,Complained,14.0,1.0,2.0,2.0,257.87,Active,Loyal (12+ months),2
51187,0,9.0,Computer,Tier 1,20.0,Credit Card,Female,2.0,3,Mobile Phone,3,Single,2,No Complaint,16.0,1.0,1.0,0.0,115.14,Active,Mid (6-12 months),0
51188,1,0.0,Phone,Tier 2,24.0,UPI,Male,3.0,1,Mobile,5,Married,1,No Complaint,17.0,1.0,1.0,0.0,129.56,Churned,New (0-6 months),0
51189,1,0.0,Phone,Tier 2,14.0,UPI,Male,2.0,4,Mobile,5,Married,5,Complained,15.0,1.0,2.0,0.0,123.35,Churned,New (0-6 months),2
51190,0,18.0,Computer,Tier 3,8.0,Debit Card,Female,3.0,3,Laptop & Accessory,3,Married,5,No Complaint,22.0,3.0,5.0,7.0,151.54,Active,Loyal (12+ months),0
51191,0,9.0,Mobile Phone,Tier 1,8.0,UPI,Female,3.0,3,Laptop & Accessory,4,Married,5,Complained,22.0,0.0,1.0,0.0,169.62,Active,Mid (6-12 months),2
51192,0,16.0,Computer,Tier 3,8.0,Debit Card,Male,3.0,3,Laptop & Accessory,1,Married,2,No Complaint,20.0,5.0,7.0,7.0,156.75,Active,Loyal (12+ months),1
51193,0,0.0,Computer,Tier 1,14.0,Debit Card,Female,2.0,3,Mobile,1,Single,1,Complained,14.0,1.0,1.0,2.0,123.79,Active,New (0-6 months),3
51194,0,2.0,Computer,Tier 1,26.0,Credit Card,Male,2.0,3,Mobile Phone,1,Married,2,No Complaint,13.0,1.0,3.0,10.0,138.12,Active,New (0-6 months),1
51195,0,5.0,Computer,Tier 3,16.0,E wallet,Male,3.0,3,Laptop & Accessory,1,Single,9,No Complaint,13.0,1.0,1.0,0.0,146.48,Active,New (0-6 months),1
51196,0,15.0,Computer,Tier 1,16.0,COD,Male,3.0,3,Mobile,3,Married,4,No Complaint,22.0,1.0,3.0,3.0,129.36,Active,Loyal (12+ months),0
51197,0,9.0,Phone,Tier 1,15.0,Debit Card,Female,3.0,3,Mobile,3,Single,5,No Complaint,12.0,1.0,2.0,0.0,121.05,Active,Mid (6-12 months),0
51198,0,19.0,Mobile Phone,Tier 1,8.0,Debit Card,Male,2.0,3,Fashion,1,Married,4,No Complaint,14.0,1.0,4.0,7.0,185.78,Active,Loyal (12+ months),1
51199,0,1.0,Computer,Tier 2,6.0,Debit Card,Male,3.0,3,Mobile,1,Married,2,No Complaint,15.0,0.0,2.0,2.0,127.06,Active,New (0-6 months),1
51200,0,2.0,Mobile Phone,Tier 1,35.0,Debit Card,Male,3.0,5,Laptop & Accessory,3,Married,9,No Complaint,17.0,1.0,1.0,6.0,163.84,Active,New (0-6 months),0
51201,0,15.0,Phone,Tier 1,14.0,Debit Card,Male,2.0,3,Mobile Phone,3,Single,5,No Complaint,13.0,1.0,1.0,0.0,139.68,Active,Loyal (12+ months),0
51202,1,0.0,Mobile Phone,Tier 3,8.0,E wallet,Male,2.0,4,Laptop & Accessory,4,Single,8,Complained,12.0,2.0,2.0,2.0,199.07,Churned,New (0-6 months),2
51203,0,19.0,Mobile Phone,Tier 3,9.0,Cash on Delivery,Female,2.0,1,Grocery,5,Married,3,No Complaint,12.0,1.0,2.0,8.0,232.25,Active,Loyal (12+ months),0
51204,0,0.0,Phone,Tier 3,29.0,Credit Card,Female,2.0,4,Laptop & Accessory,3,Married,2,No Complaint,21.0,4.0,5.0,8.0,135.4,Active,New (0-6 months),0
51205,0,2.0,Phone,Tier 2,12.0,CC,Male,3.0,4,Mobile,4,Married,2,No Complaint,11.0,1.0,1.0,0.0,128.04,Active,New (0-6 months),0
51206,0,16.0,Mobile Phone,Tier 1,12.0,Credit Card,Female,2.0,4,Others,3,Married,8,No Complaint,15.0,3.0,6.0,14.0,293.92,Active,Loyal (12+ months),0
51207,0,21.0,Mobile Phone,Tier 1,16.0,Debit Card,Male,3.0,4,Others,4,Married,5,No Complaint,15.0,3.0,12.0,9.0,296.65,Active,Loyal (12+ months),0
51208,1,0.0,Computer,Tier 1,14.0,Debit Card,Male,3.0,4,Mobile,1,Single,2,Complained,24.0,1.0,1.0,0.0,124.39,Churned,New (0-6 months),3
51209,1,9.0,Mobile Phone,Tier 3,16.0,Debit Card,Female,3.0,3,Fashion,4,Married,6,No Complaint,21.0,0.0,1.0,7.0,173.14,Churned,Mid (6-12 months),0
51210,0,0.0,Computer,Tier 1,21.0,Debit Card,Female,3.0,4,Mobile Phone,5,Married,1,No Complaint,19.0,7.0,7.0,3.0,147.74,Active,New (0-6 months),0
51211,0,12.0,Phone,Tier 1,25.0,UPI,Male,2.0,3,Laptop & Accessory,1,Married,9,No Complaint,14.0,1.0,2.0,2.0,139.02,Active,Mid (6-12 months),1
51212,0,28.0,Phone,Tier 1,8.0,COD,Male,3.0,4,Mobile,1,Married,9,No Complaint,20.0,0.0,1.0,4.0,126.62,Active,Loyal (12+ months),1
51213,0,1.0,Phone,Tier 3,9.0,CC,Female,3.0,3,Mobile,4,Married,2,No Complaint,19.0,1.0,1.0,0.0,128.56,Active,New (0-6 months),0
51214,1,0.0,Mobile Phone,Tier 3,15.0,Credit Card,Male,2.0,3,Mobile Phone,1,Single,2,No Complaint,13.0,0.0,1.0,0.0,110.81,Churned,New (0-6 months),1
51215,1,0.0,Phone,Tier 1,14.0,Debit Card,Male,3.0,3,Mobile,4,Single,2,Complained,23.0,1.0,1.0,0.0,124.72,Churned,New (0-6 months),2
51216,0,9.0,Mobile Phone,Tier 3,16.0,COD,Female,3.0,4,Laptop & Accessory,3,Married,2,Complained,13.0,1.0,1.0,7.0,156.73,Active,Mid (6-12 months),2
51217,0,4.0,Phone,Tier 1,26.0,Debit Card,Male,2.0,3,Laptop & Accessory,3,Married,2,No Complaint,11.0,0.0,1.0,2.0,141.97,Active,New (0-6 months),0
51218,0,7.0,Mobile Phone,Tier 3,10.0,Debit Card,Male,3.0,3,Fashion,1,Married,3,Complained,13.0,0.0,1.0,0.0,197.13,Active,Mid (6-12 months),3
51219,0,9.0,Phone,Tier 1,13.0,Debit Card,Male,2.0,3,Mobile,5,Single,4,No Complaint,14.0,0.0,1.0,2.0,120.62,Active,Mid (6-12 months),0
51220,0,10.0,Phone,Tier 1,13.0,Credit Card,Male,3.0,3,Laptop & Accessory,5,Married,6,Complained,22.0,0.0,1.0,4.0,142.84,Active,Mid (6-12 months),2
51221,0,8.0,Phone,Tier 1,22.0,UPI,Female,2.0,4,Laptop & Accessory,4,Married,1,Complained,11.0,1.0,1.0,2.0,147.88,Active,Mid (6-12 months),2
51222,0,18.0,Mobile Phone,Tier 1,31.0,Debit Card,Female,3.0,4,Laptop & Accessory,1,Married,1,No Complaint,13.0,0.0,3.0,8.0,159.06,Active,Loyal (12+ months),1
51223,0,9.0,Computer,Tier 2,8.0,UPI,Male,3.0,4,Laptop & Accessory,1,Single,2,No Complaint,21.0,1.0,1.0,8.0,138.86,Active,Mid (6-12 months),1
51224,0,13.0,Mobile Phone,Tier 1,6.0,Debit Card,Male,3.0,3,Grocery,5,Married,3,No Complaint,11.0,1.0,11.0,16.0,268.23,Active,Loyal (12+ months),0
51225,0,0.0,Phone,Tier 1,6.0,Debit Card,Female,3.0,4,Mobile,3,Married,2,Complained,13.0,0.0,1.0,0.0,129.33,Active,New (0-6 months),2
51226,0,0.0,Mobile Phone,Tier 3,8.0,Credit Card,Female,2.0,1,Laptop & Accessory,3,Single,1,No Complaint,14.0,0.0,1.0,7.0,165.0,Active,New (0-6 months),0
51227,0,21.0,Computer,Tier 1,28.0,Credit Card,Female,2.0,3,Grocery,1,Married,4,No Complaint,11.0,1.0,4.0,7.0,271.74,Active,Loyal (12+ months),1
51228,0,17.0,Mobile Phone,Tier 1,6.0,Debit Card,Male,3.0,1,Laptop & Accessory,5,Married,3,No Complaint,15.0,2.0,2.0,2.0,150.33,Active,Loyal (12+ months),0
51229,1,9.0,Computer,Tier 1,22.0,COD,Male,2.0,5,Mobile,5,Married,2,Complained,23.0,3.0,3.0,0.0,123.07,Churned,Mid (6-12 months),2
51230,1,19.0,Phone,Tier 1,14.0,Debit Card,Male,3.0,3,Mobile,1,Single,2,No Complaint,16.0,0.0,1.0,0.0,125.87,Churned,Loyal (12+ months),1
51231,0,9.0,Mobile Phone,Tier 3,23.0,E wallet,Male,2.0,4,Laptop & Accessory,4,Married,3,No Complaint,16.0,1.0,1.0,3.0,155.07,Active,Mid (6-12 months),0
51232,0,14.0,Phone,Tier 3,14.0,E wallet,Female,2.0,3,Laptop & Accessory,4,Married,6,No Complaint,21.0,1.0,1.0,4.0,143.93,Active,Loyal (12+ months),0
51233,0,15.0,Mobile Phone,Tier 1,12.0,Credit Card,Male,2.0,3,Fashion,5,Married,10,No Complaint,13.0,3.0,2.0,7.0,233.48,Active,Loyal (12+ months),0
51234,0,4.0,Mobile Phone,Tier 3,16.0,Credit Card,Female,2.0,3,Laptop & Accessory,1,Married,3,Complained,11.0,0.0,1.0,4.0,165.83,Active,New (0-6 months),3
51235,0,7.0,Mobile Phone,Tier 3,9.0,Credit Card,Female,3.0,4,Laptop & Accessory,1,Married,4,Complained,12.0,0.0,1.0,1.0,181.03,Active,Mid (6-12 months),3
51236,0,4.0,Phone,Tier 1,10.0,Credit Card,Female,3.0,1,Mobile Phone,3,Married,9,No Complaint,12.0,2.0,2.0,2.0,139.78,Active,New (0-6 months),0
51237,0,0.0,Computer,Tier 1,14.0,UPI,Male,3.0,1,Mobile,1,Married,1,No Complaint,18.0,2.0,7.0,7.0,125.44,Active,New (0-6 months),1
51238,0,18.0,Computer,Tier 1,6.0,Credit Card,Male,2.0,3,Laptop & Accessory,3,Single,5,No Complaint,12.0,1.0,1.0,3.0,153.99,Active,Loyal (12+ months),0
51239,0,6.0,Mobile Phone,Tier 3,16.0,E wallet,Male,2.0,3,Laptop & Accessory,3,Single,2,No Complaint,14.0,0.0,1.0,9.0,154.87,Active,New (0-6 months),0
51240,0,1.0,Computer,Tier 3,6.0,Debit Card,Male,2.0,4,Laptop & Accessory,1,Married,2,Complained,12.0,0.0,1.0,7.0,168.34,Active,New (0-6 months),3
51241,1,0.0,Computer,Tier 3,30.0,Cash on Delivery,Male,2.0,1,Mobile Phone,5,Single,2,No Complaint,17.0,1.0,1.0,0.0,110.91,Churned,New (0-6 months),0
51242,0,12.0,Computer,Tier 3,27.0,Debit Card,Female,2.0,5,Laptop & Accessory,3,Married,7,No Complaint,19.0,0.0,1.0,2.0,157.36,Active,Mid (6-12 months),0
51243,0,9.0,Phone,Tier 1,8.0,COD,Male,2.0,3,Mobile,4,Married,2,No Complaint,11.0,1.0,1.0,2.0,122.26,Active,Mid (6-12 months),0
51244,0,7.0,Computer,Tier 1,28.0,UPI,Male,2.0,4,Laptop & Accessory,1,Married,2,Complained,15.0,3.0,6.0,11.0,157.47,Active,Mid (6-12 months),3
51245,1,0.0,Mobile Phone,Tier 3,19.0,E wallet,Female,2.0,3,Laptop & Accessory,3,Single,4,Complained,11.0,2.0,2.0,2.0,198.54,Churned,New (0-6 months),2
51246,0,20.0,Computer,Tier 1,20.0,COD,Male,3.0,3,Laptop & Accessory,4,Married,9,No Complaint,18.0,0.0,1.0,7.0,154.67,Active,Loyal (12+ months),0
51247,0,29.0,Mobile Phone,Tier 3,17.0,E wallet,Female,2.0,4,Laptop & Accessory,5,Married,5,No Complaint,16.0,0.0,1.0,0.0,153.8,Active,Loyal (12+ months),0
51248,0,12.0,Mobile Phone,Tier 1,15.0,Credit Card,Male,2.0,3,Laptop & Accessory,5,Married,2,No Complaint,25.0,4.0,7.0,9.0,151.51,Active,Mid (6-12 months),0
51249,0,9.0,Computer,Tier 1,14.0,CC,Female,2.0,4,Laptop & Accessory,4,Married,2,Complained,16.0,1.0,1.0,7.0,121.33,Active,Mid (6-12 months),2
51250,0,30.0,Mobile Phone,Tier 3,27.0,Debit Card,Female,3.0,3,Grocery,1,Married,5,Complained,13.0,1.0,1.0,0.0,278.75,Active,Loyal (12+ months),3
51251,1,0.0,Computer,Tier 1,14.0,Debit Card,Female,2.0,1,Mobile,3,Single,4,Complained,14.0,0.0,1.0,3.0,124.32,Churned,New (0-6 months),2
51252,0,11.0,Phone,Tier 1,15.0,Debit Card,Male,3.0,3,Mobile Phone,1,Married,3,No Complaint,19.0,1.0,1.0,3.0,147.71,Active,Mid (6-12 months),1
51253,0,22.0,Computer,Tier 1,8.0,Debit Card,Male,2.0,3,Others,1,Married,4,No Complaint,15.0,1.0,4.0,3.0,291.61,Active,Loyal (12+ months),1
51254,0,15.0,Mobile Phone,Tier 3,18.0,E wallet,Male,3.0,3,Laptop & Accessory,1,Married,4,Complained,12.0,0.0,1.0,0.0,150.87,Active,Loyal (12+ months),3
51255,1,0.0,Computer,Tier 2,28.0,UPI,Female,3.0,4,Mobile,4,Married,2,No Complaint,12.0,1.0,1.0,0.0,128.63,Churned,New (0-6 months),0
51256,0,8.0,Mobile Phone,Tier 3,24.0,Credit Card,Male,3.0,3,Laptop & Accessory,5,Married,1,No Complaint,16.0,0.0,1.0,4.0,0.0,Active,Mid (6-12 months),0
51257,0,9.0,Computer,Tier 1,22.0,CC,Male,2.0,3,Mobile,3,Single,2,No Complaint,14.0,0.0,1.0,4.0,121.44,Active,Mid (6-12 months),0
51258,0,4.0,Computer,Tier 1,9.0,CC,Male,3.0,3,Mobile,5,Married,2,Complained,13.0,0.0,2.0,3.0,130.65,Active,New (0-6 months),2
51259,0,9.0,Computer,Tier 1,15.0,Debit Card,Male,3.0,1,Mobile,4,Married,2,No Complaint,22.0,1.0,1.0,2.0,128.1,Active,Mid (6-12 months),0
51260,0,7.0,Mobile Phone,Tier 3,6.0,E wallet,Male,2.0,3,Fashion,1,Single,2,No Complaint,21.0,1.0,2.0,1.0,198.88,Active,Mid (6-12 months),1
51261,0,7.0,Mobile Phone,Tier 3,19.0,Credit Card,Male,2.0,3,Fashion,3,Married,2,No Complaint,18.0,1.0,1.0,1.0,186.28,Active,Mid (6-12 months),0
51262,0,0.0,Phone,Tier 1,6.0,CC,Male,3.0,3,Mobile,5,Single,1,No Complaint,13.0,3.0,7.0,6.0,128.67,Active,New (0-6 months),0
51263,0,2.0,Mobile Phone,Tier 1,6.0,Debit Card,Male,2.0,3,Laptop & Accessory,5,Married,1,No Complaint,12.0,1.0,1.0,2.0,153.73,Active,New (0-6 months),0
51264,0,5.0,Computer,Tier 1,21.0,Credit Card,Female,2.0,3,Laptop & Accessory,1,Married,6,No Complaint,18.0,0.0,1.0,2.0,166.67,Active,New (0-6 months),1
51265,0,4.0,Computer,Tier 1,6.0,Debit Card,Male,2.0,5,Laptop & Accessory,5,Married,2,No Complaint,21.0,1.0,8.0,7.0,150.03,Active,New (0-6 months),0
51266,1,0.0,Phone,Tier 1,14.0,COD,Male,2.0,4,Mobile,1,Married,6,No Complaint,12.0,0.0,1.0,3.0,123.67,Churned,New (0-6 months),1
51267,0,11.0,Phone,Tier 3,6.0,Debit Card,Male,3.0,4,Mobile,5,Single,5,No Complaint,14.0,0.0,1.0,0.0,128.58,Active,Mid (6-12 months),0
51268,0,8.0,Mobile Phone,Tier 3,13.0,Debit Card,Female,2.0,3,Laptop & Accessory,1,Married,2,Complained,11.0,1.0,1.0,9.0,152.04,Active,Mid (6-12 months),3
51269,0,0.0,Phone,Tier 3,15.0,E wallet,Male,2.0,3,Laptop & Accessory,1,Single,2,No Complaint,14.0,0.0,1.0,7.0,141.05,Active,New (0-6 months),1
51270,0,5.0,Mobile Phone,Tier 1,11.0,Debit Card,Male,2.0,4,Laptop & Accessory,1,Single,9,No Complaint,24.0,0.0,1.0,0.0,196.79,Active,New (0-6 months),1
51271,1,0.0,Computer,Tier 3,32.0,E wallet,Male,3.0,3,Laptop & Accessory,1,Married,2,Complained,11.0,0.0,1.0,8.0,156.17,Churned,New (0-6 months),3
51272,1,16.0,Mobile Phone,Tier 3,30.0,Debit Card,Male,3.0,3,Fashion,5,Single,7,Complained,13.0,2.0,2.0,2.0,204.48,Churned,Loyal (12+ months),2
51273,0,27.0,Phone,Tier 1,15.0,Debit Card,Female,3.0,3,Laptop & Accessory,3,Married,4,No Complaint,11.0,0.0,2.0,3.0,128.97,Active,Loyal (12+ months),0
51274,0,6.0,Computer,Tier 1,13.0,Debit Card,Male,2.0,3,Laptop & Accessory,3,Married,2,No Complaint,20.0,2.0,2.0,8.0,159.68,Active,New (0-6 months),0
51275,0,16.0,Mobile Phone,Tier 1,17.0,Debit Card,Male,1.0,3,Fashion,3,Married,2,No Complaint,17.0,1.0,1.0,9.0,175.1,Active,Loyal (12+ months),0
51276,0,11.0,Computer,Tier 2,6.0,UPI,Male,3.0,3,Mobile,4,Married,1,Complained,11.0,1.0,1.0,2.0,129.91,Active,Mid (6-12 months),2
51277,0,28.0,Mobile Phone,Tier 2,32.0,UPI,Male,3.0,1,Others,4,Married,5,Complained,15.0,1.0,1.0,4.0,296.36,Active,Loyal (12+ months),2
51278,0,4.0,Mobile Phone,Tier 1,8.0,Credit Card,Female,2.0,5,Mobile Phone,1,Married,2,Complained,11.0,1.0,1.0,0.0,111.29,Active,New (0-6 months),3
51279,0,12.0,Mobile Phone,Tier 3,21.0,E wallet,Male,3.0,3,Grocery,5,Single,1,No Complaint,12.0,4.0,2.0,10.0,233.41000000000005,Active,Mid (6-12 months),0
51280,0,15.0,Computer,Tier 1,29.0,Debit Card,Male,2.0,4,Laptop & Accessory,3,Single,2,No Complaint,12.0,2.0,3.0,7.0,143.32,Active,Loyal (12+ months),0
51281,0,4.0,Computer,Tier 1,16.0,Credit Card,Female,2.0,3,Fashion,3,Married,5,No Complaint,20.0,3.0,4.0,3.0,210.31,Active,New (0-6 months),0
51282,0,27.0,Phone,Tier 1,16.0,Credit Card,Female,3.0,3,Laptop & Accessory,5,Single,7,Complained,19.0,0.0,1.0,4.0,144.4,Active,Loyal (12+ months),2
51283,0,0.0,Phone,Tier 1,6.0,Debit Card,Male,2.0,4,Laptop & Accessory,3,Single,2,No Complaint,12.0,1.0,1.0,2.0,146.17,Active,New (0-6 months),0
51284,0,0.0,Phone,Tier 1,14.0,UPI,Male,3.0,3,Mobile,1,Single,2,No Complaint,13.0,1.0,1.0,4.0,126.47,Active,New (0-6 months),1
51285,0,13.0,Computer,Tier 1,17.0,COD,Female,3.0,3,Laptop & Accessory,3,Married,2,No Complaint,11.0,2.0,9.0,4.0,163.23,Active,Loyal (12+ months),0
51286,0,13.0,Mobile Phone,Tier 3,8.0,E wallet,Female,3.0,3,Laptop & Accessory,4,Married,4,No Complaint,14.0,1.0,5.0,10.0,156.77,Active,Loyal (12+ months),0
51287,0,9.0,Phone,Tier 2,8.0,UPI,Female,2.0,3,Mobile,4,Married,5,No Complaint,14.0,0.0,1.0,2.0,121.87,Active,Mid (6-12 months),0
51288,0,3.0,Phone,Tier 1,6.0,Credit Card,Male,3.0,3,Mobile Phone,4,Married,2,No Complaint,13.0,0.0,1.0,7.0,137.48,Active,New (0-6 months),0
51289,0,0.0,Phone,Tier 1,8.0,UPI,Male,2.0,3,Mobile Phone,3,Married,7,Complained,19.0,0.0,1.0,2.0,139.77,Active,New (0-6 months),2
51290,0,20.0,Mobile Phone,Tier 1,31.0,Credit Card,Male,2.0,3,Fashion,3,Single,3,No Complaint,23.0,1.0,12.0,11.0,186.33,Active,Loyal (12+ months),0
51291,0,9.0,Computer,Tier 1,6.0,CC,Male,2.0,4,Mobile,3,Married,2,No Complaint,12.0,0.0,1.0,0.0,120.08,Active,Mid (6-12 months),0
51292,0,11.0,Phone,Tier 3,6.0,Debit Card,Male,2.0,3,Laptop & Accessory,4,Married,1,No Complaint,15.0,4.0,5.0,8.0,144.4,Active,Mid (6-12 months),0
51293,0,4.0,Phone,Tier 3,8.0,Debit Card,Male,3.0,3,Mobile,3,Married,1,No Complaint,19.0,1.0,1.0,2.0,130.67,Active,New (0-6 months),0
51294,0,11.0,Computer,Tier 1,12.0,Debit Card,Male,3.0,4,Laptop & Accessory,3,Married,3,No Complaint,11.0,2.0,7.0,7.0,153.21,Active,Mid (6-12 months),0
51295,0,15.0,Mobile Phone,Tier 1,24.0,Debit Card,Male,2.0,3,Laptop & Accessory,5,Married,7,Complained,17.0,0.0,1.0,2.0,154.1,Active,Loyal (12+ months),2
51296,0,14.0,Phone,Tier 1,6.0,Debit Card,Male,3.0,3,Mobile,1,Married,4,No Complaint,22.0,0.0,1.0,0.0,127.82,Active,Loyal (12+ months),1
51297,0,20.0,Computer,Tier 1,6.0,Credit Card,Female,3.0,3,Fashion,4,Married,1,No Complaint,18.0,0.0,5.0,3.0,219.57,Active,Loyal (12+ months),0
51298,0,8.0,Phone,Tier 1,17.0,CC,Male,2.0,3,Mobile,3,Married,8,Complained,11.0,0.0,2.0,2.0,126.6,Active,Mid (6-12 months),2
51299,0,0.0,Phone,Tier 1,6.0,Debit Card,Male,3.0,3,Mobile,3,Single,1,No Complaint,12.0,0.0,1.0,2.0,133.75,Active,New (0-6 months),0
51300,0,8.0,Mobile Phone,Tier 1,15.0,Credit Card,Male,2.0,3,Laptop & Accessory,3,Single,2,No Complaint,19.0,0.0,1.0,8.0,150.98,Active,Mid (6-12 months),0
51301,0,6.0,Mobile Phone,Tier 1,21.0,Credit Card,Female,3.0,3,Laptop & Accessory,1,Married,1,Complained,13.0,5.0,8.0,1.0,12.0,Active,New (0-6 months),3
51302,0,5.0,Phone,Tier 1,35.0,Debit Card,Female,3.0,4,Mobile,4,Single,2,No Complaint,13.0,3.0,4.0,1.0,128.37,Active,New (0-6 months),0
51303,0,13.0,Phone,Tier 1,14.0,Debit Card,Male,2.0,3,Mobile,1,Married,9,No Complaint,19.0,0.0,1.0,0.0,124.06,Active,Loyal (12+ months),1
51304,0,9.0,Phone,Tier 3,6.0,CC,Male,3.0,4,Mobile,4,Married,1,No Complaint,14.0,0.0,2.0,2.0,122.69,Active,Mid (6-12 months),0
51305,0,12.0,Phone,Tier 1,30.0,Debit Card,Male,2.0,3,Laptop & Accessory,1,Single,8,No Complaint,13.0,1.0,1.0,7.0,141.08,Active,Mid (6-12 months),1
51306,0,11.0,Mobile Phone,Tier 1,16.0,Credit Card,Female,2.0,5,Fashion,3,Married,4,No Complaint,12.0,1.0,2.0,11.0,232.06,Active,Mid (6-12 months),0
51307,0,5.0,Mobile Phone,Tier 3,6.0,E wallet,Female,2.0,3,Fashion,1,Married,2,No Complaint,19.0,3.0,5.0,7.0,204.22,Active,New (0-6 months),1
51308,0,10.0,Mobile Phone,Tier 1,16.0,Debit Card,Female,2.0,1,Fashion,1,Married,2,Complained,25.0,0.0,2.0,8.0,237.44,Active,Mid (6-12 months),3
51309,0,0.0,Phone,Tier 3,14.0,UPI,Female,2.0,3,Laptop & Accessory,3,Married,1,Complained,22.0,1.0,1.0,4.0,149.07,Active,New (0-6 months),2
51310,0,25.0,Computer,Tier 3,126.0,Debit Card,Male,2.0,3,Mobile,1,Married,3,No Complaint,15.0,1.0,1.0,0.0,134.82,Active,Loyal (12+ months),1
51311,0,17.0,Phone,Tier 1,14.0,CC,Male,2.0,3,Mobile,1,Single,7,Complained,12.0,0.0,1.0,2.0,124.36,Active,Loyal (12+ months),3
51312,0,0.0,Phone,Tier 3,14.0,CC,Male,2.0,3,Mobile,5,Single,2,Complained,11.0,1.0,1.0,2.0,123.8,Active,New (0-6 months),2
51313,0,12.0,Computer,Tier 1,15.0,Debit Card,Male,2.0,3,Others,1,Single,3,No Complaint,15.0,0.0,1.0,3.0,294.31,Active,Mid (6-12 months),1
51314,1,9.0,Computer,Tier 3,15.0,E wallet,Male,2.0,3,Mobile Phone,5,Married,2,No Complaint,19.0,1.0,1.0,0.0,117.9,Churned,Mid (6-12 months),0
51315,0,9.0,Mobile Phone,Tier 3,9.0,Credit Card,Female,3.0,4,Fashion,1,Married,1,No Complaint,19.0,3.0,3.0,4.0,176.44,Active,Mid (6-12 months),1
51316,0,9.0,Computer,Tier 1,10.0,Debit Card,Female,3.0,3,Laptop & Accessory,4,Married,8,No Complaint,13.0,1.0,1.0,2.0,151.31,Active,Mid (6-12 months),0
51317,0,29.0,Computer,Tier 1,6.0,Debit Card,Male,2.0,3,Laptop & Accessory,3,Married,2,No Complaint,21.0,0.0,1.0,9.0,163.06,Active,Loyal (12+ months),0
51318,1,0.0,Phone,Tier 1,6.0,Credit Card,Male,2.0,3,Mobile Phone,1,Married,10,Complained,14.0,2.0,2.0,2.0,147.87,Churned,New (0-6 months),3
51319,0,15.0,Mobile Phone,Tier 1,8.0,Debit Card,Male,2.0,3,Others,3,Married,6,No Complaint,11.0,1.0,4.0,14.0,288.8,Active,Loyal (12+ months),0
51320,1,19.0,Phone,Tier 1,14.0,COD,Male,3.0,3,Mobile,3,Married,9,No Complaint,11.0,6.0,9.0,8.0,123.39,Churned,Loyal (12+ months),0
51321,0,14.0,Mobile Phone,Tier 1,34.0,Debit Card,Female,2.0,4,Grocery,4,Married,1,No Complaint,23.0,1.0,2.0,10.0,235.7,Active,Loyal (12+ months),0
51322,0,7.0,Mobile Phone,Tier 3,34.0,E wallet,Female,3.0,4,Laptop & Accessory,3,Married,2,No Complaint,21.0,1.0,1.0,7.0,167.12,Active,Mid (6-12 months),0
51323,0,9.0,Computer,Tier 3,21.0,E wallet,Male,2.0,5,Laptop & Accessory,1,Married,2,No Complaint,24.0,4.0,11.0,11.0,154.06,Active,Mid (6-12 months),1
51324,0,14.0,Mobile Phone,Tier 3,9.0,Debit Card,Male,2.0,4,Laptop & Accessory,4,Married,3,No Complaint,11.0,0.0,1.0,4.0,189.38,Active,Loyal (12+ months),0
51325,0,5.0,Phone,Tier 1,14.0,COD,Male,3.0,3,Mobile,5,Single,2,No Complaint,14.0,1.0,1.0,2.0,124.39,Active,New (0-6 months),0
51326,0,8.0,Mobile Phone,Tier 2,32.0,Debit Card,Female,2.0,3,Fashion,1,Single,2,Complained,16.0,1.0,1.0,7.0,188.37,Active,Mid (6-12 months),3
51327,0,11.0,Mobile Phone,Tier 3,16.0,Debit Card,Female,3.0,3,Laptop & Accessory,1,Married,2,No Complaint,11.0,0.0,1.0,9.0,153.43,Active,Mid (6-12 months),1
51328,1,13.0,Computer,Tier 3,6.0,Debit Card,Male,3.0,3,Laptop & Accessory,3,Married,8,No Complaint,12.0,1.0,1.0,1.0,167.28,Churned,Loyal (12+ months),0
51329,0,9.0,Mobile Phone,Tier 3,17.0,E wallet,Female,3.0,4,Laptop & Accessory,1,Married,5,No Complaint,13.0,1.0,1.0,0.0,166.52,Active,Mid (6-12 months),1
51330,0,18.0,Phone,Tier 3,26.0,Debit Card,Female,2.0,3,Laptop & Accessory,3,Single,9,No Complaint,15.0,1.0,1.0,1.0,148.5,Active,Loyal (12+ months),0
51331,0,13.0,Phone,Tier 1,8.0,Debit Card,Male,3.0,4,Mobile,3,Single,3,No Complaint,14.0,0.0,2.0,2.0,128.09,Active,Loyal (12+ months),0
51332,0,8.0,Computer,Tier 1,24.0,Debit Card,Male,3.0,3,Laptop & Accessory,3,Married,2,Complained,14.0,1.0,1.0,2.0,156.89,Active,Mid (6-12 months),2
51333,0,9.0,Mobile Phone,Tier 1,8.0,CC,Female,3.0,3,Mobile,3,Married,3,No Complaint,14.0,1.0,1.0,2.0,120.01,Active,Mid (6-12 months),0
51334,0,8.0,Phone,Tier 1,6.0,Debit Card,Female,3.0,5,Mobile,1,Married,2,No Complaint,12.0,0.0,1.0,1.0,129.77,Active,Mid (6-12 months),1
51335,0,2.0,Phone,Tier 1,19.0,UPI,Male,2.0,4,Laptop & Accessory,4,Married,5,Complained,13.0,1.0,1.0,3.0,140.25,Active,New (0-6 months),2
51336,0,2.0,Phone,Tier 1,34.0,Credit Card,Female,3.0,4,Mobile Phone,5,Single,2,No Complaint,14.0,0.0,1.0,4.0,137.85,Active,New (0-6 months),0
51337,1,13.0,Mobile Phone,Tier 3,34.0,E wallet,Male,2.0,4,Fashion,5,Married,5,Complained,13.0,0.0,2.0,0.0,208.54,Churned,Loyal (12+ months),2
51338,0,12.0,Mobile Phone,Tier 3,30.0,E wallet,Female,2.0,4,Grocery,1,Married,1,No Complaint,11.0,1.0,9.0,3.0,220.31,Active,Mid (6-12 months),1
51339,0,4.0,Computer,Tier 1,11.0,Credit Card,Male,3.0,3,Laptop & Accessory,5,Single,1,No Complaint,19.0,0.0,1.0,7.0,199.36,Active,New (0-6 months),0
51340,0,0.0,Phone,Tier 3,11.0,UPI,Female,3.0,4,Mobile,3,Single,1,No Complaint,18.0,0.0,1.0,0.0,129.66,Active,New (0-6 months),0
51341,0,9.0,Computer,Tier 1,14.0,CC,Male,2.0,1,Laptop & Accessory,1,Married,5,No Complaint,17.0,0.0,1.0,3.0,125.71,Active,Mid (6-12 months),1
51342,0,12.0,Mobile Phone,Tier 1,12.0,Credit Card,Male,2.0,4,Fashion,5,Married,5,No Complaint,15.0,1.0,1.0,7.0,199.91,Active,Mid (6-12 months),0
51343,0,0.0,Mobile Phone,Tier 1,10.0,Debit Card,Male,2.0,1,Laptop & Accessory,4,Married,2,Complained,20.0,1.0,1.0,3.0,161.42,Active,New (0-6 months),2
51344,0,22.0,Computer,Tier 3,8.0,Credit Card,Male,3.0,4,Laptop & Accessory,4,Married,3,No Complaint,14.0,1.0,1.0,8.0,153.9,Active,Loyal (12+ months),0
51345,0,7.0,Phone,Tier 1,14.0,Credit Card,Male,2.0,1,Laptop & Accessory,3,Married,3,No Complaint,12.0,0.0,1.0,2.0,144.04,Active,Mid (6-12 months),0
51346,1,4.0,Mobile Phone,Tier 3,6.0,Debit Card,Female,3.0,3,Laptop & Accessory,1,Single,9,Complained,11.0,0.0,1.0,5.0,159.93,Churned,New (0-6 months),3
51347,0,22.0,Computer,Tier 1,14.0,Debit Card,Male,3.0,4,Laptop & Accessory,4,Married,2,No Complaint,23.0,0.0,1.0,7.0,151.3,Active,Loyal (12+ months),0
51348,1,9.0,Phone,Tier 1,8.0,UPI,Male,3.0,4,Mobile,3,Single,7,Complained,15.0,0.0,1.0,0.0,120.9,Churned,Mid (6-12 months),2
51349,0,6.0,Computer,Tier 1,9.0,Debit Card,Female,3.0,3,Mobile,3,Married,2,Complained,11.0,2.0,3.0,0.0,129.09,Active,New (0-6 months),2
51350,0,0.0,Phone,Tier 1,8.0,CC,Male,2.0,3,Mobile,4,Married,10,No Complaint,12.0,1.0,2.0,2.0,134.68,Active,New (0-6 months),0
51351,0,5.0,Computer,Tier 1,8.0,Debit Card,Male,3.0,3,Mobile,1,Single,1,No Complaint,13.0,1.0,3.0,6.0,130.68,Active,New (0-6 months),1
51352,0,30.0,Phone,Tier 1,9.0,CC,Female,3.0,1,Mobile,5,Married,5,Complained,20.0,0.0,1.0,0.0,126.7,Active,Loyal (12+ months),2
51353,0,3.0,Phone,Tier 1,30.0,Debit Card,Male,3.0,3,Mobile,3,Married,2,No Complaint,22.0,1.0,1.0,0.0,126.93,Active,New (0-6 months),0
51354,0,11.0,Computer,Tier 1,29.0,Debit Card,Male,2.0,4,Fashion,3,Single,1,No Complaint,21.0,1.0,1.0,8.0,195.26,Active,Mid (6-12 months),0
51355,0,9.0,Mobile Phone,Tier 1,33.0,Credit Card,Male,3.0,3,Laptop & Accessory,3,Married,7,No Complaint,13.0,0.0,7.0,7.0,152.37,Active,Mid (6-12 months),0
51356,0,8.0,Phone,Tier 1,14.0,CC,Male,2.0,1,Mobile,4,Married,1,No Complaint,13.0,1.0,1.0,3.0,124.26,Active,Mid (6-12 months),0
51357,0,2.0,Phone,Tier 1,21.0,Debit Card,Female,2.0,4,Laptop & Accessory,3,Single,1,Complained,12.0,1.0,1.0,8.0,141.93,Active,New (0-6 months),2
51358,0,4.0,Phone,Tier 1,32.0,Debit Card,Male,3.0,3,Mobile,3,Married,2,No Complaint,17.0,3.0,4.0,3.0,129.11,Active,New (0-6 months),0
51359,0,7.0,Phone,Tier 1,25.0,CC,Male,3.0,3,Mobile,1,Married,1,No Complaint,11.0,0.0,1.0,2.0,126.61,Active,Mid (6-12 months),1
51360,1,9.0,Phone,Tier 1,30.0,Debit Card,Male,2.0,4,Mobile,3,Single,6,Complained,14.0,0.0,1.0,3.0,120.28,Churned,Mid (6-12 months),2
51361,0,2.0,Mobile Phone,Tier 1,27.0,Debit Card,Female,2.0,1,Fashion,5,Married,2,No Complaint,11.0,6.0,8.0,8.0,199.8,Active,New (0-6 months),0
51362,0,5.0,Phone,Tier 1,11.0,Debit Card,Male,3.0,1,Mobile,4,Married,1,Complained,12.0,1.0,1.0,5.0,132.98,Active,New (0-6 months),2
51363,0,0.0,Computer,Tier 1,22.0,CC,Male,3.0,1,Mobile,1,Married,2,Complained,13.0,0.0,1.0,0.0,129.35,Active,New (0-6 months),3
51364,0,26.0,Mobile Phone,Tier 3,8.0,Debit Card,Female,3.0,4,Grocery,1,Married,3,No Complaint,16.0,0.0,2.0,7.0,254.27,Active,Loyal (12+ months),1
51365,0,11.0,Phone,Tier 1,8.0,Debit Card,Male,2.0,3,Mobile Phone,1,Single,6,Complained,11.0,0.0,1.0,2.0,139.44,Active,Mid (6-12 months),3
51366,0,0.0,Computer,Tier 1,17.0,UPI,Female,3.0,1,Laptop & Accessory,3,Married,1,No Complaint,18.0,0.0,1.0,3.0,140.11,Active,New (0-6 months),0
51367,1,0.0,Phone,Tier 3,15.0,Debit Card,Male,2.0,4,Mobile,5,Single,8,No Complaint,23.0,0.0,1.0,3.0,134.07,Churned,New (0-6 months),0
51368,0,7.0,Mobile Phone,Tier 1,13.0,Debit Card,Female,2.0,3,Fashion,4,Single,1,No Complaint,11.0,0.0,2.0,3.0,219.94,Active,Mid (6-12 months),0
51369,0,9.0,Mobile Phone,Tier 1,21.0,Debit Card,Male,3.0,3,Mobile Phone,1,Single,2,No Complaint,14.0,1.0,1.0,0.0,112.32,Active,Mid (6-12 months),1
51370,1,0.0,Phone,Tier 1,12.0,CC,Male,3.0,3,Mobile,5,Single,3,No Complaint,11.0,0.0,1.0,3.0,129.6,Churned,New (0-6 months),0
51371,0,26.0,Mobile Phone,Tier 1,11.0,UPI,Female,2.0,3,Others,3,Married,5,No Complaint,11.0,1.0,4.0,8.0,290.94,Active,Loyal (12+ months),0
51372,1,0.0,Computer,Tier 1,22.0,Debit Card,Female,3.0,5,Mobile Phone,5,Single,2,Complained,22.0,0.0,6.0,7.0,139.19,Churned,New (0-6 months),2
51373,0,15.0,Mobile Phone,Tier 3,14.0,E wallet,Male,2.0,3,Laptop & Accessory,4,Married,1,No Complaint,11.0,2.0,4.0,2.0,168.25,Active,Loyal (12+ months),0
51374,0,17.0,Mobile Phone,Tier 1,13.0,Credit Card,Female,2.0,4,Fashion,1,Married,4,No Complaint,14.0,0.0,5.0,17.0,202.48,Active,Loyal (12+ months),1
51375,0,19.0,Mobile Phone,Tier 3,8.0,E wallet,Female,2.0,3,Others,5,Single,4,No Complaint,12.0,1.0,2.0,1.0,289.47,Active,Loyal (12+ months),0
51376,0,6.0,Phone,Tier 1,14.0,CC,Male,3.0,3,Mobile,1,Single,5,No Complaint,11.0,0.0,1.0,0.0,124.96,Active,New (0-6 months),1
51377,0,17.0,Mobile Phone,Tier 1,16.0,UPI,Male,2.0,3,Laptop & Accessory,1,Married,3,Complained,13.0,0.0,1.0,3.0,164.65,Active,Loyal (12+ months),3
51378,0,9.0,Phone,Tier 1,15.0,CC,Male,2.0,4,Mobile,3,Single,2,No Complaint,13.0,0.0,1.0,8.0,122.06,Active,Mid (6-12 months),0
51379,1,9.0,Phone,Tier 3,11.0,Cash on Delivery,Male,2.0,3,Laptop & Accessory,1,Married,4,No Complaint,14.0,0.0,1.0,0.0,120.86,Churned,Mid (6-12 months),1
51380,1,9.0,Phone,Tier 1,6.0,CC,Male,3.0,3,Mobile,1,Married,3,Complained,16.0,0.0,2.0,0.0,122.93,Churned,Mid (6-12 months),3
51381,0,16.0,Phone,Tier 1,14.0,CC,Female,3.0,1,Mobile,3,Married,2,No Complaint,12.0,1.0,1.0,4.0,126.45,Active,Loyal (12+ months),0
51382,1,13.0,Phone,Tier 3,9.0,E wallet,Male,3.0,4,Mobile,3,Married,2,Complained,14.0,1.0,1.0,2.0,126.83,Churned,Loyal (12+ months),2
51383,0,9.0,Mobile Phone,Tier 3,8.0,E wallet,Female,3.0,3,Mobile,1,Married,2,No Complaint,13.0,2.0,2.0,2.0,120.14,Active,Mid (6-12 months),1
51384,0,9.0,Phone,Tier 1,11.0,Debit Card,Female,2.0,4,Mobile,5,Married,10,Complained,14.0,1.0,1.0,0.0,134.19,Active,Mid (6-12 months),2
51385,0,6.0,Computer,Tier 3,6.0,Debit Card,Female,2.0,1,Laptop & Accessory,5,Married,3,No Complaint,19.0,0.0,1.0,3.0,153.76,Active,New (0-6 months),0
51386,0,9.0,Mobile Phone,Tier 1,10.0,UPI,Male,3.0,3,Mobile,1,Married,2,No Complaint,12.0,1.0,1.0,0.0,119.51,Active,Mid (6-12 months),1
51387,0,0.0,Phone,Tier 1,14.0,Debit Card,Female,2.0,3,Mobile,5,Married,2,No Complaint,13.0,1.0,1.0,0.0,123.41,Active,New (0-6 months),0
51388,1,9.0,Phone,Tier 1,31.0,Debit Card,Male,2.0,5,Mobile,3,Single,2,No Complaint,12.0,0.0,1.0,1.0,122.93,Churned,Mid (6-12 months),0
51389,0,0.0,Computer,Tier 3,14.0,Debit Card,Male,2.0,3,Fashion,3,Single,2,No Complaint,15.0,1.0,1.0,7.0,187.26,Active,New (0-6 months),0
51390,0,3.0,Computer,Tier 1,6.0,Credit Card,Female,2.0,3,Laptop & Accessory,1,Single,2,No Complaint,23.0,1.0,3.0,7.0,140.11,Active,New (0-6 months),1
51391,1,4.0,Mobile Phone,Tier 1,18.0,Cash on Delivery,Female,2.0,3,Others,3,Married,2,No Complaint,15.0,1.0,15.0,8.0,295.45,Churned,New (0-6 months),0
51392,0,7.0,Computer,Tier 3,29.0,E wallet,Male,3.0,3,Laptop & Accessory,3,Single,1,No Complaint,20.0,0.0,8.0,7.0,145.68,Active,Mid (6-12 months),0
51393,0,10.0,Phone,Tier 1,25.0,Debit Card,Male,3.0,3,Mobile,4,Married,5,No Complaint,21.0,0.0,1.0,0.0,130.22,Active,Mid (6-12 months),0
51394,0,19.0,Computer,Tier 3,11.0,E wallet,Male,3.0,3,Laptop & Accessory,1,Single,5,Complained,21.0,1.0,1.0,8.0,157.72,Active,Loyal (12+ months),3
51395,0,9.0,Phone,Tier 1,14.0,Debit Card,Male,2.0,1,Mobile,1,Married,2,No Complaint,19.0,1.0,1.0,1.0,122.69,Active,Mid (6-12 months),1
51396,1,11.0,Mobile Phone,Tier 1,6.0,Debit Card,Male,3.0,4,Fashion,3,Single,10,Complained,13.0,0.0,1.0,0.0,153.81,Churned,Mid (6-12 months),2
51397,1,0.0,Phone,Tier 1,11.0,COD,Male,2.0,3,Mobile,3,Single,2,Complained,13.0,0.0,2.0,2.0,134.41,Churned,New (0-6 months),2
51398,0,17.0,Mobile Phone,Tier 3,6.0,E wallet,Female,3.0,3,Laptop & Accessory,5,Married,6,Complained,21.0,1.0,1.0,3.0,154.54,Active,Loyal (12+ months),2
51399,0,8.0,Computer,Tier 1,17.0,Credit Card,Male,3.0,4,Fashion,5,Married,3,Complained,13.0,1.0,2.0,3.0,198.84,Active,Mid (6-12 months),2
51400,0,0.0,Phone,Tier 3,29.0,E wallet,Female,2.0,4,Laptop & Accessory,1,Married,8,Complained,19.0,0.0,1.0,0.0,141.57,Active,New (0-6 months),3
51401,0,6.0,Computer,Tier 1,29.0,Debit Card,Female,3.0,3,Fashion,1,Single,2,Complained,12.0,3.0,2.0,12.0,234.58,Active,New (0-6 months),3
51402,0,8.0,Computer,Tier 3,5.0,Debit Card,Male,3.0,3,Fashion,5,Married,2,No Complaint,22.0,0.0,1.0,8.0,190.69,Active,Mid (6-12 months),0
51403,0,8.0,Phone,Tier 1,29.0,Credit Card,Female,1.0,3,Mobile Phone,5,Married,4,Complained,15.0,0.0,2.0,2.0,140.14,Active,Mid (6-12 months),2
51404,0,4.0,Mobile Phone,Tier 1,13.0,Debit Card,Male,2.0,3,Laptop & Accessory,1,Married,4,No Complaint,22.0,0.0,1.0,7.0,159.15,Active,New (0-6 months),1
51405,0,10.0,Mobile Phone,Tier 1,6.0,Debit Card,Male,2.0,4,Laptop & Accessory,3,Married,2,No Complaint,18.0,0.0,1.0,7.0,159.93,Active,Mid (6-12 months),0
51406,0,5.0,Mobile Phone,Tier 1,6.0,Credit Card,Male,2.0,3,Laptop & Accessory,1,Married,2,Complained,22.0,5.0,7.0,8.0,161.62,Active,New (0-6 months),3
51407,0,11.0,Computer,Tier 1,14.0,Debit Card,Female,2.0,3,Laptop & Accessory,1,Single,2,No Complaint,11.0,6.0,9.0,9.0,124.06,Active,Mid (6-12 months),1
51408,0,23.0,Mobile Phone,Tier 1,13.0,Credit Card,Female,2.0,4,Others,3,Married,6,Complained,12.0,1.0,13.0,8.0,287.4,Active,Loyal (12+ months),2
51409,0,30.0,Mobile Phone,Tier 3,31.0,Debit Card,Female,4.0,3,Fashion,5,Single,8,No Complaint,11.0,6.0,7.0,9.0,176.37,Active,Loyal (12+ months),0
51410,0,9.0,Mobile Phone,Tier 1,14.0,Cash on Delivery,Female,2.0,3,Fashion,3,Married,2,No Complaint,13.0,7.0,12.0,8.0,200.96,Active,Mid (6-12 months),0
51411,0,28.0,Mobile Phone,Tier 1,14.0,Credit Card,Female,2.0,3,Grocery,3,Married,3,Complained,14.0,1.0,2.0,2.0,247.56,Active,Loyal (12+ months),2
51412,0,9.0,Computer,Tier 1,17.0,Debit Card,Male,3.0,4,Laptop & Accessory,4,Single,2,No Complaint,13.0,1.0,1.0,3.0,164.99,Active,Mid (6-12 months),0
51413,0,18.0,Mobile Phone,Tier 1,13.0,Debit Card,Male,2.0,3,Fashion,5,Married,3,No Complaint,17.0,0.0,1.0,0.0,197.24,Active,Loyal (12+ months),0
51414,0,9.0,Computer,Tier 1,6.0,CC,Male,3.0,3,Mobile,5,Married,5,No Complaint,13.0,0.0,1.0,2.0,121.94,Active,Mid (6-12 months),0
51415,1,0.0,Phone,Tier 1,15.0,CC,Male,3.0,4,Mobile,3,Married,1,Complained,17.0,1.0,1.0,0.0,133.88,Churned,New (0-6 months),2
51416,0,30.0,Computer,Tier 3,6.0,Debit Card,Female,2.0,4,Laptop & Accessory,3,Single,8,No Complaint,11.0,1.0,1.0,3.0,154.73,Active,Loyal (12+ months),0
51417,0,2.0,Phone,Tier 1,8.0,Debit Card,Male,3.0,3,Mobile,4,Married,1,No Complaint,23.0,1.0,1.0,4.0,127.03,Active,New (0-6 months),0
51418,0,4.0,Phone,Tier 1,14.0,CC,Male,2.0,3,Mobile,4,Single,2,No Complaint,17.0,1.0,1.0,0.0,125.01,Active,New (0-6 months),0
51419,0,5.0,Mobile Phone,Tier 1,6.0,Debit Card,Male,3.0,3,Laptop & Accessory,4,Married,2,No Complaint,17.0,1.0,1.0,9.0,162.2,Active,New (0-6 months),0
51420,0,9.0,Phone,Tier 1,12.0,Debit Card,Female,3.0,1,Mobile,1,Married,4,No Complaint,12.0,0.0,1.0,0.0,130.38,Active,Mid (6-12 months),1
51421,0,4.0,Phone,Tier 1,14.0,Debit Card,Female,3.0,3,Laptop & Accessory,1,Single,2,No Complaint,23.0,1.0,1.0,8.0,144.24,Active,New (0-6 months),1
51422,0,8.0,Phone,Tier 3,6.0,E wallet,Male,2.0,4,Laptop & Accessory,5,Single,1,No Complaint,14.0,1.0,2.0,8.0,143.12,Active,Mid (6-12 months),0
51423,0,18.0,Mobile Phone,Tier 1,12.0,UPI,Male,2.0,3,Fashion,5,Married,5,Complained,14.0,1.0,2.0,0.0,232.45,Active,Loyal (12+ months),2
51424,0,10.0,Mobile Phone,Tier 1,13.0,Credit Card,Male,1.0,3,Fashion,3,Single,5,No Complaint,13.0,0.0,2.0,2.0,236.64,Active,Mid (6-12 months),0
51425,0,19.0,Mobile Phone,Tier 2,11.0,Credit Card,Male,3.0,3,Laptop & Accessory,4,Married,2,Complained,22.0,1.0,1.0,2.0,150.21,Active,Loyal (12+ months),2
51426,0,3.0,Mobile Phone,Tier 1,6.0,Debit Card,Male,2.0,4,Laptop & Accessory,1,Married,2,Complained,12.0,1.0,3.0,0.0,151.26,Active,New (0-6 months),3
51427,0,8.0,Phone,Tier 1,6.0,CC,Male,3.0,4,Mobile,3,Single,2,No Complaint,18.0,1.0,1.0,4.0,128.59,Active,Mid (6-12 months),0
51428,0,28.0,Mobile Phone,Tier 3,6.0,Debit Card,Male,3.0,3,Fashion,1,Married,4,No Complaint,14.0,0.0,1.0,0.0,202.39,Active,Loyal (12+ months),1
51429,0,11.0,Computer,Tier 1,12.0,Credit Card,Female,3.0,5,Laptop & Accessory,1,Married,8,Complained,12.0,0.0,1.0,9.0,153.29,Active,Mid (6-12 months),3
51430,0,7.0,Phone,Tier 1,6.0,Credit Card,Male,3.0,3,Laptop & Accessory,4,Married,2,No Complaint,15.0,1.0,1.0,3.0,143.25,Active,Mid (6-12 months),0
51431,0,29.0,Mobile Phone,Tier 1,13.0,Debit Card,Male,2.0,5,Fashion,1,Single,5,No Complaint,11.0,0.0,1.0,2.0,172.6,Active,Loyal (12+ months),1
51432,0,0.0,Phone,Tier 3,14.0,COD,Male,3.0,3,Mobile,5,Married,4,No Complaint,13.0,1.0,1.0,0.0,123.22,Active,New (0-6 months),0
51433,0,9.0,Phone,Tier 1,15.0,Debit Card,Male,3.0,3,Mobile,1,Married,4,No Complaint,23.0,1.0,1.0,3.0,120.75,Active,Mid (6-12 months),1
51434,0,3.0,Phone,Tier 1,8.0,Debit Card,Male,4.0,4,Laptop & Accessory,1,Married,2,No Complaint,19.0,3.0,10.0,8.0,141.52,Active,New (0-6 months),1
51435,1,9.0,Mobile Phone,Tier 3,15.0,Credit Card,Male,3.0,4,Fashion,1,Single,2,No Complaint,16.0,3.0,4.0,7.0,196.19,Churned,Mid (6-12 months),1
51436,0,13.0,Computer,Tier 1,6.0,Debit Card,Male,3.0,4,Grocery,4,Married,2,No Complaint,22.0,5.0,2.0,11.0,235.03,Active,Loyal (12+ months),0
51437,0,24.0,Mobile Phone,Tier 3,27.0,E wallet,Male,3.0,3,Laptop & Accessory,1,Single,1,Complained,22.0,0.0,1.0,0.0,154.41,Active,Loyal (12+ months),3
51438,0,3.0,Mobile Phone,Tier 3,10.0,Credit Card,Female,3.0,4,Laptop & Accessory,4,Married,2,Complained,12.0,2.0,2.0,7.0,152.09,Active,New (0-6 months),2
51439,0,19.0,Computer,Tier 1,6.0,Credit Card,Male,2.0,4,Fashion,5,Married,3,Complained,13.0,4.0,9.0,5.0,206.73,Active,Loyal (12+ months),2
51440,0,5.0,Mobile Phone,Tier 3,12.0,Credit Card,Male,2.0,3,Laptop & Accessory,3,Single,2,No Complaint,16.0,5.0,5.0,7.0,150.1,Active,New (0-6 months),0
51441,0,27.0,Mobile Phone,Tier 1,8.0,Cash on Delivery,Female,2.0,3,Fashion,3,Married,10,No Complaint,12.0,0.0,2.0,3.0,235.49,Active,Loyal (12+ months),0
51442,0,0.0,Mobile Phone,Tier 3,9.0,UPI,Female,2.0,3,Laptop & Accessory,3,Married,1,No Complaint,21.0,0.0,1.0,2.0,149.99,Active,New (0-6 months),0
51443,0,1.0,Computer,Tier 3,10.0,Credit Card,Male,2.0,3,Laptop & Accessory,3,Married,2,No Complaint,15.0,0.0,1.0,4.0,142.21,Active,New (0-6 months),0
51444,0,30.0,Mobile Phone,Tier 3,16.0,Credit Card,Male,2.0,3,Grocery,3,Single,1,No Complaint,13.0,0.0,2.0,8.0,238.72000000000003,Active,Loyal (12+ months),0
51445,0,9.0,Computer,Tier 1,29.0,CC,Male,3.0,3,Laptop & Accessory,4,Married,5,No Complaint,12.0,0.0,1.0,2.0,120.42,Active,Mid (6-12 months),0
51446,1,9.0,Phone,Tier 2,12.0,UPI,Male,3.0,3,Mobile,5,Married,5,Complained,22.0,0.0,1.0,2.0,120.73,Churned,Mid (6-12 months),2
51447,0,5.0,Phone,Tier 1,6.0,Debit Card,Male,3.0,3,Mobile,5,Single,2,No Complaint,13.0,0.0,1.0,0.0,129.56,Active,New (0-6 months),0
51448,1,0.0,Computer,Tier 1,12.0,Debit Card,Female,3.0,4,Mobile,1,Single,2,Complained,18.0,0.0,1.0,0.0,129.26,Churned,New (0-6 months),3
51449,0,7.0,Phone,Tier 1,12.0,UPI,Female,2.0,3,Laptop & Accessory,3,Single,2,No Complaint,14.0,0.0,2.0,10.0,148.09,Active,Mid (6-12 months),0
51450,0,10.0,Computer,Tier 1,8.0,Debit Card,Male,3.0,4,Laptop & Accessory,1,Married,6,No Complaint,14.0,1.0,1.0,0.0,151.63,Active,Mid (6-12 months),1
51451,0,30.0,Computer,Tier 2,8.0,UPI,Female,2.0,4,Others,1,Married,10,No Complaint,21.0,1.0,2.0,2.0,288.44,Active,Loyal (12+ months),1
51452,0,23.0,Computer,Tier 1,6.0,Debit Card,Female,3.0,3,Others,4,Married,4,Complained,19.0,1.0,1.0,7.0,281.72,Active,Loyal (12+ months),2
51453,1,0.0,Mobile Phone,Tier 3,11.0,E wallet,Male,2.0,4,Laptop & Accessory,3,Single,2,Complained,11.0,0.0,1.0,3.0,157.44,Churned,New (0-6 months),2
51454,0,0.0,Phone,Tier 1,13.0,CC,Male,3.0,4,Mobile,1,Married,2,No Complaint,11.0,0.0,2.0,1.0,128.89,Active,New (0-6 months),1
51455,0,0.0,Phone,Tier 1,21.0,CC,Female,3.0,3,Mobile,1,Single,2,No Complaint,15.0,1.0,1.0,0.0,128.71,Active,New (0-6 months),1
51456,0,24.0,Computer,Tier 1,6.0,Credit Card,Female,1.0,4,Fashion,5,Single,4,No Complaint,20.0,4.0,12.0,8.0,174.84,Active,Loyal (12+ months),0
51457,1,0.0,Computer,Tier 1,13.0,Debit Card,Male,3.0,5,Laptop & Accessory,3,Single,2,Complained,24.0,1.0,1.0,6.0,160.74,Churned,New (0-6 months),2
51458,0,27.0,Computer,Tier 2,32.0,UPI,Female,1.0,1,Grocery,1,Single,3,Complained,12.0,1.0,4.0,4.0,273.28,Active,Loyal (12+ months),3
51459,0,0.0,Phone,Tier 1,24.0,Debit Card,Male,3.0,3,Mobile,3,Married,1,No Complaint,12.0,0.0,1.0,2.0,127.74,Active,New (0-6 months),0
51460,0,7.0,Phone,Tier 1,12.0,Debit Card,Female,2.0,4,Laptop & Accessory,4,Married,7,No Complaint,15.0,1.0,1.0,0.0,145.05,Active,Mid (6-12 months),0
51461,0,10.0,Mobile Phone,Tier 3,9.0,Debit Card,Male,2.0,3,Fashion,1,Single,3,No Complaint,12.0,0.0,1.0,3.0,174.28,Active,Mid (6-12 months),1
51462,0,7.0,Mobile Phone,Tier 1,11.0,Credit Card,Female,2.0,4,Fashion,5,Single,3,No Complaint,12.0,2.0,5.0,3.0,216.31,Active,Mid (6-12 months),0
51463,0,9.0,Computer,Tier 3,17.0,Cash on Delivery,Female,3.0,3,Fashion,1,Married,1,No Complaint,14.0,0.0,2.0,8.0,197.38,Active,Mid (6-12 months),1
51464,0,9.0,Phone,Tier 1,9.0,Debit Card,Female,3.0,3,Mobile,1,Married,6,No Complaint,22.0,0.0,1.0,0.0,128.35,Active,Mid (6-12 months),1
51465,0,16.0,Computer,Tier 3,32.0,Debit Card,Male,3.0,3,Grocery,1,Married,2,Complained,12.0,1.0,4.0,12.0,269.59,Active,Loyal (12+ months),3
51466,0,3.0,Computer,Tier 1,14.0,Debit Card,Male,3.0,5,Mobile,3,Married,2,No Complaint,25.0,0.0,1.0,9.0,126.13,Active,New (0-6 months),0
51467,0,6.0,Computer,Tier 3,28.0,E wallet,Male,3.0,3,Laptop & Accessory,4,Married,1,No Complaint,13.0,0.0,1.0,7.0,161.46,Active,New (0-6 months),0
51468,1,19.0,Mobile Phone,Tier 1,20.0,Debit Card,Female,3.0,3,Mobile Phone,4,Married,10,Complained,18.0,3.0,4.0,3.0,149.63,Churned,Loyal (12+ months),2
51469,0,24.0,Mobile Phone,Tier 1,12.0,Debit Card,Male,2.0,3,Others,3,Single,8,No Complaint,15.0,8.0,15.0,15.0,295.37,Active,Loyal (12+ months),0
51470,1,0.0,Mobile Phone,Tier 3,12.0,Debit Card,Male,3.0,5,Laptop & Accessory,3,Married,5,Complained,18.0,0.0,7.0,7.0,161.72,Churned,New (0-6 months),2
51471,0,0.0,Phone,Tier 1,14.0,UPI,Female,2.0,4,Mobile,4,Married,2,No Complaint,19.0,2.0,4.0,3.0,123.68,Active,New (0-6 months),0
51472,1,20.0,Mobile Phone,Tier 1,29.0,Credit Card,Female,3.0,3,Fashion,1,Married,2,No Complaint,12.0,7.0,15.0,6.0,203.12,Churned,Loyal (12+ months),1
51473,1,9.0,Mobile Phone,Tier 3,28.0,E wallet,Male,2.0,3,Mobile Phone,3,Single,2,Complained,19.0,1.0,1.0,0.0,116.75,Churned,Mid (6-12 months),2
51474,0,0.0,Phone,Tier 1,14.0,COD,Male,3.0,3,Mobile,1,Married,1,No Complaint,14.0,2.0,2.0,1.0,125.23,Active,New (0-6 months),1
51475,0,22.0,Mobile Phone,Tier 1,26.0,Credit Card,Female,3.0,3,Laptop & Accessory,5,Married,2,No Complaint,14.0,5.0,5.0,11.0,165.67,Active,Loyal (12+ months),0
51476,0,16.0,Computer,Tier 1,34.0,Credit Card,Female,3.0,1,Mobile Phone,3,Single,5,No Complaint,12.0,0.0,1.0,2.0,147.39,Active,Loyal (12+ months),0
51477,0,23.0,Computer,Tier 3,18.0,E wallet,Female,3.0,3,Fashion,1,Single,5,No Complaint,11.0,1.0,2.0,1.0,192.08,Active,Loyal (12+ months),1
51478,1,0.0,Phone,Tier 3,26.0,Debit Card,Female,3.0,5,Laptop & Accessory,3,Married,4,Complained,11.0,0.0,2.0,2.0,145.59,Churned,New (0-6 months),2
51479,0,14.0,Mobile Phone,Tier 3,15.0,Debit Card,Male,3.0,3,Fashion,3,Married,4,Complained,13.0,0.0,1.0,7.0,181.89,Active,Loyal (12+ months),2
51480,0,0.0,Phone,Tier 2,31.0,Debit Card,Female,3.0,3,Mobile,3,Married,2,No Complaint,23.0,2.0,5.0,7.0,129.42,Active,New (0-6 months),0
51481,0,9.0,Phone,Tier 1,12.0,Credit Card,Male,2.0,3,Laptop & Accessory,4,Married,7,No Complaint,20.0,0.0,1.0,1.0,149.41,Active,Mid (6-12 months),0
51482,1,14.0,Computer,Tier 1,14.0,Debit Card,Male,2.0,5,Fashion,1,Single,3,No Complaint,15.0,1.0,1.0,3.0,206.5,Churned,Loyal (12+ months),1
51483,0,12.0,Mobile Phone,Tier 3,10.0,Debit Card,Female,2.0,4,Laptop & Accessory,3,Married,5,No Complaint,14.0,5.0,5.0,9.0,159.02,Active,Mid (6-12 months),0
51484,0,0.0,Mobile Phone,Tier 3,34.0,Debit Card,Male,2.0,4,Laptop & Accessory,3,Married,3,No Complaint,18.0,1.0,2.0,2.0,186.39,Active,New (0-6 months),0
51485,0,3.0,Mobile Phone,Tier 2,15.0,UPI,Male,2.0,3,Laptop & Accessory,1,Married,1,Complained,19.0,4.0,4.0,7.0,163.47,Active,New (0-6 months),3
51486,1,0.0,Phone,Tier 1,15.0,Credit Card,Female,2.0,3,Mobile Phone,5,Single,8,No Complaint,22.0,1.0,1.0,4.0,142.0,Churned,New (0-6 months),0
51487,0,18.0,Phone,Tier 1,35.0,CC,Male,2.0,3,Mobile,1,Single,6,No Complaint,13.0,1.0,1.0,3.0,134.52,Active,Loyal (12+ months),1
51488,0,11.0,Phone,Tier 1,9.0,COD,Female,2.0,3,Laptop & Accessory,3,Single,4,Complained,20.0,2.0,2.0,2.0,143.17,Active,Mid (6-12 months),2
51489,0,3.0,Phone,Tier 1,14.0,Debit Card,Female,3.0,3,Mobile,3,Single,2,No Complaint,14.0,1.0,1.0,4.0,126.32,Active,New (0-6 months),0
51490,0,5.0,Computer,Tier 3,15.0,Credit Card,Male,2.0,5,Laptop & Accessory,1,Married,1,No Complaint,17.0,0.0,1.0,7.0,146.68,Active,New (0-6 months),1
51491,0,3.0,Phone,Tier 1,11.0,COD,Female,2.0,3,Mobile,5,Married,6,No Complaint,14.0,0.0,2.0,30.0,132.04,Active,New (0-6 months),1
51492,0,3.0,Phone,Tier 1,8.0,CC,Male,3.0,4,Mobile,1,Single,1,No Complaint,13.0,0.0,1.0,2.0,127.2,Active,New (0-6 months),1
51493,0,14.0,Computer,Tier 1,16.0,Debit Card,Male,3.0,4,Grocery,5,Married,5,No Complaint,13.0,1.0,7.0,7.0,271.81,Active,Loyal (12+ months),0
51494,0,9.0,Phone,Tier 1,15.0,Debit Card,Male,3.0,3,Mobile,5,Married,3,No Complaint,21.0,0.0,1.0,4.0,122.38,Active,Mid (6-12 months),0
51495,0,9.0,Mobile Phone,Tier 1,9.0,Credit Card,Female,3.0,3,Mobile Phone,4,Single,2,No Complaint,14.0,1.0,1.0,0.0,114.83,Active,Mid (6-12 months),0
51496,0,13.0,Computer,Tier 1,32.0,Credit Card,Female,2.0,3,Laptop & Accessory,4,Married,2,No Complaint,11.0,0.0,2.0,13.0,156.05,Active,Loyal (12+ months),0
51497,0,8.0,Mobile Phone,Tier 3,6.0,E wallet,Male,3.0,3,Fashion,4,Married,2,No Complaint,13.0,0.0,1.0,6.0,172.95,Active,Mid (6-12 months),0
51498,0,9.0,Phone,Tier 3,12.0,E wallet,Male,2.0,3,Laptop & Accessory,3,Married,3,Complained,20.0,0.0,4.0,5.0,123.06,Active,Mid (6-12 months),2
51499,0,18.0,Phone,Tier 1,14.0,Debit Card,Male,2.0,3,Laptop & Accessory,4,Married,9,No Complaint,18.0,1.0,1.0,15.0,123.48,Active,Loyal (12+ months),0
51500,0,5.0,Computer,Tier 3,14.0,E wallet,Female,2.0,3,Fashion,1,Single,2,No Complaint,14.0,2.0,3.0,7.0,189.98,Active,New (0-6 months),1
51501,0,2.0,Computer,Tier 1,6.0,COD,Male,2.0,3,Laptop & Accessory,3,Married,2,No Complaint,13.0,0.0,1.0,9.0,143.19,Active,New (0-6 months),0
51502,0,24.0,Mobile Phone,Tier 1,13.0,Credit Card,Male,2.0,4,Laptop & Accessory,3,Married,3,No Complaint,17.0,1.0,1.0,0.0,161.32,Active,Loyal (12+ months),0
51503,0,30.0,Phone,Tier 1,15.0,CC,Female,3.0,4,Mobile,4,Married,5,Complained,20.0,1.0,1.0,0.0,133.46,Active,Loyal (12+ months),2
51504,0,13.0,Mobile Phone,Tier 3,10.0,E wallet,Male,3.0,4,Fashion,1,Married,8,No Complaint,11.0,1.0,2.0,11.0,208.55,Active,Loyal (12+ months),1
51505,0,9.0,Computer,Tier 3,8.0,E wallet,Female,3.0,3,Mobile,3,Married,7,No Complaint,18.0,0.0,1.0,2.0,122.31,Active,Mid (6-12 months),0
51506,0,0.0,Phone,Tier 1,14.0,CC,Male,3.0,3,Mobile,1,Married,2,No Complaint,24.0,2.0,2.0,2.0,123.23,Active,New (0-6 months),1
51507,0,9.0,Computer,Tier 1,15.0,CC,Male,2.0,3,Mobile,4,Married,7,No Complaint,18.0,2.0,2.0,2.0,120.24,Active,Mid (6-12 months),0
51508,0,1.0,Phone,Tier 1,27.0,CC,Male,3.0,3,Mobile,1,Married,2,No Complaint,11.0,0.0,1.0,2.0,127.13,Active,New (0-6 months),1
51509,0,30.0,Mobile Phone,Tier 1,30.0,Debit Card,Male,2.0,1,Fashion,1,Married,4,Complained,16.0,1.0,1.0,4.0,194.39,Active,Loyal (12+ months),3
51510,0,0.0,Computer,Tier 1,14.0,CC,Male,3.0,4,Mobile,3,Married,2,Complained,15.0,0.0,1.0,1.0,125.66,Active,New (0-6 months),2
51511,0,23.0,Mobile Phone,Tier 1,17.0,Debit Card,Female,2.0,3,Others,4,Single,4,No Complaint,15.0,0.0,4.0,4.0,299.26,Active,Loyal (12+ months),0
51512,0,14.0,Phone,Tier 1,14.0,Debit Card,Male,2.0,3,Mobile,3,Married,5,No Complaint,12.0,1.0,1.0,8.0,124.51,Active,Loyal (12+ months),0
51513,0,3.0,Mobile Phone,Tier 3,11.0,Debit Card,Female,2.0,3,Fashion,1,Married,3,No Complaint,12.0,1.0,7.0,4.0,194.19,Active,New (0-6 months),1
51514,0,11.0,Mobile Phone,Tier 3,6.0,Debit Card,Female,2.0,4,Laptop & Accessory,1,Single,5,No Complaint,22.0,0.0,1.0,7.0,186.86,Active,Mid (6-12 months),1
51515,0,5.0,Phone,Tier 1,12.0,Debit Card,Male,3.0,3,Mobile,3,Single,4,No Complaint,20.0,0.0,1.0,4.0,130.38,Active,New (0-6 months),0
51516,0,0.0,Phone,Tier 1,23.0,COD,Male,3.0,3,Mobile,4,Married,1,Complained,16.0,0.0,1.0,1.0,130.58,Active,New (0-6 months),2
51517,1,0.0,Computer,Tier 3,14.0,COD,Female,3.0,5,Mobile,5,Single,1,No Complaint,21.0,1.0,1.0,0.0,123.25,Churned,New (0-6 months),0
51518,0,9.0,Computer,Tier 1,9.0,CC,Male,1.0,3,Mobile,4,Single,5,No Complaint,12.0,2.0,7.0,2.0,120.88,Active,Mid (6-12 months),0
51519,0,3.0,Computer,Tier 1,15.0,CC,Male,3.0,3,Laptop & Accessory,5,Married,2,No Complaint,11.0,5.0,6.0,10.0,130.72,Active,New (0-6 months),0
51520,0,18.0,Mobile Phone,Tier 3,10.0,Debit Card,Female,1.0,3,Laptop & Accessory,5,Married,5,Complained,11.0,0.0,1.0,3.0,150.06,Active,Loyal (12+ months),2
51521,0,29.0,Phone,Tier 1,14.0,Debit Card,Female,3.0,3,Mobile Phone,5,Married,5,Complained,18.0,2.0,2.0,2.0,142.57,Active,Loyal (12+ months),2
51522,0,6.0,Phone,Tier 1,14.0,Debit Card,Male,2.0,3,Mobile,1,Single,1,No Complaint,14.0,1.0,1.0,2.0,125.0,Active,New (0-6 months),1
51523,1,0.0,Mobile Phone,Tier 1,8.0,Debit Card,Male,2.0,4,Mobile Phone,1,Single,2,No Complaint,22.0,1.0,1.0,0.0,111.02,Churned,New (0-6 months),1
51524,0,19.0,Mobile Phone,Tier 3,6.0,E wallet,Female,3.0,3,Fashion,5,Married,2,No Complaint,25.0,8.0,15.0,7.0,204.53,Active,Loyal (12+ months),0
51525,0,9.0,Phone,Tier 1,15.0,Debit Card,Female,3.0,3,Mobile,1,Single,2,No Complaint,12.0,1.0,2.0,1.0,122.88,Active,Mid (6-12 months),1
51526,0,4.0,Phone,Tier 1,18.0,Credit Card,Female,3.0,3,Mobile Phone,1,Married,9,Complained,23.0,1.0,1.0,2.0,139.29,Active,New (0-6 months),3
51527,0,9.0,Phone,Tier 1,33.0,CC,Female,3.0,3,Mobile,4,Single,3,No Complaint,15.0,0.0,1.0,2.0,123.11,Active,Mid (6-12 months),0
51528,1,4.0,Phone,Tier 3,26.0,E wallet,Female,3.0,3,Mobile,4,Single,2,Complained,22.0,0.0,1.0,2.0,131.4,Churned,New (0-6 months),2
51529,0,23.0,Phone,Tier 1,6.0,Credit Card,Male,2.0,4,Mobile Phone,3,Married,3,No Complaint,15.0,1.0,1.0,2.0,136.9,Active,Loyal (12+ months),0
51530,0,26.0,Phone,Tier 1,19.0,Credit Card,Female,2.0,1,Laptop & Accessory,5,Married,2,No Complaint,11.0,1.0,1.0,3.0,144.5,Active,Loyal (12+ months),0
51531,0,6.0,Phone,Tier 1,20.0,CC,Female,3.0,3,Mobile,4,Married,2,No Complaint,13.0,1.0,1.0,6.0,127.56,Active,New (0-6 months),0
51532,0,13.0,Mobile Phone,Tier 1,10.0,Credit Card,Female,2.0,3,Others,3,Married,2,No Complaint,14.0,1.0,9.0,9.0,290.33,Active,Loyal (12+ months),0
51533,0,28.0,Mobile Phone,Tier 1,20.0,Credit Card,Male,3.0,1,Others,4,Single,9,No Complaint,11.0,1.0,2.0,15.0,287.22,Active,Loyal (12+ months),0
51534,0,7.0,Computer,Tier 1,8.0,Debit Card,Male,2.0,4,Laptop & Accessory,3,Married,2,No Complaint,17.0,0.0,1.0,9.0,195.47,Active,Mid (6-12 months),0
51535,0,24.0,Mobile Phone,Tier 1,9.0,Credit Card,Female,3.0,3,Grocery,4,Single,4,No Complaint,18.0,1.0,2.0,0.0,237.34,Active,Loyal (12+ months),0
51536,0,25.0,Mobile Phone,Tier 1,6.0,Debit Card,Male,3.0,4,Others,3,Married,1,No Complaint,15.0,7.0,11.0,9.0,299.99,Active,Loyal (12+ months),0
51537,0,9.0,Phone,Tier 1,15.0,CC,Female,4.0,3,Mobile,4,Single,2,No Complaint,16.0,0.0,1.0,3.0,122.79,Active,Mid (6-12 months),0
51538,1,0.0,Mobile Phone,Tier 1,29.0,Debit Card,Male,2.0,4,Laptop & Accessory,3,Married,4,Complained,13.0,1.0,1.0,1.0,159.16,Churned,New (0-6 months),2
51539,0,9.0,Computer,Tier 1,13.0,CC,Male,2.0,1,Mobile,1,Married,5,No Complaint,14.0,1.0,2.0,2.0,120.89,Active,Mid (6-12 months),1
51540,0,18.0,Computer,Tier 1,8.0,Credit Card,Male,3.0,4,Grocery,1,Married,10,No Complaint,23.0,1.0,11.0,8.0,267.92,Active,Loyal (12+ months),1
51541,0,10.0,Phone,Tier 1,27.0,Debit Card,Male,3.0,1,Mobile Phone,5,Married,2,Complained,12.0,1.0,1.0,7.0,135.64,Active,Mid (6-12 months),2
51542,0,8.0,Computer,Tier 1,8.0,Credit Card,Female,2.0,3,Laptop & Accessory,4,Single,6,No Complaint,11.0,0.0,1.0,2.0,144.25,Active,Mid (6-12 months),0
51543,0,15.0,Computer,Tier 1,27.0,Credit Card,Female,2.0,3,Laptop & Accessory,3,Married,3,No Complaint,16.0,0.0,1.0,2.0,152.65,Active,Loyal (12+ months),0
51544,0,11.0,Mobile Phone,Tier 1,8.0,Debit Card,Male,2.0,3,Laptop & Accessory,3,Married,10,No Complaint,14.0,1.0,1.0,0.0,165.53,Active,Mid (6-12 months),0
51545,0,11.0,Mobile Phone,Tier 1,35.0,COD,Male,2.0,3,Laptop & Accessory,1,Married,4,No Complaint,18.0,0.0,1.0,7.0,162.61,Active,Mid (6-12 months),1
51546,0,0.0,Computer,Tier 1,6.0,COD,Male,2.0,4,Laptop & Accessory,5,Married,6,No Complaint,19.0,2.0,2.0,0.0,142.98,Active,New (0-6 months),0
51547,0,22.0,Computer,Tier 1,24.0,Debit Card,Male,3.0,3,Laptop & Accessory,1,Married,2,Complained,15.0,0.0,1.0,7.0,168.04,Active,Loyal (12+ months),3
51548,0,7.0,Computer,Tier 1,16.0,Credit Card,Male,2.0,3,Mobile Phone,3,Married,2,Complained,17.0,2.0,2.0,0.0,138.15,Active,Mid (6-12 months),2
51549,0,13.0,Phone,Tier 1,25.0,CC,Male,3.0,3,Laptop & Accessory,1,Married,9,Complained,15.0,3.0,3.0,7.0,127.41,Active,Loyal (12+ months),3
51550,1,1.0,Mobile Phone,Tier 1,35.0,Credit Card,Male,3.0,3,Laptop & Accessory,5,Married,8,Complained,19.0,1.0,1.0,0.0,166.73,Churned,New (0-6 months),2
51551,1,0.0,Mobile Phone,Tier 3,33.0,E wallet,Female,2.0,3,Fashion,1,Married,2,No Complaint,22.0,0.0,1.0,9.0,176.39,Churned,New (0-6 months),1
51552,0,0.0,Phone,Tier 1,14.0,Debit Card,Male,2.0,1,Mobile,4,Married,2,Complained,16.0,2.0,2.0,2.0,123.28,Active,New (0-6 months),2
51553,0,9.0,Computer,Tier 1,24.0,CC,Female,3.0,3,Mobile,1,Single,2,No Complaint,13.0,0.0,1.0,7.0,121.53,Active,Mid (6-12 months),1
51554,0,13.0,Computer,Tier 1,15.0,Debit Card,Male,3.0,4,Laptop & Accessory,1,Married,10,No Complaint,14.0,0.0,1.0,2.0,148.76,Active,Loyal (12+ months),1
51555,0,19.0,Mobile Phone,Tier 1,6.0,Credit Card,Male,3.0,3,Fashion,5,Married,8,No Complaint,16.0,0.0,1.0,3.0,193.96,Active,Loyal (12+ months),0
51556,1,0.0,Mobile Phone,Tier 3,10.0,Credit Card,Male,2.0,5,Fashion,1,Married,2,No Complaint,11.0,6.0,9.0,8.0,204.0,Churned,New (0-6 months),1
51557,0,3.0,Computer,Tier 1,6.0,Debit Card,Male,2.0,4,Fashion,3,Single,2,No Complaint,22.0,4.0,5.0,8.0,184.74,Active,New (0-6 months),0
51558,0,0.0,Computer,Tier 3,26.0,Debit Card,Female,2.0,3,Laptop & Accessory,3,Single,2,No Complaint,14.0,1.0,1.0,7.0,199.81,Active,New (0-6 months),0
51559,0,24.0,Mobile Phone,Tier 1,14.0,Debit Card,Male,2.0,4,Fashion,4,Married,6,No Complaint,16.0,2.0,4.0,3.0,224.9,Active,Loyal (12+ months),0
51560,1,0.0,Phone,Tier 1,14.0,COD,Female,2.0,3,Mobile,5,Single,6,Complained,11.0,0.0,1.0,4.0,126.57,Churned,New (0-6 months),2
51561,0,14.0,Mobile Phone,Tier 3,12.0,Debit Card,Female,3.0,3,Fashion,1,Single,4,Complained,18.0,0.0,2.0,0.0,235.91000000000005,Active,Loyal (12+ months),3
51562,1,0.0,Computer,Tier 3,32.0,E wallet,Female,2.0,4,Laptop & Accessory,5,Single,6,No Complaint,15.0,1.0,1.0,1.0,166.96,Churned,New (0-6 months),0
51563,1,9.0,Phone,Tier 1,6.0,Cash on Delivery,Male,2.0,3,Mobile,3,Single,1,No Complaint,14.0,0.0,1.0,5.0,120.58,Churned,Mid (6-12 months),0
51564,0,18.0,Computer,Tier 3,12.0,Credit Card,Female,2.0,4,Fashion,1,Single,7,No Complaint,12.0,5.0,12.0,8.0,188.65,Active,Loyal (12+ months),1
51565,0,27.0,Mobile Phone,Tier 3,9.0,E wallet,Female,2.0,3,Laptop & Accessory,5,Married,3,No Complaint,14.0,1.0,1.0,5.0,159.4,Active,Loyal (12+ months),0
51566,0,9.0,Mobile Phone,Tier 1,11.0,Debit Card,Male,3.0,3,Laptop & Accessory,4,Single,9,No Complaint,16.0,2.0,3.0,7.0,159.14,Active,Mid (6-12 months),0
51567,0,6.0,Phone,Tier 1,14.0,CC,Female,2.0,4,Mobile,4,Married,7,No Complaint,21.0,0.0,1.0,1.0,126.22,Active,New (0-6 months),0
51568,0,10.0,Computer,Tier 1,17.0,UPI,Male,2.0,3,Fashion,1,Married,2,Complained,14.0,1.0,1.0,3.0,221.85,Active,Mid (6-12 months),3
51569,0,11.0,Mobile Phone,Tier 3,9.0,Debit Card,Male,3.0,3,Fashion,3,Married,1,No Complaint,12.0,1.0,5.0,13.0,206.09,Active,Mid (6-12 months),0
51570,0,4.0,Computer,Tier 1,6.0,Credit Card,Male,2.0,5,Laptop & Accessory,3,Married,1,No Complaint,12.0,0.0,1.0,4.0,143.45,Active,New (0-6 months),0
51571,0,9.0,Phone,Tier 1,9.0,Debit Card,Male,3.0,4,Mobile,1,Married,4,No Complaint,17.0,0.0,1.0,0.0,121.77,Active,Mid (6-12 months),1
51572,0,10.0,Computer,Tier 3,10.0,E wallet,Male,3.0,3,Mobile,1,Married,5,No Complaint,17.0,3.0,5.0,8.0,127.93,Active,Mid (6-12 months),1
51573,0,2.0,Computer,Tier 3,6.0,Credit Card,Female,2.0,3,Fashion,1,Married,2,No Complaint,14.0,4.0,4.0,1.0,179.18,Active,New (0-6 months),1
51574,0,8.0,Computer,Tier 3,6.0,E wallet,Female,3.0,3,Fashion,3,Single,2,No Complaint,14.0,1.0,1.0,8.0,187.89,Active,Mid (6-12 months),0
51575,1,0.0,Phone,Tier 1,14.0,CC,Male,2.0,4,Mobile,1,Single,2,Complained,13.0,0.0,1.0,1.0,123.89,Churned,New (0-6 months),3
51576,0,25.0,Phone,Tier 1,8.0,Debit Card,Female,2.0,4,Mobile,1,Single,8,No Complaint,15.0,2.0,2.0,2.0,132.12,Active,Loyal (12+ months),1
51577,0,15.0,Mobile Phone,Tier 1,10.0,Cash on Delivery,Male,2.0,3,Others,1,Married,2,No Complaint,15.0,0.0,11.0,15.0,292.32,Active,Loyal (12+ months),1
51578,0,9.0,Phone,Tier 2,12.0,CC,Male,2.0,3,Mobile,3,Married,9,No Complaint,17.0,0.0,2.0,2.0,122.67,Active,Mid (6-12 months),0
51579,0,23.0,Mobile Phone,Tier 3,6.0,Credit Card,Female,3.0,3,Others,1,Married,4,No Complaint,15.0,1.0,1.0,6.0,295.17,Active,Loyal (12+ months),1
51580,1,0.0,Phone,Tier 1,14.0,CC,Male,2.0,3,Mobile,1,Married,6,Complained,13.0,1.0,1.0,4.0,124.36,Churned,New (0-6 months),3
51581,0,16.0,Mobile Phone,Tier 3,22.0,E wallet,Female,3.0,3,Grocery,1,Married,6,Complained,22.0,0.0,2.0,9.0,260.64,Active,Loyal (12+ months),3
51582,1,0.0,Phone,Tier 1,8.0,Debit Card,Female,3.0,3,Mobile,5,Married,8,No Complaint,20.0,1.0,1.0,7.0,127.07,Churned,New (0-6 months),0
51583,0,25.0,Computer,Tier 3,8.0,Debit Card,Male,3.0,4,Others,3,Single,2,Complained,18.0,1.0,15.0,12.0,290.68,Active,Loyal (12+ months),2
51584,0,5.0,Phone,Tier 3,10.0,Debit Card,Female,2.0,3,Mobile Phone,4,Married,3,No Complaint,11.0,1.0,1.0,2.0,139.31,Active,New (0-6 months),0
51585,1,0.0,Phone,Tier 1,6.0,Debit Card,Male,3.0,4,Mobile Phone,3,Single,1,Complained,14.0,0.0,1.0,2.0,137.3,Churned,New (0-6 months),2
51586,0,9.0,Phone,Tier 1,6.0,CC,Female,3.0,3,Mobile,3,Married,8,No Complaint,14.0,1.0,1.0,2.0,122.32,Active,Mid (6-12 months),0
51587,0,5.0,Computer,Tier 3,32.0,E wallet,Male,3.0,3,Laptop & Accessory,1,Married,1,No Complaint,18.0,2.0,2.0,2.0,144.65,Active,New (0-6 months),1
51588,0,14.0,Phone,Tier 1,25.0,Debit Card,Male,3.0,3,Laptop & Accessory,5,Married,3,No Complaint,16.0,0.0,1.0,0.0,130.72,Active,Loyal (12+ months),0
51589,0,13.0,Phone,Tier 1,30.0,COD,Male,3.0,3,Laptop & Accessory,1,Married,2,No Complaint,17.0,2.0,4.0,7.0,133.19,Active,Loyal (12+ months),1
51590,0,18.0,Mobile Phone,Tier 1,6.0,UPI,Male,3.0,1,Others,1,Married,1,No Complaint,15.0,1.0,1.0,7.0,292.02,Active,Loyal (12+ months),1
51591,0,4.0,Computer,Tier 1,9.0,Credit Card,Male,3.0,3,Fashion,3,Married,10,No Complaint,12.0,2.0,2.0,2.0,236.75,Active,New (0-6 months),0
51592,0,6.0,Phone,Tier 1,11.0,Debit Card,Female,3.0,4,Mobile,1,Married,2,No Complaint,13.0,0.0,1.0,2.0,129.11,Active,New (0-6 months),1
51593,0,7.0,Mobile Phone,Tier 1,8.0,Debit Card,Male,2.0,4,Laptop & Accessory,5,Married,7,No Complaint,13.0,0.0,5.0,9.0,159.57,Active,Mid (6-12 months),0
51594,0,10.0,Phone,Tier 1,6.0,Credit Card,Female,2.0,4,Mobile Phone,5,Married,3,No Complaint,14.0,0.0,1.0,2.0,139.2,Active,Mid (6-12 months),0
51595,0,18.0,Computer,Tier 1,13.0,Debit Card,Male,3.0,1,Laptop & Accessory,3,Married,5,No Complaint,17.0,1.0,1.0,2.0,164.34,Active,Loyal (12+ months),0
51596,1,0.0,Computer,Tier 1,16.0,Credit Card,Male,3.0,3,Fashion,3,Married,7,No Complaint,11.0,0.0,1.0,0.0,200.48,Churned,New (0-6 months),0
51597,0,12.0,Computer,Tier 1,8.0,Cash on Delivery,Female,3.0,3,Fashion,3,Single,1,No Complaint,25.0,6.0,11.0,3.0,209.38,Active,Mid (6-12 months),0
51598,0,2.0,Phone,Tier 1,14.0,Debit Card,Male,2.0,3,Mobile,1,Single,2,No Complaint,19.0,1.0,1.0,5.0,123.4,Active,New (0-6 months),1
51599,0,15.0,Mobile Phone,Tier 1,23.0,Debit Card,Female,2.0,1,Laptop & Accessory,5,Single,4,Complained,13.0,1.0,1.0,2.0,165.45,Active,Loyal (12+ months),2
51600,0,2.0,Mobile Phone,Tier 3,26.0,E wallet,Male,2.0,3,Laptop & Accessory,1,Married,3,No Complaint,14.0,1.0,1.0,2.0,169.31,Active,New (0-6 months),1
51601,0,0.0,Phone,Tier 1,6.0,Debit Card,Female,3.0,3,Laptop & Accessory,3,Married,1,No Complaint,12.0,1.0,1.0,2.0,148.98,Active,New (0-6 months),0
51602,0,15.0,Phone,Tier 1,14.0,CC,Female,2.0,4,Mobile,5,Married,1,Complained,11.0,7.0,7.0,8.0,125.93,Active,Loyal (12+ months),2
51603,0,13.0,Mobile Phone,Tier 1,8.0,Credit Card,Male,2.0,3,Others,3,Married,1,No Complaint,15.0,3.0,3.0,9.0,294.36,Active,Loyal (12+ months),0
51604,0,24.0,Phone,Tier 1,6.0,Debit Card,Male,3.0,3,Mobile,1,Married,2,No Complaint,11.0,1.0,1.0,0.0,127.23,Active,Loyal (12+ months),1
51605,1,0.0,Computer,Tier 1,35.0,Credit Card,Male,3.0,4,Mobile,4,Single,1,No Complaint,11.0,0.0,1.0,4.0,134.79,Churned,New (0-6 months),0
51606,0,5.0,Computer,Tier 1,13.0,Debit Card,Male,3.0,1,Mobile,4,Married,2,No Complaint,20.0,0.0,1.0,3.0,127.94,Active,New (0-6 months),0
51607,0,11.0,Computer,Tier 3,8.0,Debit Card,Male,2.0,4,Laptop & Accessory,1,Married,4,No Complaint,18.0,1.0,7.0,5.0,152.49,Active,Mid (6-12 months),1
51608,0,9.0,Phone,Tier 1,8.0,Cash on Delivery,Male,2.0,4,Laptop & Accessory,5,Single,5,No Complaint,13.0,0.0,1.0,4.0,121.76,Active,Mid (6-12 months),0
51609,0,19.0,Mobile Phone,Tier 3,8.0,Cash on Delivery,Female,3.0,5,Grocery,4,Married,4,Complained,12.0,1.0,7.0,7.0,268.72,Active,Loyal (12+ months),2
51610,1,0.0,Phone,Tier 1,8.0,Debit Card,Male,3.0,3,Mobile,3,Single,3,No Complaint,11.0,0.0,1.0,0.0,134.85,Churned,New (0-6 months),0
51611,0,2.0,Mobile Phone,Tier 3,8.0,Credit Card,Male,3.0,4,Laptop & Accessory,4,Married,3,No Complaint,19.0,1.0,1.0,0.0,166.44,Active,New (0-6 months),0
51612,0,4.0,Mobile Phone,Tier 1,29.0,Credit Card,Male,3.0,4,Laptop & Accessory,1,Married,1,No Complaint,21.0,0.0,7.0,8.0,155.82,Active,New (0-6 months),1
51613,0,0.0,Computer,Tier 1,11.0,Debit Card,Male,2.0,1,Laptop & Accessory,5,Married,2,No Complaint,12.0,1.0,1.0,5.0,140.0,Active,New (0-6 months),0
51614,0,18.0,Mobile Phone,Tier 1,26.0,Credit Card,Male,3.0,3,Grocery,1,Married,1,Complained,14.0,2.0,2.0,10.0,234.96,Active,Loyal (12+ months),3
51615,0,9.0,Phone,Tier 1,12.0,Debit Card,Male,2.0,3,Mobile,1,Married,1,No Complaint,11.0,1.0,10.0,11.0,132.1,Active,Mid (6-12 months),1
51616,0,28.0,Mobile Phone,Tier 1,6.0,Credit Card,Male,2.0,3,Others,5,Single,1,Complained,14.0,1.0,4.0,13.0,290.45,Active,Loyal (12+ months),2
51617,1,10.0,Computer,Tier 1,35.0,Debit Card,Male,2.0,3,Fashion,4,Married,2,Complained,12.0,4.0,9.0,3.0,218.49,Churned,Mid (6-12 months),2
51618,0,9.0,Phone,Tier 1,15.0,CC,Male,3.0,3,Mobile,1,Married,2,No Complaint,23.0,1.0,1.0,4.0,120.7,Active,Mid (6-12 months),1
51619,0,10.0,Mobile Phone,Tier 3,12.0,Credit Card,Male,3.0,3,Laptop & Accessory,1,Married,5,No Complaint,14.0,1.0,1.0,1.0,165.02,Active,Mid (6-12 months),1
51620,0,0.0,Phone,Tier 1,9.0,CC,Male,3.0,4,Mobile,3,Single,2,No Complaint,17.0,1.0,1.0,0.0,132.3,Active,New (0-6 months),0
51621,0,10.0,Computer,Tier 1,6.0,Credit Card,Female,3.0,3,Fashion,1,Married,3,Complained,18.0,0.0,2.0,2.0,236.03,Active,Mid (6-12 months),3
51622,0,8.0,Mobile Phone,Tier 1,28.0,Debit Card,Female,3.0,1,Fashion,4,Married,8,No Complaint,18.0,5.0,6.0,3.0,219.96,Active,Mid (6-12 months),0
51623,0,11.0,Mobile Phone,Tier 3,13.0,Credit Card,Female,2.0,1,Laptop & Accessory,5,Married,2,Complained,24.0,4.0,7.0,7.0,156.05,Active,Mid (6-12 months),2
51624,0,0.0,Computer,Tier 1,6.0,Debit Card,Female,2.0,3,Laptop & Accessory,4,Married,2,No Complaint,20.0,1.0,1.0,4.0,163.97,Active,New (0-6 months),0
51625,0,23.0,Mobile Phone,Tier 1,10.0,Debit Card,Male,3.0,3,Others,4,Married,4,No Complaint,14.0,1.0,1.0,6.0,291.44,Active,Loyal (12+ months),0
51626,0,26.0,Mobile Phone,Tier 1,9.0,Credit Card,Male,2.0,3,Grocery,3,Married,4,Complained,16.0,1.0,1.0,3.0,275.84,Active,Loyal (12+ months),2
51627,0,15.0,Phone,Tier 3,6.0,Debit Card,Male,1.0,3,Laptop & Accessory,3,Married,2,No Complaint,25.0,6.0,11.0,6.0,149.07,Active,Loyal (12+ months),0
51628,0,2.0,Computer,Tier 3,8.0,Debit Card,Male,2.0,3,Laptop & Accessory,1,Single,2,No Complaint,18.0,0.0,1.0,9.0,145.54,Active,New (0-6 months),1
51629,0,28.0,Mobile Phone,Tier 1,26.0,COD,Male,2.0,3,Laptop & Accessory,1,Married,4,Complained,19.0,0.0,1.0,8.0,154.15,Active,Loyal (12+ months),3
51630,0,0.0,Computer,Tier 1,17.0,Credit Card,Male,2.0,3,Laptop & Accessory,5,Married,2,Complained,13.0,1.0,3.0,3.0,147.41,Active,New (0-6 months),2
51631,0,9.0,Phone,Tier 1,6.0,Debit Card,Female,2.0,3,Mobile,1,Single,2,No Complaint,12.0,1.0,5.0,7.0,121.15,Active,Mid (6-12 months),1
51632,1,7.0,Computer,Tier 1,30.0,Debit Card,Male,3.0,3,Mobile,3,Married,4,Complained,22.0,0.0,1.0,0.0,131.61,Churned,Mid (6-12 months),2
51633,0,11.0,Mobile Phone,Tier 1,29.0,Debit Card,Male,2.0,3,Laptop & Accessory,1,Married,10,No Complaint,14.0,0.0,1.0,2.0,157.45,Active,Mid (6-12 months),1
51634,1,0.0,Phone,Tier 1,14.0,CC,Male,2.0,3,Mobile,4,Married,3,Complained,13.0,1.0,1.0,2.0,123.73,Churned,New (0-6 months),2
51635,0,1.0,Phone,Tier 1,14.0,Debit Card,Female,3.0,3,Mobile,1,Single,2,No Complaint,21.0,1.0,1.0,2.0,133.1,Active,New (0-6 months),1
51636,0,22.0,Computer,Tier 1,16.0,Debit Card,Female,2.0,3,Others,5,Single,10,Complained,11.0,1.0,1.0,2.0,286.65,Active,Loyal (12+ months),2
51637,0,9.0,Phone,Tier 1,9.0,COD,Male,1.0,3,Laptop & Accessory,4,Single,5,No Complaint,12.0,2.0,7.0,7.0,144.85,Active,Mid (6-12 months),0
51638,0,4.0,Computer,Tier 3,11.0,E wallet,Female,3.0,3,Mobile,4,Married,2,No Complaint,11.0,0.0,2.0,2.0,127.89,Active,New (0-6 months),0
51639,1,0.0,Mobile Phone,Tier 3,10.0,E wallet,Male,2.0,4,Laptop & Accessory,1,Single,2,Complained,12.0,4.0,7.0,4.0,158.28,Churned,New (0-6 months),3
51640,0,10.0,Computer,Tier 1,14.0,CC,Male,2.0,3,Mobile,1,Married,2,Complained,12.0,0.0,1.0,2.0,123.26,Active,Mid (6-12 months),3
51641,0,15.0,Computer,Tier 3,32.0,E wallet,Female,3.0,3,Grocery,4,Married,6,No Complaint,14.0,3.0,2.0,8.0,235.25,Active,Loyal (12+ months),0
51642,1,9.0,Mobile Phone,Tier 1,9.0,Debit Card,Male,2.0,3,Mobile Phone,3,Single,2,No Complaint,13.0,1.0,1.0,0.0,114.2,Churned,Mid (6-12 months),0
51643,0,8.0,Mobile Phone,Tier 3,22.0,E wallet,Male,3.0,3,Fashion,4,Married,1,No Complaint,15.0,3.0,6.0,9.0,180.2,Active,Mid (6-12 months),0
51644,0,9.0,Computer,Tier 1,24.0,Debit Card,Male,2.0,1,Mobile Phone,1,Married,5,No Complaint,18.0,1.0,1.0,0.0,136.88,Active,Mid (6-12 months),1
51645,0,24.0,Mobile Phone,Tier 1,8.0,Credit Card,Male,2.0,5,Laptop & Accessory,4,Married,6,No Complaint,18.0,0.0,1.0,2.0,154.82,Active,Loyal (12+ months),0
51646,0,14.0,Mobile Phone,Tier 3,8.0,Debit Card,Male,2.0,3,Grocery,4,Single,2,No Complaint,19.0,1.0,2.0,4.0,260.15,Active,Loyal (12+ months),0
51647,0,9.0,Mobile Phone,Tier 3,16.0,Credit Card,Female,3.0,4,Mobile Phone,3,Single,2,No Complaint,12.0,0.0,1.0,0.0,112.0,Active,Mid (6-12 months),0
51648,0,1.0,Mobile Phone,Tier 1,22.0,Credit Card,Male,3.0,1,Laptop & Accessory,5,Single,1,No Complaint,19.0,0.0,1.0,7.0,156.61,Active,New (0-6 months),0
51649,0,4.0,Mobile Phone,Tier 3,13.0,COD,Male,3.0,1,Laptop & Accessory,1,Married,5,No Complaint,11.0,3.0,7.0,7.0,169.29,Active,New (0-6 months),1
51650,0,12.0,Mobile Phone,Tier 1,6.0,Credit Card,Male,2.0,1,Fashion,1,Married,1,No Complaint,17.0,1.0,3.0,7.0,196.13,Active,Mid (6-12 months),1
51651,0,9.0,Computer,Tier 1,30.0,Debit Card,Female,2.0,3,Laptop & Accessory,4,Married,8,No Complaint,15.0,1.0,1.0,8.0,156.74,Active,Mid (6-12 months),0
51652,0,5.0,Mobile Phone,Tier 3,13.0,Debit Card,Male,3.0,4,Laptop & Accessory,3,Married,2,No Complaint,14.0,3.0,4.0,8.0,154.84,Active,New (0-6 months),0
51653,0,11.0,Mobile Phone,Tier 1,31.0,Debit Card,Female,2.0,4,Fashion,4,Married,4,No Complaint,17.0,0.0,1.0,3.0,220.61,Active,Mid (6-12 months),0
51654,0,30.0,Computer,Tier 1,6.0,Debit Card,Male,2.0,5,Laptop & Accessory,3,Married,3,Complained,13.0,1.0,1.0,2.0,156.6,Active,Loyal (12+ months),2
51655,0,4.0,Phone,Tier 1,11.0,COD,Male,2.0,3,Mobile Phone,1,Married,1,Complained,12.0,1.0,1.0,3.0,148.21,Active,New (0-6 months),3
51656,0,4.0,Mobile Phone,Tier 2,8.0,UPI,Male,3.0,4,Laptop & Accessory,5,Married,4,No Complaint,12.0,0.0,1.0,0.0,164.1,Active,New (0-6 months),0
51657,0,18.0,Computer,Tier 1,13.0,Debit Card,Male,3.0,3,Fashion,5,Married,2,No Complaint,18.0,2.0,9.0,11.0,152.1,Active,Loyal (12+ months),0
51658,0,4.0,Phone,Tier 1,8.0,Debit Card,Male,3.0,3,Mobile,1,Married,1,Complained,18.0,2.0,2.0,2.0,126.95,Active,New (0-6 months),3
51659,0,6.0,Computer,Tier 1,11.0,Debit Card,Female,3.0,3,Fashion,4,Married,7,No Complaint,11.0,7.0,8.0,3.0,218.78,Active,New (0-6 months),0
51660,0,0.0,Mobile Phone,Tier 1,16.0,Credit Card,Male,3.0,3,Grocery,5,Married,2,Complained,14.0,1.0,11.0,10.0,270.68,Active,New (0-6 months),2
51661,0,16.0,Computer,Tier 1,14.0,Debit Card,Female,2.0,3,Mobile,1,Single,1,No Complaint,19.0,0.0,1.0,7.0,124.55,Active,Loyal (12+ months),1
51662,0,22.0,Mobile Phone,Tier 1,6.0,Cash on Delivery,Female,2.0,4,Grocery,3,Single,8,Complained,12.0,0.0,2.0,7.0,239.64,Active,Loyal (12+ months),2
51663,1,15.0,Phone,Tier 1,14.0,Credit Card,Male,2.0,4,Laptop & Accessory,4,Married,3,No Complaint,15.0,7.0,7.0,7.0,149.41,Churned,Loyal (12+ months),0
51664,0,0.0,Phone,Tier 1,14.0,Debit Card,Female,2.0,3,Mobile,4,Single,2,Complained,12.0,0.0,1.0,2.0,124.78,Active,New (0-6 months),2
51665,0,5.0,Mobile Phone,Tier 3,14.0,COD,Female,3.0,4,Laptop & Accessory,4,Married,2,Complained,11.0,11.0,11.0,9.0,152.28,Active,New (0-6 months),2
51666,0,0.0,Phone,Tier 3,8.0,Debit Card,Male,3.0,3,Laptop & Accessory,3,Single,2,Complained,11.0,0.0,1.0,4.0,144.78,Active,New (0-6 months),2
51667,0,4.0,Mobile Phone,Tier 3,13.0,E wallet,Male,3.0,3,Laptop & Accessory,1,Married,5,No Complaint,12.0,0.0,1.0,7.0,175.47,Active,New (0-6 months),1
51668,0,5.0,Mobile Phone,Tier 1,8.0,Credit Card,Female,3.0,1,Laptop & Accessory,1,Single,8,No Complaint,16.0,0.0,1.0,7.0,150.55,Active,New (0-6 months),1
51669,1,0.0,Phone,Tier 1,8.0,CC,Male,2.0,5,Mobile,1,Married,6,Complained,13.0,1.0,2.0,2.0,134.64,Churned,New (0-6 months),3
51670,0,3.0,Mobile Phone,Tier 1,34.0,Credit Card,Female,3.0,3,Laptop & Accessory,1,Married,2,No Complaint,13.0,1.0,1.0,9.0,157.75,Active,New (0-6 months),1
51671,0,4.0,Computer,Tier 1,13.0,Debit Card,Female,2.0,4,Fashion,3,Married,2,No Complaint,24.0,7.0,8.0,9.0,189.43,Active,New (0-6 months),0
51672,0,12.0,Computer,Tier 1,13.0,Credit Card,Male,2.0,4,Others,1,Married,2,No Complaint,15.0,6.0,13.0,3.0,292.72,Active,Mid (6-12 months),1
51673,1,2.0,Mobile Phone,Tier 3,9.0,Credit Card,Female,2.0,3,Laptop & Accessory,3,Married,5,Complained,18.0,1.0,1.0,0.0,152.38,Churned,New (0-6 months),2
51674,0,6.0,Computer,Tier 3,16.0,E wallet,Male,2.0,4,Laptop & Accessory,1,Single,4,No Complaint,14.0,1.0,1.0,1.0,146.82,Active,New (0-6 months),1
51675,0,20.0,Mobile Phone,Tier 1,11.0,Debit Card,Male,2.0,3,Others,3,Married,5,No Complaint,11.0,1.0,1.0,1.0,283.0,Active,Loyal (12+ months),0
51676,0,16.0,Computer,Tier 1,16.0,Debit Card,Female,2.0,4,Laptop & Accessory,3,Married,2,No Complaint,11.0,1.0,1.0,0.0,152.57,Active,Loyal (12+ months),0
51677,0,0.0,Computer,Tier 3,6.0,E wallet,Male,3.0,3,Laptop & Accessory,4,Married,1,Complained,13.0,0.0,1.0,4.0,163.49,Active,New (0-6 months),2
51678,0,27.0,Computer,Tier 1,26.0,Debit Card,Female,2.0,3,Laptop & Accessory,3,Single,4,No Complaint,12.0,0.0,1.0,3.0,148.69,Active,Loyal (12+ months),0
51679,0,16.0,Mobile Phone,Tier 1,13.0,Debit Card,Female,2.0,3,Fashion,5,Married,9,No Complaint,16.0,1.0,1.0,0.0,199.85,Active,Loyal (12+ months),0
51680,0,18.0,Phone,Tier 1,14.0,UPI,Male,3.0,3,Laptop & Accessory,1,Married,10,No Complaint,14.0,8.0,9.0,8.0,136.97,Active,Loyal (12+ months),1
51681,0,13.0,Mobile Phone,Tier 3,6.0,Credit Card,Male,2.0,5,Laptop & Accessory,1,Married,3,Complained,22.0,1.0,1.0,2.0,174.57,Active,Loyal (12+ months),3
51682,1,9.0,Phone,Tier 1,14.0,UPI,Male,3.0,5,Mobile,5,Married,2,Complained,11.0,0.0,1.0,7.0,121.19,Churned,Mid (6-12 months),2
51683,0,2.0,Phone,Tier 1,15.0,UPI,Male,1.0,4,Mobile Phone,1,Single,1,No Complaint,17.0,1.0,2.0,2.0,139.83,Active,New (0-6 months),1
51684,0,3.0,Mobile Phone,Tier 3,11.0,E wallet,Female,1.0,4,Laptop & Accessory,3,Married,2,No Complaint,13.0,1.0,1.0,2.0,161.18,Active,New (0-6 months),0
51685,0,0.0,Mobile Phone,Tier 3,14.0,E wallet,Female,2.0,3,Laptop & Accessory,4,Married,2,No Complaint,18.0,0.0,1.0,7.0,162.14,Active,New (0-6 months),0
51686,0,10.0,Mobile Phone,Tier 1,11.0,Credit Card,Male,3.0,3,Laptop & Accessory,1,Married,8,No Complaint,16.0,1.0,1.0,4.0,163.47,Active,Mid (6-12 months),1
51687,0,11.0,Mobile Phone,Tier 1,21.0,Debit Card,Male,3.0,4,Fashion,1,Married,1,Complained,14.0,2.0,2.0,3.0,215.1,Active,Mid (6-12 months),3
51688,0,4.0,Mobile Phone,Tier 1,13.0,Credit Card,Female,2.0,3,Fashion,1,Single,2,Complained,14.0,4.0,4.0,10.0,171.43,Active,New (0-6 months),3
51689,0,2.0,Mobile Phone,Tier 3,16.0,E wallet,Female,2.0,4,Laptop & Accessory,4,Married,2,Complained,14.0,1.0,1.0,7.0,182.68,Active,New (0-6 months),2
51690,0,8.0,Mobile Phone,Tier 1,11.0,COD,Male,3.0,3,Fashion,4,Single,1,No Complaint,13.0,1.0,1.0,13.0,180.95,Active,Mid (6-12 months),0
51691,0,0.0,Phone,Tier 1,32.0,Debit Card,Male,3.0,3,Mobile,1,Married,2,No Complaint,12.0,0.0,1.0,2.0,129.04,Active,New (0-6 months),1
51692,0,14.0,Mobile Phone,Tier 1,12.0,Credit Card,Male,3.0,4,Laptop & Accessory,4,Single,7,Complained,15.0,1.0,1.0,2.0,160.32,Active,Loyal (12+ months),2
51693,0,20.0,Computer,Tier 3,10.0,CC,Male,3.0,3,Laptop & Accessory,3,Single,4,No Complaint,19.0,0.0,1.0,0.0,129.76,Active,Loyal (12+ months),0
51694,0,15.0,Mobile Phone,Tier 1,29.0,Debit Card,Female,2.0,3,Grocery,1,Single,3,No Complaint,14.0,0.0,2.0,0.0,259.92,Active,Loyal (12+ months),1
51695,0,2.0,Computer,Tier 3,8.0,Debit Card,Male,3.0,3,Laptop & Accessory,3,Married,2,No Complaint,14.0,1.0,1.0,2.0,146.49,Active,New (0-6 months),0
51696,0,15.0,Phone,Tier 2,8.0,COD,Male,3.0,3,Mobile,3,Married,1,Complained,11.0,1.0,1.0,0.0,126.96,Active,Loyal (12+ months),2
51697,0,5.0,Phone,Tier 1,14.0,CC,Female,3.0,3,Mobile,4,Married,2,No Complaint,13.0,0.0,1.0,7.0,123.7,Active,New (0-6 months),0
51698,0,21.0,Mobile Phone,Tier 3,35.0,Credit Card,Female,3.0,3,Fashion,3,Married,4,No Complaint,21.0,0.0,1.0,3.0,225.04,Active,Loyal (12+ months),0
51699,0,10.0,Mobile Phone,Tier 1,12.0,Credit Card,Male,2.0,1,Laptop & Accessory,5,Married,5,Complained,13.0,6.0,6.0,7.0,159.74,Active,Mid (6-12 months),2
51700,0,3.0,Computer,Tier 3,31.0,COD,Female,2.0,3,Laptop & Accessory,3,Married,8,Complained,12.0,2.0,2.0,2.0,147.36,Active,New (0-6 months),2
51701,0,0.0,Mobile Phone,Tier 3,6.0,Debit Card,Male,2.0,3,Laptop & Accessory,3,Married,2,No Complaint,17.0,0.0,7.0,7.0,152.96,Active,New (0-6 months),0
51702,0,15.0,Mobile Phone,Tier 1,8.0,UPI,Male,3.0,4,Laptop & Accessory,1,Single,4,No Complaint,23.0,1.0,1.0,0.0,167.81,Active,Loyal (12+ months),1
51703,1,9.0,Computer,Tier 3,6.0,Cash on Delivery,Female,3.0,4,Mobile,4,Single,2,Complained,11.0,1.0,1.0,2.0,121.74,Churned,Mid (6-12 months),2
51704,0,9.0,Computer,Tier 3,6.0,Credit Card,Female,2.0,3,Laptop & Accessory,1,Single,5,No Complaint,15.0,1.0,1.0,0.0,166.53,Active,Mid (6-12 months),1
51705,0,9.0,Computer,Tier 3,9.0,Credit Card,Male,2.0,4,Fashion,1,Married,5,No Complaint,11.0,0.0,1.0,12.0,196.99,Active,Mid (6-12 months),1
51706,0,30.0,Mobile Phone,Tier 1,6.0,Credit Card,Male,2.0,3,Laptop & Accessory,3,Married,3,No Complaint,11.0,0.0,1.0,2.0,167.55,Active,Loyal (12+ months),0
51707,0,9.0,Phone,Tier 1,16.0,Debit Card,Female,2.0,1,Mobile,3,Married,4,Complained,13.0,0.0,1.0,7.0,122.13,Active,Mid (6-12 months),2
51708,0,0.0,Computer,Tier 3,14.0,CC,Male,2.0,3,Mobile,1,Single,2,No Complaint,24.0,2.0,2.0,2.0,126.1,Active,New (0-6 months),1
51709,1,0.0,Phone,Tier 3,11.0,E wallet,Female,3.0,3,Mobile,3,Single,2,Complained,13.0,0.0,1.0,0.0,128.51,Churned,New (0-6 months),2
51710,0,10.0,Phone,Tier 1,16.0,CC,Female,3.0,3,Mobile,5,Married,7,No Complaint,20.0,1.0,1.0,3.0,134.52,Active,Mid (6-12 months),0
51711,0,19.0,Computer,Tier 1,13.0,Credit Card,Female,1.0,3,Laptop & Accessory,3,Married,3,No Complaint,14.0,1.0,1.0,0.0,152.58,Active,Loyal (12+ months),0
51712,1,4.0,Computer,Tier 3,10.0,E wallet,Male,2.0,3,Laptop & Accessory,4,Single,2,No Complaint,18.0,4.0,7.0,7.0,193.55,Churned,New (0-6 months),0
51713,0,23.0,Mobile Phone,Tier 1,16.0,Cash on Delivery,Male,3.0,4,Fashion,1,Single,7,No Complaint,15.0,1.0,1.0,3.0,204.96,Active,Loyal (12+ months),1
51714,1,3.0,Mobile Phone,Tier 3,28.0,E wallet,Male,3.0,4,Laptop & Accessory,3,Married,3,Complained,12.0,1.0,1.0,0.0,163.8,Churned,New (0-6 months),2
51715,0,4.0,Phone,Tier 1,14.0,Debit Card,Male,2.0,4,Mobile,4,Single,1,Complained,16.0,2.0,2.0,2.0,126.57,Active,New (0-6 months),2
51716,1,0.0,Phone,Tier 3,18.0,Debit Card,Female,3.0,1,Mobile,4,Single,2,No Complaint,15.0,0.0,1.0,0.0,127.16,Churned,New (0-6 months),0
51717,0,9.0,Phone,Tier 1,29.0,Debit Card,Male,2.0,3,Mobile,1,Single,10,No Complaint,16.0,0.0,1.0,2.0,122.01,Active,Mid (6-12 months),1
51718,0,8.0,Mobile Phone,Tier 1,15.0,Debit Card,Male,3.0,4,Laptop & Accessory,4,Single,10,No Complaint,19.0,0.0,1.0,0.0,165.4,Active,Mid (6-12 months),0
51719,0,0.0,Phone,Tier 1,6.0,Credit Card,Male,2.0,3,Mobile Phone,4,Married,2,No Complaint,11.0,0.0,1.0,4.0,138.16,Active,New (0-6 months),0
51720,0,1.0,Mobile Phone,Tier 3,15.0,Debit Card,Male,3.0,3,Laptop & Accessory,1,Single,2,No Complaint,16.0,1.0,1.0,7.0,152.53,Active,New (0-6 months),1
51721,0,22.0,Mobile Phone,Tier 1,13.0,UPI,Male,2.0,4,Fashion,3,Single,9,No Complaint,24.0,1.0,1.0,3.0,209.65,Active,Loyal (12+ months),0
51722,0,24.0,Phone,Tier 3,20.0,Debit Card,Female,2.0,3,Laptop & Accessory,1,Married,5,No Complaint,11.0,1.0,1.0,7.0,149.36,Active,Loyal (12+ months),1
51723,0,9.0,Phone,Tier 1,14.0,Debit Card,Female,3.0,3,Mobile,3,Married,5,No Complaint,13.0,2.0,2.0,2.0,125.43,Active,Mid (6-12 months),0
51724,1,0.0,Computer,Tier 3,25.0,E wallet,Male,3.0,1,Laptop & Accessory,1,Single,9,Complained,13.0,0.0,1.0,4.0,153.04,Churned,New (0-6 months),3
51725,0,28.0,Mobile Phone,Tier 1,8.0,Debit Card,Female,3.0,3,Grocery,1,Single,3,Complained,13.0,1.0,1.0,2.0,266.59,Active,Loyal (12+ months),3
51726,0,0.0,Phone,Tier 3,16.0,E wallet,Female,3.0,3,Laptop & Accessory,3,Married,2,Complained,12.0,0.0,1.0,3.0,142.6,Active,New (0-6 months),2
51727,0,3.0,Phone,Tier 3,14.0,COD,Male,3.0,3,Mobile,4,Married,2,No Complaint,18.0,1.0,1.0,0.0,124.76,Active,New (0-6 months),0
51728,1,0.0,Computer,Tier 1,9.0,COD,Male,3.0,3,Mobile,5,Single,1,No Complaint,22.0,0.0,1.0,4.0,131.02,Churned,New (0-6 months),0
51729,0,9.0,Phone,Tier 1,17.0,CC,Female,2.0,3,Mobile,4,Married,2,No Complaint,13.0,1.0,1.0,2.0,122.44,Active,Mid (6-12 months),0
51730,0,9.0,Mobile Phone,Tier 3,8.0,Credit Card,Male,3.0,4,Fashion,3,Married,2,No Complaint,13.0,8.0,9.0,0.0,175.96,Active,Mid (6-12 months),0
51731,1,9.0,Computer,Tier 1,10.0,COD,Male,2.0,3,Mobile,1,Single,10,Complained,23.0,1.0,1.0,0.0,122.85,Churned,Mid (6-12 months),3
51732,0,10.0,Phone,Tier 1,20.0,Debit Card,Female,3.0,3,Mobile,5,Married,2,No Complaint,12.0,10.0,12.0,17.0,130.34,Active,Mid (6-12 months),0
51733,0,13.0,Mobile Phone,Tier 3,8.0,E wallet,Female,2.0,3,Laptop & Accessory,4,Married,8,No Complaint,12.0,0.0,1.0,3.0,157.15,Active,Loyal (12+ months),0
51734,0,15.0,Phone,Tier 1,14.0,Debit Card,Female,3.0,3,Mobile,5,Married,4,No Complaint,16.0,0.0,1.0,2.0,125.76,Active,Loyal (12+ months),0
51735,0,10.0,Phone,Tier 1,16.0,Debit Card,Male,2.0,3,Laptop & Accessory,4,Single,3,Complained,12.0,0.0,1.0,1.0,141.97,Active,Mid (6-12 months),2
51736,0,16.0,Mobile Phone,Tier 1,18.0,Debit Card,Male,2.0,4,Grocery,4,Married,2,No Complaint,11.0,3.0,2.0,9.0,243.36,Active,Loyal (12+ months),0
51737,0,13.0,Phone,Tier 1,8.0,CC,Female,3.0,4,Laptop & Accessory,3,Married,7,No Complaint,22.0,1.0,1.0,0.0,134.48,Active,Loyal (12+ months),0
51738,0,27.0,Mobile Phone,Tier 1,11.0,Credit Card,Male,2.0,3,Others,5,Married,5,No Complaint,15.0,1.0,1.0,2.0,294.06,Active,Loyal (12+ months),0
51739,0,7.0,Computer,Tier 3,10.0,E wallet,Female,3.0,3,Laptop & Accessory,3,Married,10,No Complaint,15.0,0.0,1.0,2.0,165.38,Active,Mid (6-12 months),0
51740,0,4.0,Phone,Tier 1,13.0,Credit Card,Female,2.0,3,Laptop & Accessory,5,Married,2,No Complaint,12.0,3.0,3.0,12.0,143.06,Active,New (0-6 months),0
51741,0,9.0,Computer,Tier 1,27.0,CC,Male,3.0,3,Mobile,1,Married,8,No Complaint,20.0,1.0,1.0,2.0,122.58,Active,Mid (6-12 months),1
51742,0,16.0,Phone,Tier 1,14.0,UPI,Female,3.0,3,Laptop & Accessory,3,Married,5,Complained,14.0,1.0,1.0,2.0,145.22,Active,Loyal (12+ months),2
51743,0,0.0,Phone,Tier 3,10.0,Debit Card,Female,3.0,4,Laptop & Accessory,1,Single,2,Complained,11.0,0.0,1.0,3.0,144.87,Active,New (0-6 months),3
51744,0,10.0,Computer,Tier 1,31.0,Credit Card,Female,3.0,3,Laptop & Accessory,3,Married,4,Complained,15.0,4.0,10.0,7.0,144.49,Active,Mid (6-12 months),2
51745,0,9.0,Phone,Tier 1,6.0,Debit Card,Male,3.0,4,Mobile,5,Married,2,No Complaint,12.0,3.0,3.0,2.0,122.18,Active,Mid (6-12 months),0
51746,0,12.0,Computer,Tier 1,6.0,Debit Card,Male,2.0,3,Others,3,Married,2,Complained,14.0,0.0,1.0,6.0,291.97,Active,Mid (6-12 months),2
51747,0,29.0,Computer,Tier 3,12.0,Debit Card,Female,2.0,1,Grocery,5,Married,10,No Complaint,11.0,6.0,2.0,7.0,232.12,Active,Loyal (12+ months),0
51748,0,3.0,Mobile Phone,Tier 3,18.0,COD,Female,2.0,3,Laptop & Accessory,3,Single,1,No Complaint,11.0,3.0,4.0,4.0,165.77,Active,New (0-6 months),0
51749,0,14.0,Mobile Phone,Tier 3,6.0,E wallet,Male,2.0,1,Fashion,5,Married,2,No Complaint,16.0,1.0,1.0,7.0,183.92,Active,Loyal (12+ months),0
51750,0,1.0,Phone,Tier 1,23.0,Credit Card,Male,3.0,3,Laptop & Accessory,5,Married,2,No Complaint,12.0,0.0,1.0,8.0,145.58,Active,New (0-6 months),0
51751,1,0.0,Phone,Tier 1,9.0,Credit Card,Male,3.0,3,Mobile Phone,5,Married,6,No Complaint,13.0,1.0,1.0,2.0,140.31,Churned,New (0-6 months),0
51752,0,25.0,Mobile Phone,Tier 1,9.0,Credit Card,Male,2.0,4,Fashion,3,Married,3,Complained,14.0,1.0,1.0,4.0,179.69,Active,Loyal (12+ months),2
51753,0,18.0,Phone,Tier 1,14.0,Debit Card,Male,3.0,3,Mobile,1,Married,4,No Complaint,21.0,0.0,1.0,2.0,126.54,Active,Loyal (12+ months),1
51754,0,25.0,Mobile Phone,Tier 1,10.0,Debit Card,Female,1.0,3,Grocery,1,Married,3,No Complaint,13.0,1.0,1.0,4.0,265.55,Active,Loyal (12+ months),1
51755,0,15.0,Computer,Tier 1,35.0,Debit Card,Female,3.0,3,Laptop & Accessory,3,Married,3,No Complaint,11.0,1.0,1.0,2.0,145.56,Active,Loyal (12+ months),0
51756,0,3.0,Mobile Phone,Tier 1,8.0,Debit Card,Female,2.0,5,Laptop & Accessory,1,Single,3,No Complaint,20.0,1.0,1.0,2.0,160.91,Active,New (0-6 months),1
51757,0,30.0,Mobile Phone,Tier 1,13.0,Debit Card,Female,2.0,3,Others,5,Married,6,No Complaint,15.0,1.0,11.0,10.0,295.66,Active,Loyal (12+ months),0
51758,0,19.0,Phone,Tier 1,24.0,Credit Card,Female,2.0,3,Laptop & Accessory,3,Married,3,No Complaint,14.0,1.0,1.0,8.0,148.1,Active,Loyal (12+ months),0
51759,0,15.0,Computer,Tier 1,34.0,COD,Female,2.0,4,Laptop & Accessory,1,Married,1,No Complaint,11.0,0.0,1.0,4.0,145.23,Active,Loyal (12+ months),1
51760,1,0.0,Phone,Tier 3,6.0,COD,Female,3.0,3,Mobile,4,Single,2,Complained,16.0,0.0,1.0,4.0,132.02,Churned,New (0-6 months),2
51761,1,0.0,Computer,Tier 3,14.0,E wallet,Female,2.0,5,Mobile,3,Married,1,No Complaint,16.0,0.0,1.0,0.0,123.51,Churned,New (0-6 months),0
51762,0,9.0,Computer,Tier 1,8.0,Debit Card,Male,2.0,3,Mobile Phone,1,Married,2,Complained,23.0,1.0,1.0,0.0,117.02,Active,Mid (6-12 months),3
51763,0,13.0,Mobile Phone,Tier 3,8.0,Debit Card,Female,3.0,3,Others,3,Married,1,No Complaint,14.0,1.0,1.0,12.0,280.41,Active,Loyal (12+ months),0
51764,0,0.0,Phone,Tier 1,29.0,Debit Card,Female,3.0,3,Mobile,1,Married,2,No Complaint,22.0,0.0,1.0,2.0,128.86,Active,New (0-6 months),1
51765,0,9.0,Computer,Tier 1,9.0,Debit Card,Male,2.0,3,Mobile,1,Married,5,No Complaint,15.0,1.0,1.0,4.0,120.97,Active,Mid (6-12 months),1
51766,0,2.0,Mobile Phone,Tier 1,9.0,Credit Card,Male,3.0,4,Fashion,3,Married,2,No Complaint,18.0,0.0,1.0,3.0,219.35,Active,New (0-6 months),0
51767,1,0.0,Phone,Tier 1,14.0,COD,Female,3.0,4,Mobile,4,Married,6,No Complaint,16.0,1.0,1.0,1.0,125.46,Churned,New (0-6 months),0
51768,1,0.0,Phone,Tier 2,14.0,COD,Male,2.0,4,Mobile,1,Single,2,No Complaint,12.0,0.0,1.0,0.0,125.64,Churned,New (0-6 months),1
51769,0,3.0,Computer,Tier 3,28.0,UPI,Female,3.0,3,Fashion,5,Married,1,No Complaint,11.0,3.0,7.0,8.0,184.12,Active,New (0-6 months),0
51770,0,30.0,Mobile Phone,Tier 3,35.0,E wallet,Male,2.0,4,Grocery,1,Married,4,No Complaint,12.0,1.0,2.0,0.0,241.18,Active,Loyal (12+ months),1
51771,0,23.0,Mobile Phone,Tier 1,35.0,Debit Card,Male,2.0,4,Grocery,3,Married,1,No Complaint,15.0,1.0,15.0,7.0,270.46,Active,Loyal (12+ months),0
51772,0,3.0,Computer,Tier 1,14.0,CC,Female,2.0,3,Mobile,1,Single,1,No Complaint,14.0,1.0,6.0,7.0,125.64,Active,New (0-6 months),1
51773,0,30.0,Computer,Tier 3,34.0,E wallet,Female,3.0,4,Fashion,5,Married,5,No Complaint,19.0,3.0,13.0,11.0,202.66,Active,Loyal (12+ months),0
51774,0,20.0,Mobile Phone,Tier 1,8.0,Credit Card,Female,3.0,3,Laptop & Accessory,1,Married,6,No Complaint,13.0,0.0,1.0,4.0,150.7,Active,Loyal (12+ months),1
51775,0,19.0,Mobile Phone,Tier 1,8.0,Debit Card,Male,2.0,3,Grocery,3,Married,7,No Complaint,13.0,1.0,1.0,1.0,278.61,Active,Loyal (12+ months),0
51776,0,8.0,Phone,Tier 1,28.0,Debit Card,Male,2.0,5,Mobile Phone,3,Single,1,No Complaint,15.0,1.0,4.0,3.0,142.3,Active,Mid (6-12 months),0
51777,0,27.0,Phone,Tier 1,5.0,Debit Card,Female,2.0,3,Laptop & Accessory,3,Single,8,No Complaint,11.0,0.0,1.0,0.0,137.8,Active,Loyal (12+ months),0
51778,0,7.0,Phone,Tier 1,8.0,Debit Card,Male,3.0,4,Mobile,3,Married,4,No Complaint,12.0,3.0,5.0,7.0,127.68,Active,Mid (6-12 months),0
51779,0,5.0,Mobile Phone,Tier 3,16.0,E wallet,Female,3.0,4,Fashion,1,Married,3,Complained,19.0,0.0,1.0,2.0,190.71,Active,New (0-6 months),3
51780,0,4.0,Mobile Phone,Tier 1,15.0,Debit Card,Male,2.0,3,Fashion,4,Married,2,No Complaint,25.0,0.0,1.0,8.0,206.48,Active,New (0-6 months),0
51781,1,0.0,Mobile Phone,Tier 1,21.0,Credit Card,Male,2.0,3,Fashion,3,Married,8,Complained,12.0,3.0,2.0,7.0,236.1,Churned,New (0-6 months),2
51782,1,0.0,Phone,Tier 1,16.0,CC,Male,2.0,5,Mobile,1,Married,8,No Complaint,13.0,0.0,1.0,3.0,134.08,Churned,New (0-6 months),1
51783,0,3.0,Phone,Tier 3,13.0,E wallet,Male,3.0,3,Mobile,4,Single,1,No Complaint,14.0,0.0,1.0,2.0,129.83,Active,New (0-6 months),0
51784,0,8.0,Mobile Phone,Tier 1,22.0,Debit Card,Male,3.0,3,Fashion,3,Married,5,Complained,12.0,0.0,1.0,0.0,176.32,Active,Mid (6-12 months),2
51785,1,0.0,Computer,Tier 1,26.0,Debit Card,Male,3.0,3,Fashion,3,Married,4,No Complaint,12.0,1.0,1.0,0.0,198.24,Churned,New (0-6 months),0
51786,1,0.0,Computer,Tier 2,29.0,UPI,Female,2.0,3,Fashion,5,Married,10,Complained,15.0,1.0,1.0,2.0,199.5,Churned,New (0-6 months),2
51787,0,9.0,Computer,Tier 1,11.0,UPI,Male,3.0,3,Mobile,3,Married,5,No Complaint,17.0,0.0,2.0,0.0,120.93,Active,Mid (6-12 months),0
51788,0,9.0,Computer,Tier 3,16.0,Credit Card,Male,2.0,3,Fashion,1,Single,2,No Complaint,14.0,8.0,9.0,7.0,199.8,Active,Mid (6-12 months),1
51789,1,0.0,Computer,Tier 1,10.0,COD,Male,3.0,4,Mobile Phone,3,Single,6,No Complaint,16.0,0.0,1.0,2.0,138.94,Churned,New (0-6 months),0
51790,0,21.0,Phone,Tier 3,8.0,E wallet,Female,2.0,3,Laptop & Accessory,1,Married,3,No Complaint,14.0,6.0,6.0,7.0,140.51,Active,Loyal (12+ months),1
51791,0,28.0,Mobile Phone,Tier 3,24.0,Debit Card,Female,2.0,3,Grocery,4,Single,4,No Complaint,23.0,1.0,7.0,8.0,268.35,Active,Loyal (12+ months),0
51792,0,14.0,Computer,Tier 3,16.0,Debit Card,Male,2.0,3,Laptop & Accessory,1,Single,8,No Complaint,14.0,0.0,1.0,10.0,162.3,Active,Loyal (12+ months),1
51793,0,8.0,Phone,Tier 3,6.0,E wallet,Male,2.0,3,Laptop & Accessory,3,Married,10,No Complaint,11.0,0.0,6.0,9.0,147.17,Active,Mid (6-12 months),0
51794,0,13.0,Mobile Phone,Tier 1,12.0,Debit Card,Female,3.0,3,Grocery,3,Single,8,No Complaint,15.0,4.0,2.0,13.0,232.37,Active,Loyal (12+ months),0
51795,0,12.0,Computer,Tier 1,14.0,Debit Card,Female,2.0,3,Mobile Phone,3,Married,2,No Complaint,11.0,1.0,1.0,7.0,137.55,Active,Mid (6-12 months),0
51796,0,4.0,Mobile Phone,Tier 3,8.0,Debit Card,Male,3.0,3,Laptop & Accessory,1,Single,5,Complained,13.0,1.0,1.0,5.0,165.82,Active,New (0-6 months),3
51797,0,15.0,Mobile Phone,Tier 1,30.0,Credit Card,Male,2.0,3,Fashion,5,Married,2,Complained,21.0,5.0,5.0,8.0,174.06,Active,Loyal (12+ months),2
51798,0,18.0,Phone,Tier 3,8.0,UPI,Male,3.0,3,Laptop & Accessory,4,Married,1,No Complaint,19.0,3.0,3.0,7.0,148.05,Active,Loyal (12+ months),0
51799,1,0.0,Computer,Tier 2,23.0,Debit Card,Female,3.0,3,Mobile,3,Married,1,Complained,11.0,0.0,1.0,0.0,127.41,Churned,New (0-6 months),2
51800,0,2.0,Phone,Tier 1,25.0,COD,Male,2.0,3,Laptop & Accessory,1,Married,5,No Complaint,12.0,1.0,1.0,2.0,142.62,Active,New (0-6 months),1
51801,0,6.0,Mobile Phone,Tier 1,6.0,Credit Card,Female,3.0,1,Grocery,3,Married,5,No Complaint,19.0,1.0,1.0,5.0,261.84,Active,New (0-6 months),0
51802,0,4.0,Mobile Phone,Tier 3,13.0,Debit Card,Male,2.0,4,Fashion,1,Married,10,No Complaint,21.0,1.0,1.0,3.0,215.57,Active,New (0-6 months),1
51803,1,9.0,Computer,Tier 3,11.0,E wallet,Male,3.0,3,Mobile Phone,4,Single,2,Complained,14.0,1.0,1.0,0.0,118.78,Churned,Mid (6-12 months),2
51804,0,13.0,Computer,Tier 3,34.0,UPI,Male,2.0,5,Fashion,5,Married,4,No Complaint,15.0,0.0,1.0,3.0,209.32,Active,Loyal (12+ months),0
51805,0,14.0,Computer,Tier 1,8.0,UPI,Female,3.0,4,Laptop & Accessory,3,Single,3,Complained,17.0,0.0,1.0,7.0,168.11,Active,Loyal (12+ months),2
51806,0,0.0,Phone,Tier 3,35.0,Credit Card,Male,2.0,3,Laptop & Accessory,3,Married,6,No Complaint,12.0,0.0,1.0,0.0,143.06,Active,New (0-6 months),0
51807,0,8.0,Phone,Tier 3,6.0,Credit Card,Female,3.0,3,Laptop & Accessory,3,Single,2,No Complaint,16.0,1.0,1.0,3.0,148.59,Active,Mid (6-12 months),0
51808,0,7.0,Mobile Phone,Tier 3,27.0,Debit Card,Male,3.0,1,Laptop & Accessory,1,Single,2,No Complaint,12.0,0.0,5.0,7.0,153.37,Active,Mid (6-12 months),1
51809,1,0.0,Phone,Tier 1,14.0,COD,Male,3.0,5,Mobile,1,Single,2,Complained,18.0,0.0,1.0,0.0,123.4,Churned,New (0-6 months),3
51810,0,10.0,Mobile Phone,Tier 1,6.0,COD,Female,2.0,3,Fashion,1,Single,5,No Complaint,17.0,1.0,1.0,2.0,174.91,Active,Mid (6-12 months),1
51811,0,19.0,Computer,Tier 1,24.0,Credit Card,Female,2.0,3,Fashion,3,Married,6,No Complaint,11.0,0.0,1.0,2.0,205.27,Active,Loyal (12+ months),0
51812,0,14.0,Mobile Phone,Tier 3,8.0,Debit Card,Female,3.0,3,Grocery,5,Married,8,No Complaint,16.0,1.0,11.0,8.0,265.95,Active,Loyal (12+ months),0
51813,0,10.0,Computer,Tier 3,15.0,Credit Card,Male,3.0,3,Fashion,4,Married,2,No Complaint,13.0,1.0,7.0,7.0,188.34,Active,Mid (6-12 months),0
51814,0,25.0,Mobile Phone,Tier 1,12.0,COD,Male,3.0,3,Laptop & Accessory,5,Married,4,Complained,12.0,2.0,6.0,9.0,155.77,Active,Loyal (12+ months),2
51815,1,0.0,Computer,Tier 3,17.0,UPI,Male,2.0,1,Laptop & Accessory,3,Married,9,No Complaint,12.0,1.0,1.0,2.0,147.07,Churned,New (0-6 months),0
51816,0,0.0,Computer,Tier 3,14.0,CC,Male,2.0,3,Mobile,1,Married,1,No Complaint,13.0,1.0,2.0,1.0,124.0,Active,New (0-6 months),1
51817,0,11.0,Mobile Phone,Tier 1,16.0,Credit Card,Female,3.0,3,Laptop & Accessory,3,Married,4,No Complaint,19.0,0.0,1.0,0.0,198.24,Active,Mid (6-12 months),0
51818,0,10.0,Mobile Phone,Tier 1,6.0,Debit Card,Female,3.0,3,Laptop & Accessory,4,Married,7,No Complaint,12.0,4.0,4.0,3.0,164.47,Active,Mid (6-12 months),0
51819,0,22.0,Mobile Phone,Tier 1,24.0,Debit Card,Male,2.0,4,Others,3,Married,2,Complained,15.0,1.0,1.0,9.0,295.02,Active,Loyal (12+ months),2
51820,0,0.0,Phone,Tier 1,29.0,CC,Male,3.0,1,Mobile,1,Married,2,Complained,11.0,0.0,1.0,4.0,127.25,Active,New (0-6 months),3
51821,0,0.0,Mobile Phone,Tier 3,34.0,E wallet,Male,3.0,3,Laptop & Accessory,4,Married,2,No Complaint,20.0,0.0,1.0,4.0,162.72,Active,New (0-6 months),0
51822,0,9.0,Phone,Tier 1,23.0,UPI,Male,3.0,4,Mobile,4,Married,2,No Complaint,21.0,1.0,1.0,0.0,121.27,Active,Mid (6-12 months),0
51823,0,23.0,Computer,Tier 2,9.0,Credit Card,Male,3.0,3,Others,4,Married,2,No Complaint,11.0,1.0,10.0,7.0,282.0,Active,Loyal (12+ months),0
51824,0,9.0,Phone,Tier 3,19.0,CC,Male,2.0,3,Mobile,3,Married,2,No Complaint,11.0,1.0,1.0,6.0,120.96,Active,Mid (6-12 months),0
51825,1,0.0,Computer,Tier 1,13.0,Debit Card,Female,3.0,3,Mobile,3,Married,2,Complained,16.0,0.0,1.0,2.0,128.86,Churned,New (0-6 months),2
51826,1,9.0,Computer,Tier 3,18.0,Debit Card,Male,3.0,4,Mobile,5,Married,2,No Complaint,18.0,1.0,1.0,0.0,120.33,Churned,Mid (6-12 months),0
51827,0,7.0,Phone,Tier 1,6.0,Debit Card,Male,2.0,4,Mobile Phone,1,Married,2,Complained,13.0,1.0,1.0,3.0,136.22,Active,Mid (6-12 months),3
51828,1,0.0,Phone,Tier 3,19.0,Credit Card,Male,2.0,3,Laptop & Accessory,5,Married,3,No Complaint,17.0,0.0,1.0,2.0,142.33,Churned,New (0-6 months),0
51829,0,8.0,Phone,Tier 1,31.0,UPI,Male,2.0,4,Laptop & Accessory,1,Single,5,No Complaint,14.0,1.0,1.0,2.0,136.81,Active,Mid (6-12 months),1
51830,0,4.0,Mobile Phone,Tier 3,12.0,Credit Card,Male,3.0,1,Laptop & Accessory,1,Married,5,No Complaint,22.0,5.0,5.0,7.0,154.6,Active,New (0-6 months),1
51831,0,9.0,Phone,Tier 1,12.0,CC,Female,3.0,4,Mobile,3,Married,1,No Complaint,12.0,0.0,1.0,3.0,121.87,Active,Mid (6-12 months),0
51832,0,10.0,Mobile Phone,Tier 3,8.0,E wallet,Male,3.0,3,Laptop & Accessory,3,Married,5,Complained,11.0,0.0,1.0,0.0,196.02,Active,Mid (6-12 months),2
51833,0,0.0,Phone,Tier 1,6.0,Debit Card,Female,3.0,4,Mobile,4,Single,2,No Complaint,13.0,0.0,1.0,0.0,128.36,Active,New (0-6 months),0
51834,0,15.0,Phone,Tier 1,8.0,Debit Card,Female,2.0,3,Laptop & Accessory,1,Married,2,No Complaint,13.0,0.0,2.0,2.0,140.89,Active,Loyal (12+ months),1
51835,0,16.0,Mobile Phone,Tier 1,12.0,UPI,Male,2.0,4,Grocery,1,Married,5,Complained,14.0,1.0,1.0,0.0,266.27,Active,Loyal (12+ months),3
51836,0,11.0,Phone,Tier 1,14.0,Debit Card,Female,2.0,3,Mobile,5,Single,4,No Complaint,17.0,0.0,1.0,0.0,126.19,Active,Mid (6-12 months),0
51837,0,16.0,Computer,Tier 1,15.0,Credit Card,Male,3.0,3,Laptop & Accessory,3,Married,4,Complained,13.0,1.0,4.0,7.0,156.79,Active,Loyal (12+ months),2
51838,0,21.0,Mobile Phone,Tier 1,6.0,Debit Card,Female,2.0,4,Grocery,5,Married,8,No Complaint,11.0,0.0,2.0,2.0,254.02,Active,Loyal (12+ months),0
51839,0,17.0,Mobile Phone,Tier 2,6.0,Debit Card,Female,2.0,4,Laptop & Accessory,3,Single,5,No Complaint,11.0,1.0,1.0,2.0,159.85,Active,Loyal (12+ months),0
51840,0,7.0,Phone,Tier 3,14.0,COD,Female,2.0,3,Mobile,3,Married,2,Complained,18.0,1.0,1.0,6.0,125.79,Active,Mid (6-12 months),2
51841,1,0.0,Phone,Tier 3,8.0,E wallet,Male,3.0,3,Mobile,5,Married,1,No Complaint,11.0,1.0,1.0,2.0,130.41,Churned,New (0-6 months),0
51842,0,0.0,Phone,Tier 3,28.0,COD,Male,2.0,3,Mobile,3,Single,2,No Complaint,11.0,0.0,1.0,2.0,134.47,Active,New (0-6 months),0
51843,0,17.0,Mobile Phone,Tier 1,9.0,UPI,Male,2.0,3,Others,1,Married,5,Complained,15.0,0.0,1.0,1.0,295.13,Active,Loyal (12+ months),3
51844,0,0.0,Phone,Tier 1,12.0,CC,Male,3.0,3,Mobile,3,Married,1,No Complaint,20.0,1.0,2.0,2.0,127.73,Active,New (0-6 months),0
51845,0,6.0,Mobile Phone,Tier 3,14.0,E wallet,Male,2.0,3,Laptop & Accessory,3,Married,1,No Complaint,12.0,0.0,1.0,2.0,171.04,Active,New (0-6 months),0
51846,0,5.0,Mobile Phone,Tier 1,15.0,Debit Card,Female,3.0,3,Laptop & Accessory,1,Married,2,Complained,12.0,1.0,1.0,5.0,163.22,Active,New (0-6 months),3
51847,0,9.0,Computer,Tier 1,9.0,CC,Female,3.0,3,Mobile,3,Married,2,No Complaint,20.0,1.0,1.0,0.0,120.83,Active,Mid (6-12 months),0
51848,0,26.0,Mobile Phone,Tier 3,6.0,Credit Card,Female,2.0,3,Laptop & Accessory,5,Single,8,No Complaint,20.0,4.0,8.0,10.0,183.81,Active,Loyal (12+ months),0
51849,0,7.0,Phone,Tier 1,6.0,Debit Card,Male,3.0,3,Mobile,1,Married,2,No Complaint,12.0,1.0,8.0,8.0,126.91,Active,Mid (6-12 months),1
51850,1,8.0,Computer,Tier 3,32.0,Debit Card,Female,3.0,3,Laptop & Accessory,5,Married,3,No Complaint,14.0,0.0,1.0,0.0,142.86,Churned,Mid (6-12 months),0
51851,0,0.0,Mobile Phone,Tier 1,12.0,Debit Card,Female,3.0,3,Mobile Phone,1,Married,2,Complained,13.0,0.0,1.0,2.0,56.0,Active,New (0-6 months),3
51852,0,10.0,Mobile Phone,Tier 1,9.0,UPI,Male,2.0,3,Fashion,3,Married,2,No Complaint,15.0,7.0,7.0,8.0,194.34,Active,Mid (6-12 months),0
51853,0,2.0,Mobile Phone,Tier 3,9.0,Credit Card,Female,3.0,3,Laptop & Accessory,3,Married,2,No Complaint,14.0,0.0,1.0,2.0,155.61,Active,New (0-6 months),0
51854,0,8.0,Mobile Phone,Tier 1,12.0,Debit Card,Male,2.0,5,Laptop & Accessory,1,Single,2,No Complaint,13.0,0.0,11.0,8.0,166.46,Active,Mid (6-12 months),1
51855,0,6.0,Computer,Tier 1,12.0,Debit Card,Male,1.0,3,Laptop & Accessory,1,Married,4,No Complaint,23.0,3.0,4.0,7.0,177.25,Active,New (0-6 months),1
51856,0,27.0,Mobile Phone,Tier 2,25.0,Credit Card,Male,2.0,3,Fashion,4,Married,3,No Complaint,15.0,2.0,7.0,1.0,207.25,Active,Loyal (12+ months),0
51857,0,9.0,Mobile Phone,Tier 1,15.0,Credit Card,Male,2.0,4,Laptop & Accessory,4,Married,3,Complained,11.0,0.0,1.0,2.0,188.47,Active,Mid (6-12 months),2
51858,0,9.0,Phone,Tier 1,9.0,CC,Male,2.0,4,Mobile,1,Single,1,No Complaint,13.0,1.0,1.0,1.0,120.45,Active,Mid (6-12 months),1
51859,1,0.0,Mobile Phone,Tier 1,16.0,Credit Card,Male,2.0,3,Mobile Phone,3,Single,2,Complained,11.0,1.0,1.0,1.0,110.09,Churned,New (0-6 months),2
51860,1,0.0,Computer,Tier 1,9.0,Debit Card,Male,3.0,3,Mobile,5,Single,2,Complained,11.0,5.0,9.0,7.0,133.48,Churned,New (0-6 months),2
51861,0,9.0,Computer,Tier 1,9.0,Debit Card,Male,2.0,4,Mobile Phone,3,Married,2,No Complaint,18.0,1.0,1.0,0.0,112.81,Active,Mid (6-12 months),0
51862,0,0.0,Phone,Tier 1,10.0,CC,Male,3.0,1,Mobile,5,Married,3,No Complaint,16.0,0.0,1.0,2.0,128.19,Active,New (0-6 months),0
51863,0,0.0,Phone,Tier 3,14.0,Debit Card,Male,2.0,1,Laptop & Accessory,4,Married,1,No Complaint,22.0,1.0,1.0,2.0,148.51,Active,New (0-6 months),0
51864,0,11.0,Phone,Tier 3,13.0,E wallet,Female,2.0,4,Laptop & Accessory,1,Single,1,No Complaint,20.0,1.0,1.0,5.0,140.28,Active,Mid (6-12 months),1
51865,0,2.0,Computer,Tier 1,6.0,Debit Card,Male,3.0,5,Mobile,1,Married,2,No Complaint,18.0,0.0,2.0,8.0,127.2,Active,New (0-6 months),1
51866,0,21.0,Mobile Phone,Tier 3,8.0,E wallet,Male,2.0,1,Laptop & Accessory,4,Married,4,No Complaint,12.0,0.0,2.0,2.0,181.2,Active,Loyal (12+ months),0
51867,0,0.0,Computer,Tier 3,9.0,Credit Card,Female,3.0,1,Laptop & Accessory,1,Married,2,Complained,20.0,1.0,1.0,4.0,146.47,Active,New (0-6 months),3
51868,0,10.0,Phone,Tier 1,16.0,Debit Card,Male,3.0,1,Mobile Phone,1,Single,4,No Complaint,17.0,1.0,1.0,0.0,146.8,Active,Mid (6-12 months),1
51869,0,23.0,Phone,Tier 1,34.0,CC,Male,3.0,1,Mobile,3,Married,2,Complained,11.0,0.0,3.0,8.0,132.21,Active,Loyal (12+ months),2
51870,0,7.0,Mobile Phone,Tier 1,15.0,Credit Card,Female,2.0,4,Fashion,4,Single,2,No Complaint,14.0,4.0,7.0,7.0,186.21,Active,Mid (6-12 months),0
51871,1,0.0,Phone,Tier 3,9.0,Debit Card,Female,3.0,3,Laptop & Accessory,3,Single,10,No Complaint,14.0,1.0,2.0,0.0,145.77,Churned,New (0-6 months),0
51872,0,12.0,Phone,Tier 1,8.0,COD,Female,3.0,4,Laptop & Accessory,3,Single,2,No Complaint,11.0,1.0,11.0,10.0,145.53,Active,Mid (6-12 months),0
51873,0,5.0,Mobile Phone,Tier 3,16.0,E wallet,Male,2.0,3,Laptop & Accessory,1,Single,2,No Complaint,12.0,1.0,1.0,8.0,153.96,Active,New (0-6 months),1
51874,1,13.0,Computer,Tier 3,14.0,COD,Male,2.0,3,Laptop & Accessory,3,Married,4,Complained,14.0,0.0,1.0,3.0,167.96,Churned,Loyal (12+ months),2
51875,0,11.0,Mobile Phone,Tier 1,6.0,Debit Card,Female,2.0,1,Laptop & Accessory,1,Single,1,No Complaint,13.0,0.0,1.0,8.0,176.25,Active,Mid (6-12 months),1
51876,0,0.0,Mobile Phone,Tier 1,6.0,Debit Card,Female,3.0,3,Fashion,5,Married,2,No Complaint,11.0,0.0,1.0,7.0,174.12,Active,New (0-6 months),0
51877,0,5.0,Mobile Phone,Tier 1,9.0,Debit Card,Female,2.0,3,Fashion,1,Single,4,No Complaint,15.0,6.0,7.0,3.0,211.59,Active,New (0-6 months),1
51878,0,20.0,Mobile Phone,Tier 3,20.0,E wallet,Male,2.0,3,Laptop & Accessory,5,Single,3,No Complaint,12.0,1.0,1.0,7.0,149.6,Active,Loyal (12+ months),0
51879,0,13.0,Computer,Tier 3,11.0,Debit Card,Male,2.0,4,Fashion,5,Married,6,Complained,21.0,0.0,1.0,12.0,204.75,Active,Loyal (12+ months),2
51880,0,26.0,Mobile Phone,Tier 1,13.0,Debit Card,Male,2.0,1,Grocery,3,Married,4,No Complaint,19.0,0.0,2.0,3.0,248.14,Active,Loyal (12+ months),0
51881,0,14.0,Mobile Phone,Tier 2,16.0,UPI,Male,3.0,4,Others,1,Married,4,No Complaint,15.0,1.0,12.0,6.0,291.41,Active,Loyal (12+ months),1
51882,0,30.0,Mobile Phone,Tier 3,22.0,E wallet,Male,2.0,3,Laptop & Accessory,5,Single,9,No Complaint,14.0,2.0,2.0,2.0,154.05,Active,Loyal (12+ months),0
51883,0,0.0,Computer,Tier 1,16.0,Debit Card,Male,2.0,3,Fashion,5,Married,2,No Complaint,21.0,0.0,1.0,7.0,187.93,Active,New (0-6 months),0
51884,0,14.0,Mobile Phone,Tier 2,6.0,UPI,Male,2.0,4,Others,3,Married,2,No Complaint,12.0,1.0,2.0,10.0,291.89,Active,Loyal (12+ months),0
51885,0,23.0,Phone,Tier 3,14.0,E wallet,Male,2.0,3,Mobile Phone,4,Married,8,No Complaint,15.0,0.0,2.0,2.0,138.75,Active,Loyal (12+ months),0
51886,1,9.0,Phone,Tier 1,6.0,Debit Card,Female,3.0,5,Mobile,4,Single,8,Complained,13.0,1.0,3.0,7.0,122.16,Churned,Mid (6-12 months),2
51887,0,9.0,Computer,Tier 1,14.0,Debit Card,Female,3.0,1,Fashion,5,Married,10,No Complaint,14.0,0.0,1.0,3.0,217.13,Active,Mid (6-12 months),0
51888,0,11.0,Mobile Phone,Tier 1,6.0,Debit Card,Female,2.0,3,Fashion,3,Single,5,Complained,14.0,0.0,1.0,0.0,178.61,Active,Mid (6-12 months),2
51889,0,17.0,Computer,Tier 1,30.0,Credit Card,Male,2.0,5,Mobile Phone,3,Single,3,No Complaint,14.0,0.0,1.0,4.0,137.08,Active,Loyal (12+ months),0
51890,0,20.0,Computer,Tier 3,9.0,Credit Card,Female,2.0,3,Grocery,3,Married,10,Complained,12.0,1.0,2.0,13.0,237.7,Active,Loyal (12+ months),2
51891,0,3.0,Mobile Phone,Tier 3,33.0,E wallet,Male,3.0,3,Laptop & Accessory,1,Married,8,No Complaint,23.0,2.0,7.0,7.0,153.04,Active,New (0-6 months),1
51892,0,2.0,Phone,Tier 3,14.0,Debit Card,Male,3.0,3,Mobile,3,Single,2,No Complaint,11.0,1.0,1.0,0.0,126.42,Active,New (0-6 months),0
51893,1,5.0,Computer,Tier 1,25.0,CC,Male,3.0,1,Mobile,3,Married,7,Complained,12.0,0.0,2.0,2.0,127.59,Churned,New (0-6 months),2
51894,0,16.0,Computer,Tier 3,21.0,Debit Card,Male,2.0,4,Laptop & Accessory,1,Married,4,No Complaint,18.0,1.0,2.0,2.0,168.04,Active,Loyal (12+ months),1
51895,0,7.0,Mobile Phone,Tier 1,14.0,Credit Card,Female,3.0,3,Laptop & Accessory,3,Single,4,No Complaint,11.0,0.0,4.0,3.0,161.42,Active,Mid (6-12 months),0
51896,0,0.0,Phone,Tier 1,14.0,CC,Male,2.0,3,Mobile,5,Married,2,No Complaint,14.0,1.0,1.0,2.0,125.0,Active,New (0-6 months),0
51897,0,12.0,Mobile Phone,Tier 2,9.0,UPI,Female,2.0,1,Laptop & Accessory,4,Married,10,No Complaint,15.0,0.0,3.0,6.0,163.89,Active,Mid (6-12 months),0
51898,0,29.0,Mobile Phone,Tier 1,15.0,Credit Card,Male,2.0,3,Grocery,1,Married,8,No Complaint,11.0,0.0,1.0,3.0,211.03,Active,Loyal (12+ months),1
51899,0,13.0,Phone,Tier 1,14.0,CC,Female,2.0,4,Mobile,1,Single,1,Complained,20.0,0.0,2.0,3.0,123.42,Active,Loyal (12+ months),3
51900,0,0.0,Mobile Phone,Tier 1,13.0,Credit Card,Female,2.0,4,Laptop & Accessory,5,Single,9,No Complaint,19.0,1.0,1.0,7.0,168.11,Active,New (0-6 months),0
51901,0,9.0,Phone,Tier 3,16.0,E wallet,Male,2.0,3,Mobile,4,Married,2,No Complaint,14.0,2.0,2.0,2.0,122.97,Active,Mid (6-12 months),0
51902,0,26.0,Phone,Tier 1,14.0,Debit Card,Male,2.0,3,Laptop & Accessory,1,Single,3,No Complaint,17.0,2.0,2.0,2.0,124.5,Active,Loyal (12+ months),1
51903,0,8.0,Computer,Tier 1,8.0,Debit Card,Female,3.0,3,Laptop & Accessory,5,Married,3,No Complaint,11.0,1.0,1.0,0.0,150.93,Active,Mid (6-12 months),0
51904,0,5.0,Computer,Tier 1,30.0,Debit Card,Male,3.0,3,Laptop & Accessory,1,Married,2,No Complaint,15.0,1.0,4.0,7.0,153.09,Active,New (0-6 months),1
51905,0,11.0,Phone,Tier 1,8.0,CC,Male,3.0,3,Mobile,3,Married,7,Complained,13.0,0.0,1.0,1.0,130.57,Active,Mid (6-12 months),2
51906,0,7.0,Mobile Phone,Tier 1,14.0,Debit Card,Female,2.0,3,Laptop & Accessory,5,Married,4,No Complaint,14.0,1.0,1.0,0.0,151.21,Active,Mid (6-12 months),0
51907,0,25.0,Mobile Phone,Tier 3,9.0,E wallet,Male,2.0,4,Grocery,5,Married,2,No Complaint,11.0,1.0,1.0,16.0,268.56,Active,Loyal (12+ months),0
51908,1,0.0,Phone,Tier 1,6.0,UPI,Male,3.0,3,Mobile,1,Single,2,Complained,13.0,6.0,7.0,8.0,126.86,Churned,New (0-6 months),3
51909,0,0.0,Mobile Phone,Tier 3,32.0,Credit Card,Female,2.0,3,Laptop & Accessory,1,Single,2,No Complaint,23.0,0.0,1.0,4.0,161.8,Active,New (0-6 months),1
51910,0,18.0,Mobile Phone,Tier 3,8.0,COD,Male,2.0,5,Laptop & Accessory,3,Single,1,No Complaint,13.0,1.0,3.0,1.0,166.32,Active,Loyal (12+ months),0
51911,0,0.0,Phone,Tier 1,16.0,Credit Card,Male,3.0,1,Mobile,3,Single,2,No Complaint,18.0,0.0,1.0,2.0,135.05,Active,New (0-6 months),0
51912,1,10.0,Computer,Tier 3,33.0,Debit Card,Female,3.0,1,Laptop & Accessory,3,Single,5,Complained,12.0,0.0,1.0,3.0,163.97,Churned,Mid (6-12 months),2
51913,0,7.0,Mobile Phone,Tier 3,8.0,UPI,Male,2.0,3,Laptop & Accessory,1,Single,2,No Complaint,22.0,0.0,1.0,4.0,162.74,Active,Mid (6-12 months),1
51914,1,18.0,Mobile Phone,Tier 1,8.0,Credit Card,Male,3.0,3,Others,5,Married,6,Complained,15.0,1.0,1.0,4.0,298.59,Churned,Loyal (12+ months),2
51915,0,9.0,Computer,Tier 3,14.0,Debit Card,Male,3.0,4,Fashion,5,Single,2,No Complaint,15.0,0.0,1.0,9.0,175.87,Active,Mid (6-12 months),0
51916,0,25.0,Computer,Tier 1,25.0,Credit Card,Male,2.0,3,Mobile Phone,1,Married,1,No Complaint,18.0,1.0,1.0,2.0,142.58,Active,Loyal (12+ months),1
51917,0,0.0,Computer,Tier 1,6.0,Debit Card,Female,3.0,5,Mobile Phone,1,Married,4,No Complaint,14.0,2.0,2.0,0.0,143.64,Active,New (0-6 months),1
51918,0,2.0,Phone,Tier 1,33.0,Credit Card,Female,3.0,3,Laptop & Accessory,3,Married,5,No Complaint,12.0,0.0,1.0,1.0,143.35,Active,New (0-6 months),0
51919,1,0.0,Mobile Phone,Tier 3,14.0,COD,Male,2.0,4,Laptop & Accessory,5,Single,7,No Complaint,17.0,0.0,1.0,2.0,153.26,Churned,New (0-6 months),0
51920,0,7.0,Phone,Tier 1,6.0,Debit Card,Female,3.0,1,Mobile,1,Single,3,No Complaint,16.0,1.0,1.0,3.0,132.8,Active,Mid (6-12 months),1
51921,0,27.0,Mobile Phone,Tier 1,25.0,Credit Card,Female,3.0,3,Laptop & Accessory,5,Married,10,Complained,11.0,0.0,1.0,4.0,154.85,Active,Loyal (12+ months),2
51922,0,0.0,Computer,Tier 3,14.0,E wallet,Male,2.0,3,Laptop & Accessory,1,Married,1,No Complaint,19.0,1.0,1.0,1.0,143.42,Active,New (0-6 months),1
51923,0,10.0,Phone,Tier 1,16.0,Debit Card,Female,3.0,3,Mobile,5,Married,1,Complained,13.0,4.0,4.0,3.0,127.82,Active,Mid (6-12 months),2
51924,0,11.0,Computer,Tier 1,8.0,Debit Card,Female,3.0,1,Laptop & Accessory,5,Single,7,Complained,12.0,0.0,4.0,12.0,159.8,Active,Mid (6-12 months),2
51925,0,7.0,Phone,Tier 1,8.0,Credit Card,Female,2.0,4,Mobile Phone,5,Single,2,No Complaint,11.0,1.0,1.0,3.0,143.81,Active,Mid (6-12 months),0
51926,0,8.0,Phone,Tier 3,14.0,Debit Card,Female,3.0,3,Mobile,1,Married,2,No Complaint,16.0,1.0,1.0,2.0,125.72,Active,Mid (6-12 months),1
51927,0,3.0,Phone,Tier 1,6.0,Debit Card,Male,2.0,5,Mobile Phone,3,Married,4,No Complaint,21.0,1.0,1.0,2.0,138.33,Active,New (0-6 months),0
51928,0,13.0,Computer,Tier 1,8.0,Credit Card,Female,2.0,1,Laptop & Accessory,4,Married,2,No Complaint,24.0,0.0,3.0,7.0,142.44,Active,Loyal (12+ months),0
51929,0,7.0,Mobile Phone,Tier 3,14.0,Debit Card,Female,3.0,3,Laptop & Accessory,5,Married,6,No Complaint,17.0,1.0,1.0,2.0,165.0,Active,Mid (6-12 months),0
51930,0,15.0,Computer,Tier 1,14.0,Debit Card,Male,3.0,3,Others,1,Married,2,No Complaint,13.0,1.0,14.0,9.0,284.3,Active,Loyal (12+ months),1
51931,1,9.0,Mobile Phone,Tier 1,12.0,Debit Card,Male,3.0,1,Mobile Phone,5,Married,2,Complained,21.0,0.0,1.0,0.0,116.01,Churned,Mid (6-12 months),2
51932,0,0.0,Computer,Tier 1,15.0,Debit Card,Male,3.0,4,Mobile,4,Married,2,No Complaint,11.0,0.0,1.0,0.0,126.94,Active,New (0-6 months),0
51933,0,25.0,Phone,Tier 1,17.0,Debit Card,Female,3.0,3,Laptop & Accessory,3,Married,9,No Complaint,20.0,1.0,1.0,4.0,131.49,Active,Loyal (12+ months),0
51934,0,23.0,Mobile Phone,Tier 1,8.0,Credit Card,Male,3.0,3,Grocery,3,Married,6,No Complaint,16.0,1.0,1.0,3.0,276.39,Active,Loyal (12+ months),0
51935,1,0.0,Phone,Tier 1,14.0,Debit Card,Female,2.0,4,Mobile,5,Married,2,Complained,11.0,0.0,1.0,0.0,123.19,Churned,New (0-6 months),2
51936,0,6.0,Mobile Phone,Tier 1,13.0,Credit Card,Male,2.0,3,Fashion,3,Married,1,No Complaint,11.0,1.0,3.0,3.0,216.91000000000005,Active,New (0-6 months),0
51937,1,0.0,Mobile Phone,Tier 3,22.0,E wallet,Female,3.0,3,Laptop & Accessory,5,Single,6,No Complaint,15.0,1.0,1.0,2.0,153.24,Churned,New (0-6 months),0
51938,0,20.0,Mobile Phone,Tier 1,8.0,UPI,Female,2.0,3,Grocery,1,Married,2,Complained,11.0,1.0,3.0,0.0,267.52,Active,Loyal (12+ months),3
51939,0,9.0,Mobile Phone,Tier 1,6.0,UPI,Female,2.0,3,Laptop & Accessory,4,Married,1,No Complaint,15.0,1.0,1.0,5.0,152.28,Active,Mid (6-12 months),0
51940,0,2.0,Phone,Tier 1,29.0,Debit Card,Male,3.0,1,Mobile,3,Married,2,No Complaint,24.0,1.0,1.0,7.0,127.0,Active,New (0-6 months),0
51941,1,20.0,Mobile Phone,Tier 1,8.0,Debit Card,Male,2.0,3,Others,4,Single,8,Complained,15.0,7.0,13.0,8.0,292.46,Churned,Loyal (12+ months),2
51942,0,8.0,Phone,Tier 1,14.0,Debit Card,Female,2.0,1,Mobile,3,Single,4,No Complaint,13.0,2.0,2.0,2.0,125.06,Active,Mid (6-12 months),0
51943,0,15.0,Mobile Phone,Tier 1,6.0,Debit Card,Female,2.0,4,Laptop & Accessory,1,Married,10,Complained,13.0,0.0,1.0,2.0,160.62,Active,Loyal (12+ months),3
51944,1,0.0,Phone,Tier 1,8.0,Credit Card,Male,2.0,3,Mobile Phone,3,Single,7,No Complaint,17.0,2.0,2.0,1.0,143.82,Churned,New (0-6 months),0
51945,0,9.0,Phone,Tier 2,19.0,UPI,Male,2.0,3,Mobile,4,Married,5,No Complaint,13.0,1.0,1.0,4.0,121.43,Active,Mid (6-12 months),0
51946,0,5.0,Mobile Phone,Tier 1,10.0,Debit Card,Female,3.0,4,Laptop & Accessory,3,Married,2,No Complaint,12.0,5.0,6.0,8.0,161.62,Active,New (0-6 months),0
51947,0,13.0,Computer,Tier 1,22.0,Credit Card,Male,2.0,4,Laptop & Accessory,3,Single,7,No Complaint,14.0,0.0,1.0,0.0,150.94,Active,Loyal (12+ months),0
51948,0,3.0,Mobile Phone,Tier 1,8.0,Credit Card,Female,2.0,4,Laptop & Accessory,1,Single,6,Complained,24.0,1.0,1.0,0.0,168.77,Active,New (0-6 months),3
51949,0,9.0,Phone,Tier 1,8.0,Debit Card,Female,3.0,4,Mobile,3,Single,2,No Complaint,14.0,1.0,1.0,0.0,122.74,Active,Mid (6-12 months),0
51950,0,15.0,Phone,Tier 1,35.0,Debit Card,Male,3.0,3,Laptop & Accessory,4,Married,2,No Complaint,13.0,5.0,7.0,8.0,144.34,Active,Loyal (12+ months),0
51951,0,11.0,Computer,Tier 1,18.0,Debit Card,Male,0.0,4,Laptop & Accessory,5,Married,3,No Complaint,15.0,1.0,1.0,2.0,162.88,Active,Mid (6-12 months),0
51952,0,7.0,Computer,Tier 1,14.0,Debit Card,Female,3.0,4,Mobile,1,Single,2,No Complaint,16.0,1.0,1.0,3.0,125.53,Active,Mid (6-12 months),1
51953,1,12.0,Mobile Phone,Tier 3,17.0,E wallet,Female,2.0,3,Fashion,1,Married,2,No Complaint,18.0,0.0,7.0,7.0,176.54,Churned,Mid (6-12 months),1
51954,1,18.0,Mobile Phone,Tier 3,8.0,Credit Card,Male,2.0,3,Laptop & Accessory,1,Single,5,No Complaint,16.0,1.0,7.0,3.0,151.6,Churned,Loyal (12+ months),1
51955,0,16.0,Mobile Phone,Tier 1,20.0,Debit Card,Male,3.0,3,Grocery,5,Married,7,No Complaint,24.0,1.0,1.0,0.0,271.59,Active,Loyal (12+ months),0
51956,0,0.0,Mobile Phone,Tier 1,11.0,Cash on Delivery,Male,2.0,4,Fashion,1,Married,2,Complained,16.0,1.0,1.0,3.0,228.08,Active,New (0-6 months),3
51957,0,8.0,Mobile Phone,Tier 1,13.0,UPI,Male,2.0,3,Fashion,3,Single,4,No Complaint,21.0,0.0,1.0,6.0,202.21,Active,Mid (6-12 months),0
51958,0,1.0,Phone,Tier 3,8.0,E wallet,Female,2.0,3,Laptop & Accessory,4,Married,2,Complained,20.0,6.0,7.0,5.0,147.79,Active,New (0-6 months),2
51959,0,7.0,Phone,Tier 2,9.0,UPI,Male,2.0,3,Mobile Phone,1,Married,1,No Complaint,19.0,1.0,1.0,2.0,137.37,Active,Mid (6-12 months),1
51960,1,0.0,Computer,Tier 1,14.0,CC,Female,2.0,4,Mobile,3,Married,2,Complained,14.0,0.0,1.0,7.0,123.66,Churned,New (0-6 months),2
51961,0,9.0,Computer,Tier 1,9.0,Credit Card,Male,2.0,3,Mobile Phone,1,Married,2,No Complaint,11.0,0.0,1.0,0.0,117.06,Active,Mid (6-12 months),1
51962,0,24.0,Mobile Phone,Tier 3,32.0,E wallet,Female,3.0,3,Grocery,3,Married,3,No Complaint,14.0,1.0,4.0,17.0,263.07,Active,Loyal (12+ months),0
51963,0,17.0,Mobile Phone,Tier 1,10.0,Credit Card,Male,2.0,3,Laptop & Accessory,4,Single,10,No Complaint,12.0,1.0,2.0,3.0,159.33,Active,Loyal (12+ months),0
51964,0,0.0,Phone,Tier 1,8.0,CC,Male,3.0,1,Mobile,5,Single,8,No Complaint,13.0,0.0,1.0,1.0,134.24,Active,New (0-6 months),0
51965,0,6.0,Phone,Tier 3,6.0,Credit Card,Male,2.0,1,Laptop & Accessory,5,Married,2,No Complaint,22.0,0.0,1.0,8.0,140.37,Active,New (0-6 months),0
51966,0,8.0,Phone,Tier 1,14.0,CC,Female,2.0,4,Mobile,5,Single,2,No Complaint,11.0,0.0,1.0,1.0,125.59,Active,Mid (6-12 months),0
51967,0,9.0,Mobile Phone,Tier 3,6.0,Debit Card,Male,2.0,3,Laptop & Accessory,1,Married,2,Complained,14.0,3.0,4.0,11.0,162.01,Active,Mid (6-12 months),3
51968,0,5.0,Phone,Tier 3,19.0,Debit Card,Male,3.0,3,Laptop & Accessory,1,Married,3,No Complaint,11.0,0.0,1.0,3.0,144.03,Active,New (0-6 months),1
51969,0,3.0,Computer,Tier 1,11.0,Debit Card,Male,3.0,4,Mobile Phone,1,Married,10,No Complaint,12.0,0.0,1.0,3.0,137.61,Active,New (0-6 months),1
51970,0,26.0,Mobile Phone,Tier 3,13.0,E wallet,Female,3.0,4,Fashion,1,Married,8,Complained,18.0,0.0,1.0,3.0,209.34,Active,Loyal (12+ months),3
51971,0,18.0,Mobile Phone,Tier 3,15.0,E wallet,Male,3.0,3,Fashion,5,Married,5,Complained,12.0,0.0,1.0,2.0,207.61,Active,Loyal (12+ months),2
51972,0,5.0,Mobile Phone,Tier 1,14.0,Credit Card,Female,3.0,1,Laptop & Accessory,3,Married,6,No Complaint,12.0,1.0,1.0,3.0,151.75,Active,New (0-6 months),0
51973,0,25.0,Computer,Tier 1,31.0,Credit Card,Female,2.0,4,Grocery,1,Married,4,No Complaint,22.0,0.0,2.0,0.0,238.26,Active,Loyal (12+ months),1
51974,0,10.0,Mobile Phone,Tier 3,22.0,E wallet,Male,3.0,4,Laptop & Accessory,3,Married,5,No Complaint,19.0,1.0,1.0,0.0,163.34,Active,Mid (6-12 months),0
51975,0,1.0,Phone,Tier 2,14.0,Credit Card,Male,3.0,4,Mobile Phone,1,Married,2,No Complaint,13.0,1.0,1.0,4.0,149.36,Active,New (0-6 months),1
51976,0,0.0,Phone,Tier 1,6.0,Debit Card,Male,2.0,4,Laptop & Accessory,1,Married,7,No Complaint,22.0,2.0,2.0,2.0,147.75,Active,New (0-6 months),1
51977,0,17.0,Phone,Tier 1,14.0,Debit Card,Male,3.0,1,Mobile,1,Married,3,Complained,24.0,1.0,1.0,2.0,128.18,Active,Loyal (12+ months),3
51978,0,15.0,Computer,Tier 1,14.0,CC,Male,2.0,3,Mobile,1,Single,6,Complained,14.0,1.0,2.0,2.0,125.15,Active,Loyal (12+ months),3
51979,0,9.0,Phone,Tier 2,14.0,Debit Card,Male,3.0,4,Mobile,5,Married,1,No Complaint,21.0,0.0,1.0,3.0,123.42,Active,Mid (6-12 months),0
51980,0,0.0,Phone,Tier 3,9.0,UPI,Male,3.0,3,Laptop & Accessory,5,Married,2,Complained,18.0,0.0,1.0,3.0,141.94,Active,New (0-6 months),2
51981,0,8.0,Mobile Phone,Tier 1,15.0,Debit Card,Female,3.0,4,Fashion,3,Married,2,Complained,20.0,3.0,5.0,15.0,206.85,Active,Mid (6-12 months),2
51982,1,9.0,Computer,Tier 1,31.0,Debit Card,Female,3.0,3,Mobile,4,Married,2,Complained,19.0,6.0,7.0,8.0,120.22,Churned,Mid (6-12 months),2
51983,0,5.0,Computer,Tier 1,6.0,Debit Card,Male,3.0,3,Mobile,1,Married,1,No Complaint,12.0,1.0,1.0,2.0,123.14,Active,New (0-6 months),1
51984,0,0.0,Phone,Tier 3,10.0,E wallet,Male,2.0,4,Laptop & Accessory,5,Married,2,No Complaint,12.0,1.0,1.0,3.0,142.56,Active,New (0-6 months),0
51985,0,22.0,Phone,Tier 1,6.0,COD,Female,2.0,3,Mobile Phone,5,Married,3,No Complaint,16.0,0.0,1.0,2.0,135.8,Active,Loyal (12+ months),0
51986,0,0.0,Computer,Tier 1,10.0,Debit Card,Male,2.0,4,Mobile,1,Married,1,No Complaint,17.0,0.0,3.0,4.0,131.62,Active,New (0-6 months),1
51987,0,5.0,Computer,Tier 3,11.0,Debit Card,Male,2.0,3,Laptop & Accessory,4,Married,2,No Complaint,14.0,2.0,5.0,3.0,165.24,Active,New (0-6 months),0
51988,0,11.0,Phone,Tier 3,15.0,E wallet,Male,3.0,4,Mobile,4,Married,1,No Complaint,19.0,0.0,1.0,2.0,128.99,Active,Mid (6-12 months),0
51989,0,15.0,Mobile Phone,Tier 1,9.0,Debit Card,Female,3.0,1,Laptop & Accessory,1,Married,3,Complained,13.0,1.0,1.0,3.0,152.31,Active,Loyal (12+ months),3
51990,0,4.0,Phone,Tier 1,14.0,Debit Card,Male,2.0,3,Mobile,1,Married,4,Complained,19.0,0.0,1.0,2.0,123.56,Active,New (0-6 months),3
51991,1,0.0,Phone,Tier 3,6.0,CC,Female,3.0,4,Mobile,3,Married,7,Complained,19.0,1.0,1.0,2.0,128.0,Churned,New (0-6 months),2
51992,0,26.0,Mobile Phone,Tier 3,14.0,E wallet,Male,3.0,3,Grocery,1,Married,6,No Complaint,14.0,2.0,2.0,3.0,218.36,Active,Loyal (12+ months),1
51993,0,8.0,Mobile Phone,Tier 1,31.0,Cash on Delivery,Male,3.0,4,Fashion,4,Married,4,No Complaint,16.0,2.0,4.0,8.0,209.03,Active,Mid (6-12 months),0
51994,0,10.0,Computer,Tier 3,27.0,CC,Female,3.0,3,Mobile,1,Married,6,No Complaint,15.0,1.0,1.0,0.0,129.73,Active,Mid (6-12 months),1
51995,0,26.0,Mobile Phone,Tier 1,29.0,Debit Card,Female,3.0,3,Grocery,1,Single,7,No Complaint,18.0,3.0,2.0,8.0,242.75,Active,Loyal (12+ months),1
51996,0,16.0,Computer,Tier 1,6.0,Debit Card,Female,2.0,3,Laptop & Accessory,1,Married,5,No Complaint,13.0,1.0,2.0,2.0,155.62,Active,Loyal (12+ months),1
51997,0,20.0,Phone,Tier 3,8.0,E wallet,Female,2.0,3,Laptop & Accessory,1,Married,1,Complained,22.0,3.0,7.0,7.0,145.37,Active,Loyal (12+ months),3
51998,0,10.0,Computer,Tier 3,25.0,Credit Card,Male,2.0,3,Fashion,4,Single,2,Complained,13.0,0.0,1.0,9.0,176.42,Active,Mid (6-12 months),2
51999,0,23.0,Computer,Tier 1,8.0,Debit Card,Male,3.0,3,Grocery,5,Married,2,No Complaint,11.0,1.0,14.0,7.0,279.24,Active,Loyal (12+ months),0
52000,0,12.0,Mobile Phone,Tier 2,8.0,Debit Card,Female,2.0,4,Laptop & Accessory,1,Married,9,No Complaint,11.0,1.0,1.0,4.0,152.04,Active,Mid (6-12 months),1
52001,0,9.0,Phone,Tier 2,9.0,UPI,Male,2.0,3,Mobile,4,Married,4,Complained,11.0,0.0,1.0,3.0,122.77,Active,Mid (6-12 months),2
52002,1,0.0,Phone,Tier 1,31.0,Debit Card,Male,3.0,3,Mobile,1,Single,2,Complained,24.0,0.0,1.0,1.0,127.95,Churned,New (0-6 months),3
52003,0,2.0,Phone,Tier 1,14.0,CC,Female,3.0,4,Mobile,1,Married,7,No Complaint,14.0,1.0,1.0,3.0,125.32,Active,New (0-6 months),1
52004,0,17.0,Phone,Tier 1,14.0,Debit Card,Male,3.0,3,Mobile,5,Married,2,Complained,13.0,5.0,7.0,1.0,125.59,Active,Loyal (12+ months),2
52005,0,1.0,Phone,Tier 3,11.0,Credit Card,Male,3.0,3,Laptop & Accessory,1,Single,2,No Complaint,14.0,0.0,1.0,2.0,149.08,Active,New (0-6 months),1
52006,1,20.0,Computer,Tier 1,14.0,Debit Card,Male,2.0,4,Mobile,1,Married,10,Complained,14.0,1.0,1.0,0.0,123.8,Churned,Loyal (12+ months),3
52007,0,16.0,Phone,Tier 1,14.0,Debit Card,Female,2.0,3,Laptop & Accessory,4,Married,5,No Complaint,21.0,1.0,1.0,0.0,147.65,Active,Loyal (12+ months),0
52008,1,9.0,Phone,Tier 3,8.0,CC,Female,2.0,4,Mobile,3,Single,2,No Complaint,13.0,1.0,1.0,2.0,120.44,Churned,Mid (6-12 months),0
52009,1,0.0,Phone,Tier 1,24.0,UPI,Female,3.0,3,Mobile,1,Single,2,No Complaint,19.0,1.0,1.0,0.0,126.93,Churned,New (0-6 months),1
52010,0,9.0,Mobile Phone,Tier 1,20.0,Debit Card,Male,3.0,3,Laptop & Accessory,1,Married,1,Complained,17.0,2.0,4.0,11.0,165.86,Active,Mid (6-12 months),3
52011,0,20.0,Phone,Tier 3,8.0,Debit Card,Female,3.0,4,Mobile,1,Single,2,Complained,18.0,0.0,1.0,2.0,132.94,Active,Loyal (12+ months),3
52012,1,0.0,Phone,Tier 1,9.0,Debit Card,Female,2.0,3,Laptop & Accessory,3,Married,1,Complained,19.0,1.0,1.0,2.0,141.71,Churned,New (0-6 months),2
52013,1,4.0,Phone,Tier 1,8.0,Debit Card,Female,3.0,5,Mobile,1,Married,5,Complained,13.0,0.0,1.0,0.0,127.78,Churned,New (0-6 months),3
52014,0,1.0,Phone,Tier 1,14.0,CC,Female,3.0,3,Mobile,3,Married,6,No Complaint,18.0,0.0,2.0,2.0,123.77,Active,New (0-6 months),0
52015,1,2.0,Phone,Tier 1,14.0,CC,Male,3.0,3,Mobile,5,Married,8,Complained,21.0,1.0,2.0,2.0,124.04,Churned,New (0-6 months),2
52016,0,0.0,Phone,Tier 1,14.0,Debit Card,Female,3.0,3,Mobile,3,Single,2,No Complaint,19.0,0.0,1.0,0.0,123.18,Active,New (0-6 months),0
52017,0,9.0,Mobile Phone,Tier 1,16.0,Debit Card,Male,2.0,3,Mobile,4,Married,2,No Complaint,14.0,1.0,1.0,0.0,120.08,Active,Mid (6-12 months),0
52018,0,15.0,Mobile Phone,Tier 3,20.0,Credit Card,Female,3.0,4,Laptop & Accessory,3,Single,8,No Complaint,17.0,1.0,1.0,3.0,162.44,Active,Loyal (12+ months),0
52019,0,6.0,Phone,Tier 1,6.0,UPI,Male,3.0,4,Mobile,5,Single,4,Complained,11.0,1.0,1.0,2.0,127.99,Active,New (0-6 months),2
52020,0,30.0,Mobile Phone,Tier 1,11.0,Cash on Delivery,Female,2.0,4,Fashion,4,Married,3,Complained,13.0,1.0,1.0,4.0,205.52,Active,Loyal (12+ months),2
52021,0,4.0,Phone,Tier 3,14.0,Debit Card,Male,2.0,4,Mobile,3,Married,4,No Complaint,15.0,2.0,5.0,2.0,123.29,Active,New (0-6 months),0
52022,0,8.0,Phone,Tier 1,27.0,Debit Card,Female,2.0,3,Laptop & Accessory,1,Married,2,Complained,25.0,0.0,1.0,7.0,140.14,Active,Mid (6-12 months),3
52023,0,22.0,Mobile Phone,Tier 1,14.0,UPI,Female,2.0,3,Fashion,4,Married,5,No Complaint,11.0,0.0,1.0,7.0,174.03,Active,Loyal (12+ months),0
52024,0,9.0,Phone,Tier 1,26.0,CC,Male,2.0,3,Mobile,3,Married,5,No Complaint,17.0,1.0,1.0,0.0,122.59,Active,Mid (6-12 months),0
52025,0,4.0,Computer,Tier 3,26.0,E wallet,Female,2.0,3,Laptop & Accessory,3,Married,2,No Complaint,13.0,1.0,1.0,0.0,169.32,Active,New (0-6 months),0
52026,0,9.0,Phone,Tier 1,13.0,UPI,Male,3.0,3,Mobile Phone,1,Single,3,No Complaint,18.0,1.0,1.0,1.0,146.78,Active,Mid (6-12 months),1
52027,0,11.0,Mobile Phone,Tier 1,6.0,Cash on Delivery,Female,3.0,3,Fashion,5,Married,2,No Complaint,13.0,4.0,2.0,11.0,235.82,Active,Mid (6-12 months),0
52028,0,5.0,Computer,Tier 1,14.0,Debit Card,Female,3.0,4,Mobile,4,Married,7,No Complaint,20.0,0.0,1.0,2.0,123.32,Active,New (0-6 months),0
52029,1,0.0,Phone,Tier 3,14.0,E wallet,Male,2.0,4,Mobile,4,Married,2,Complained,18.0,0.0,1.0,0.0,124.13,Churned,New (0-6 months),2
52030,0,13.0,Mobile Phone,Tier 3,16.0,E wallet,Male,3.0,4,Fashion,4,Married,3,No Complaint,12.0,0.0,1.0,0.0,197.05,Active,Loyal (12+ months),0
52031,0,0.0,Computer,Tier 3,6.0,Credit Card,Male,2.0,4,Laptop & Accessory,5,Single,2,No Complaint,12.0,0.0,1.0,7.0,142.94,Active,New (0-6 months),0
52032,0,14.0,Phone,Tier 1,12.0,Credit Card,Male,2.0,3,Mobile Phone,5,Single,3,Complained,13.0,1.0,2.0,17.0,147.21,Active,Loyal (12+ months),2
52033,0,9.0,Phone,Tier 1,14.0,CC,Male,3.0,3,Mobile,3,Single,5,No Complaint,21.0,1.0,3.0,9.0,125.19,Active,Mid (6-12 months),0
52034,1,9.0,Phone,Tier 3,27.0,UPI,Male,2.0,4,Mobile,4,Single,2,Complained,13.0,1.0,1.0,0.0,121.21,Churned,Mid (6-12 months),2
52035,1,0.0,Phone,Tier 1,10.0,COD,Male,3.0,3,Mobile,5,Single,2,No Complaint,19.0,1.0,1.0,0.0,129.73,Churned,New (0-6 months),0
52036,0,4.0,Mobile Phone,Tier 1,18.0,Credit Card,Female,2.0,3,Laptop & Accessory,1,Married,1,Complained,11.0,6.0,8.0,5.0,158.55,Active,New (0-6 months),3
52037,0,13.0,Computer,Tier 1,15.0,Credit Card,Male,2.0,3,Mobile Phone,4,Married,9,Complained,14.0,0.0,1.0,0.0,136.17,Active,Loyal (12+ months),2
52038,0,5.0,Mobile Phone,Tier 1,9.0,Credit Card,Female,3.0,3,Laptop & Accessory,5,Married,2,No Complaint,12.0,1.0,6.0,3.0,167.25,Active,New (0-6 months),0
52039,1,0.0,Mobile Phone,Tier 3,9.0,Debit Card,Male,2.0,4,Fashion,1,Married,2,Complained,11.0,3.0,3.0,7.0,203.25,Churned,New (0-6 months),3
52040,0,6.0,Mobile Phone,Tier 1,6.0,Debit Card,Female,2.0,4,Laptop & Accessory,1,Single,1,No Complaint,14.0,1.0,1.0,4.0,169.49,Active,New (0-6 months),1
52041,1,0.0,Mobile Phone,Tier 3,6.0,Debit Card,Male,2.0,4,Fashion,3,Married,6,No Complaint,11.0,5.0,11.0,46.0,206.09,Churned,New (0-6 months),1
52042,0,18.0,Computer,Tier 1,10.0,Debit Card,Male,2.0,3,Laptop & Accessory,4,Married,2,No Complaint,12.0,1.0,1.0,8.0,144.47,Active,Loyal (12+ months),0
52043,0,9.0,Computer,Tier 3,26.0,Cash on Delivery,Female,2.0,3,Mobile,1,Married,2,No Complaint,15.0,0.0,1.0,2.0,121.57,Active,Mid (6-12 months),1
52044,0,8.0,Phone,Tier 3,24.0,Credit Card,Female,2.0,3,Laptop & Accessory,3,Married,2,No Complaint,16.0,1.0,1.0,0.0,146.01,Active,Mid (6-12 months),0
52045,0,25.0,Mobile Phone,Tier 1,6.0,Debit Card,Male,3.0,3,Grocery,1,Married,3,No Complaint,15.0,1.0,7.0,8.0,270.99,Active,Loyal (12+ months),1
52046,1,20.0,Phone,Tier 1,14.0,COD,Male,2.0,3,Mobile,3,Single,5,No Complaint,24.0,0.0,1.0,0.0,124.79,Churned,Loyal (12+ months),0
52047,0,26.0,Mobile Phone,Tier 3,8.0,Credit Card,Male,2.0,3,Grocery,3,Married,7,No Complaint,13.0,11.0,2.0,2.0,248.52,Active,Loyal (12+ months),0
52048,0,3.0,Mobile Phone,Tier 3,14.0,UPI,Male,3.0,3,Fashion,3,Married,6,No Complaint,11.0,2.0,7.0,7.0,172.64,Active,New (0-6 months),0
52049,0,11.0,Computer,Tier 3,16.0,COD,Female,2.0,3,Laptop & Accessory,1,Single,2,Complained,13.0,1.0,1.0,3.0,156.66,Active,Mid (6-12 months),3
52050,0,8.0,Mobile Phone,Tier 3,9.0,Debit Card,Male,3.0,3,Fashion,1,Married,7,No Complaint,13.0,0.0,1.0,8.0,178.23,Active,Mid (6-12 months),1
52051,0,12.0,Mobile Phone,Tier 3,8.0,Debit Card,Male,2.0,1,Fashion,3,Single,1,No Complaint,18.0,0.0,1.0,7.0,178.8,Active,Mid (6-12 months),0
52052,1,3.0,Computer,Tier 3,30.0,Debit Card,Female,3.0,1,Grocery,4,Single,5,Complained,16.0,1.0,2.0,0.0,231.94,Churned,New (0-6 months),2
52053,0,20.0,Computer,Tier 1,22.0,Credit Card,Male,3.0,1,Laptop & Accessory,3,Married,2,Complained,19.0,1.0,2.0,7.0,150.67,Active,Loyal (12+ months),2
52054,0,9.0,Computer,Tier 3,14.0,COD,Male,2.0,3,Laptop & Accessory,1,Married,5,No Complaint,13.0,1.0,1.0,7.0,150.79,Active,Mid (6-12 months),1
52055,1,0.0,Computer,Tier 1,14.0,CC,Male,2.0,4,Mobile,5,Single,1,Complained,22.0,0.0,1.0,2.0,123.21,Churned,New (0-6 months),2
52056,0,6.0,Computer,Tier 3,23.0,Debit Card,Male,2.0,3,Grocery,3,Single,2,No Complaint,11.0,1.0,6.0,0.0,274.44,Active,New (0-6 months),0
52057,1,0.0,Phone,Tier 1,14.0,Debit Card,Female,3.0,4,Mobile,5,Single,7,Complained,20.0,1.0,1.0,0.0,124.04,Churned,New (0-6 months),2
52058,0,6.0,Phone,Tier 1,19.0,Debit Card,Female,2.0,3,Mobile,1,Single,4,No Complaint,18.0,1.0,1.0,2.0,134.52,Active,New (0-6 months),1
52059,0,9.0,Phone,Tier 1,6.0,CC,Female,3.0,3,Mobile,1,Married,4,No Complaint,14.0,1.0,1.0,2.0,122.7,Active,Mid (6-12 months),1
52060,0,23.0,Mobile Phone,Tier 1,6.0,Credit Card,Male,3.0,3,Grocery,1,Married,10,No Complaint,22.0,1.0,1.0,3.0,273.99,Active,Loyal (12+ months),1
52061,0,6.0,Computer,Tier 1,6.0,UPI,Female,2.0,1,Laptop & Accessory,4,Married,2,Complained,13.0,1.0,1.0,2.0,154.88,Active,New (0-6 months),2
52062,0,14.0,Computer,Tier 1,15.0,Credit Card,Male,3.0,3,Others,3,Married,3,No Complaint,15.0,0.0,1.0,11.0,294.19,Active,Loyal (12+ months),0
52063,0,0.0,Phone,Tier 1,22.0,COD,Female,3.0,3,Mobile,4,Married,10,No Complaint,14.0,2.0,2.0,2.0,128.11,Active,New (0-6 months),0
52064,0,18.0,Computer,Tier 1,29.0,Debit Card,Male,2.0,3,Laptop & Accessory,5,Married,2,Complained,15.0,1.0,1.0,8.0,136.33,Active,Loyal (12+ months),2
52065,0,20.0,Phone,Tier 3,10.0,Debit Card,Female,2.0,3,Laptop & Accessory,1,Single,2,Complained,17.0,1.0,1.0,7.0,141.63,Active,Loyal (12+ months),3
52066,1,9.0,Phone,Tier 1,28.0,Debit Card,Female,2.0,3,Mobile,3,Married,5,Complained,11.0,0.0,1.0,1.0,121.32,Churned,Mid (6-12 months),2
52067,0,23.0,Mobile Phone,Tier 1,30.0,Debit Card,Male,3.0,3,Grocery,3,Married,4,Complained,18.0,1.0,2.0,5.0,239.73,Active,Loyal (12+ months),2
52068,0,11.0,Computer,Tier 1,16.0,CC,Male,3.0,3,Mobile,3,Married,1,No Complaint,17.0,0.0,1.0,2.0,126.84,Active,Mid (6-12 months),0
52069,0,19.0,Mobile Phone,Tier 1,13.0,Credit Card,Male,3.0,3,Fashion,3,Married,7,No Complaint,13.0,1.0,1.0,7.0,208.45,Active,Loyal (12+ months),0
52070,0,0.0,Phone,Tier 1,23.0,Credit Card,Female,2.0,4,Laptop & Accessory,3,Married,2,No Complaint,15.0,0.0,3.0,2.0,143.77,Active,New (0-6 months),0
52071,1,0.0,Phone,Tier 1,20.0,UPI,Male,2.0,4,Mobile Phone,4,Married,2,Complained,24.0,1.0,1.0,2.0,137.43,Churned,New (0-6 months),2
52072,0,4.0,Computer,Tier 1,6.0,Debit Card,Female,3.0,3,Laptop & Accessory,5,Married,2,No Complaint,12.0,1.0,1.0,3.0,141.48,Active,New (0-6 months),0
52073,0,0.0,Computer,Tier 1,11.0,Debit Card,Male,3.0,3,Mobile Phone,1,Single,2,No Complaint,15.0,0.0,1.0,0.0,110.51,Active,New (0-6 months),1
52074,0,27.0,Mobile Phone,Tier 1,23.0,Cash on Delivery,Female,2.0,3,Fashion,3,Married,9,No Complaint,11.0,0.0,1.0,8.0,207.39,Active,Loyal (12+ months),0
52075,0,8.0,Mobile Phone,Tier 1,31.0,Credit Card,Female,2.0,3,Fashion,3,Married,2,Complained,11.0,0.0,10.0,1.0,203.88,Active,Mid (6-12 months),2
52076,0,3.0,Mobile Phone,Tier 1,14.0,Debit Card,Female,3.0,1,Fashion,5,Married,1,Complained,12.0,0.0,1.0,3.0,214.16000000000005,Active,New (0-6 months),2
52077,1,0.0,Phone,Tier 1,14.0,CC,Female,3.0,4,Mobile,5,Single,2,Complained,15.0,1.0,1.0,0.0,126.0,Churned,New (0-6 months),2
52078,1,0.0,Computer,Tier 1,14.0,CC,Female,2.0,3,Mobile,4,Single,1,No Complaint,17.0,0.0,1.0,2.0,124.22,Churned,New (0-6 months),0
52079,0,0.0,Mobile Phone,Tier 1,8.0,Credit Card,Male,2.0,1,Laptop & Accessory,1,Married,2,No Complaint,12.0,1.0,1.0,3.0,154.72,Active,New (0-6 months),1
52080,0,0.0,Phone,Tier 1,14.0,Debit Card,Male,3.0,5,Mobile,5,Married,2,No Complaint,15.0,0.0,1.0,1.0,124.51,Active,New (0-6 months),0
52081,0,21.0,Phone,Tier 1,12.0,Debit Card,Male,3.0,4,Laptop & Accessory,3,Single,3,No Complaint,13.0,0.0,2.0,2.0,142.4,Active,Loyal (12+ months),0
52082,0,21.0,Mobile Phone,Tier 1,10.0,Debit Card,Male,3.0,4,Fashion,3,Single,8,No Complaint,14.0,1.0,4.0,3.0,209.99,Active,Loyal (12+ months),0
52083,0,14.0,Mobile Phone,Tier 1,13.0,Credit Card,Female,2.0,3,Laptop & Accessory,3,Single,7,No Complaint,14.0,2.0,2.0,1.0,150.03,Active,Loyal (12+ months),0
52084,0,12.0,Mobile Phone,Tier 1,6.0,Debit Card,Female,3.0,4,Grocery,1,Married,2,No Complaint,16.0,9.0,11.0,3.0,227.42,Active,Mid (6-12 months),1
52085,0,0.0,Phone,Tier 1,8.0,Debit Card,Female,2.0,3,Laptop & Accessory,1,Married,1,No Complaint,18.0,2.0,2.0,2.0,142.27,Active,New (0-6 months),1
52086,0,8.0,Phone,Tier 1,16.0,UPI,Male,2.0,3,Mobile Phone,1,Married,2,No Complaint,20.0,0.0,1.0,2.0,139.17,Active,Mid (6-12 months),1
52087,0,0.0,Mobile Phone,Tier 3,11.0,E wallet,Male,2.0,3,Others,3,Married,7,No Complaint,13.0,1.0,1.0,0.0,283.03,Active,New (0-6 months),0
52088,0,23.0,Phone,Tier 1,14.0,Debit Card,Male,3.0,3,Mobile,1,Married,5,No Complaint,18.0,1.0,1.0,0.0,123.8,Active,Loyal (12+ months),1
52089,0,30.0,Mobile Phone,Tier 1,8.0,Debit Card,Female,3.0,4,Grocery,1,Single,4,Complained,13.0,4.0,2.0,3.0,237.26,Active,Loyal (12+ months),3
52090,1,0.0,Phone,Tier 1,17.0,Credit Card,Female,3.0,5,Laptop & Accessory,4,Married,6,No Complaint,15.0,1.0,1.0,0.0,147.77,Churned,New (0-6 months),0
52091,0,28.0,Computer,Tier 1,24.0,Credit Card,Male,3.0,3,Laptop & Accessory,4,Married,4,Complained,14.0,2.0,6.0,7.0,163.85,Active,Loyal (12+ months),2
52092,0,14.0,Computer,Tier 1,13.0,Debit Card,Female,2.0,5,Others,3,Married,2,No Complaint,15.0,5.0,5.0,10.0,299.73,Active,Loyal (12+ months),0
52093,0,11.0,Mobile Phone,Tier 3,9.0,Debit Card,Male,2.0,3,Laptop & Accessory,1,Single,9,Complained,12.0,1.0,1.0,0.0,168.61,Active,Mid (6-12 months),3
52094,1,0.0,Computer,Tier 3,35.0,Credit Card,Male,3.0,5,Laptop & Accessory,5,Single,9,No Complaint,18.0,1.0,2.0,2.0,149.69,Churned,New (0-6 months),0
52095,1,15.0,Mobile Phone,Tier 3,8.0,E wallet,Female,2.0,5,Others,1,Married,2,No Complaint,15.0,3.0,6.0,9.0,298.45,Churned,Loyal (12+ months),1
52096,0,17.0,Mobile Phone,Tier 3,34.0,Credit Card,Female,2.0,1,Grocery,1,Married,4,Complained,18.0,4.0,2.0,11.0,233.2,Active,Loyal (12+ months),3
52097,0,23.0,Computer,Tier 3,6.0,Debit Card,Female,3.0,3,Laptop & Accessory,3,Married,1,No Complaint,12.0,0.0,1.0,13.0,163.47,Active,Loyal (12+ months),0
52098,1,0.0,Phone,Tier 1,22.0,Debit Card,Female,3.0,1,Mobile,5,Single,2,No Complaint,16.0,3.0,15.0,14.0,127.43,Churned,New (0-6 months),0
52099,0,12.0,Computer,Tier 1,28.0,Credit Card,Female,2.0,3,Fashion,5,Single,2,Complained,13.0,1.0,2.0,8.0,208.8,Active,Mid (6-12 months),2
52100,0,6.0,Computer,Tier 3,14.0,Debit Card,Female,2.0,4,Mobile,1,Single,1,No Complaint,19.0,0.0,2.0,2.0,123.42,Active,New (0-6 months),1
52101,0,18.0,Mobile Phone,Tier 3,17.0,Debit Card,Female,2.0,3,Grocery,1,Married,4,No Complaint,13.0,1.0,1.0,1.0,276.5,Active,Loyal (12+ months),1
52102,0,5.0,Computer,Tier 1,35.0,Credit Card,Female,3.0,3,Mobile Phone,3,Single,10,No Complaint,12.0,6.0,7.0,7.0,140.25,Active,New (0-6 months),0
52103,0,7.0,Mobile Phone,Tier 3,6.0,E wallet,Male,3.0,1,Laptop & Accessory,1,Married,1,No Complaint,11.0,0.0,1.0,9.0,197.25,Active,Mid (6-12 months),1
52104,0,30.0,Mobile Phone,Tier 3,6.0,Cash on Delivery,Male,3.0,3,Fashion,1,Married,4,Complained,14.0,1.0,1.0,3.0,219.04,Active,Loyal (12+ months),3
52105,0,9.0,Phone,Tier 2,30.0,CC,Male,2.0,3,Mobile,4,Single,2,No Complaint,16.0,0.0,1.0,4.0,121.77,Active,Mid (6-12 months),0
52106,0,26.0,Computer,Tier 3,8.0,E wallet,Female,2.0,4,Fashion,4,Married,3,No Complaint,12.0,5.0,6.0,12.0,175.25,Active,Loyal (12+ months),0
52107,1,0.0,Phone,Tier 1,21.0,UPI,Male,2.0,3,Laptop & Accessory,3,Married,8,No Complaint,14.0,0.0,1.0,0.0,148.34,Churned,New (0-6 months),0
52108,1,9.0,Computer,Tier 1,8.0,Debit Card,Male,2.0,3,Mobile,5,Married,7,Complained,14.0,0.0,1.0,2.0,120.42,Churned,Mid (6-12 months),2
52109,0,9.0,Phone,Tier 3,16.0,Debit Card,Female,2.0,3,Mobile,3,Married,2,Complained,19.0,0.0,1.0,0.0,122.2,Active,Mid (6-12 months),2
52110,0,1.0,Mobile Phone,Tier 3,16.0,Credit Card,Male,3.0,3,Mobile Phone,4,Married,2,No Complaint,22.0,0.0,1.0,0.0,110.52,Active,New (0-6 months),0
52111,0,11.0,Computer,Tier 1,9.0,UPI,Male,3.0,3,Mobile,3,Married,4,No Complaint,16.0,2.0,2.0,2.0,128.21,Active,Mid (6-12 months),0
52112,0,23.0,Mobile Phone,Tier 1,8.0,Credit Card,Male,3.0,3,Others,3,Married,3,Complained,15.0,4.0,7.0,7.0,292.37,Active,Loyal (12+ months),2
52113,0,10.0,Phone,Tier 1,9.0,UPI,Female,2.0,3,Laptop & Accessory,4,Single,4,No Complaint,15.0,1.0,1.0,1.0,141.07,Active,Mid (6-12 months),0
52114,0,13.0,Mobile Phone,Tier 3,32.0,E wallet,Male,3.0,3,Laptop & Accessory,5,Married,2,No Complaint,14.0,3.0,7.0,5.0,183.96,Active,Loyal (12+ months),0
52115,0,9.0,Computer,Tier 1,6.0,CC,Female,3.0,4,Mobile,3,Married,2,No Complaint,13.0,0.0,1.0,3.0,120.07,Active,Mid (6-12 months),0
52116,0,19.0,Mobile Phone,Tier 1,6.0,Credit Card,Male,2.0,3,Others,1,Married,10,No Complaint,15.0,1.0,2.0,2.0,296.27,Active,Loyal (12+ months),1
52117,0,27.0,Mobile Phone,Tier 3,8.0,Debit Card,Female,2.0,4,Fashion,3,Married,7,No Complaint,11.0,6.0,7.0,0.0,206.86,Active,Loyal (12+ months),0
52118,0,29.0,Computer,Tier 1,15.0,CC,Female,3.0,3,Mobile,3,Married,3,No Complaint,19.0,1.0,1.0,3.0,129.42,Active,Loyal (12+ months),0
52119,0,9.0,Mobile Phone,Tier 1,18.0,Credit Card,Female,2.0,4,Fashion,1,Single,1,No Complaint,11.0,5.0,7.0,8.0,188.58,Active,Mid (6-12 months),1
52120,0,28.0,Computer,Tier 1,8.0,Credit Card,Male,2.0,4,Grocery,5,Single,8,No Complaint,15.0,1.0,6.0,2.0,267.56,Active,Loyal (12+ months),0
52121,0,16.0,Mobile Phone,Tier 3,31.0,Credit Card,Male,3.0,4,Fashion,1,Married,6,No Complaint,13.0,1.0,1.0,0.0,207.98,Active,Loyal (12+ months),1
52122,1,0.0,Computer,Tier 3,14.0,E wallet,Female,2.0,3,Mobile,1,Single,2,Complained,14.0,1.0,1.0,2.0,123.23,Churned,New (0-6 months),3
52123,1,9.0,Mobile Phone,Tier 1,16.0,Debit Card,Female,2.0,4,Mobile Phone,5,Single,2,No Complaint,13.0,0.0,1.0,0.0,114.16,Churned,Mid (6-12 months),0
52124,0,19.0,Phone,Tier 1,14.0,Debit Card,Female,3.0,4,Laptop & Accessory,5,Married,9,Complained,23.0,1.0,1.0,7.0,146.15,Active,Loyal (12+ months),2
52125,1,14.0,Phone,Tier 1,14.0,Debit Card,Male,2.0,3,Mobile,3,Married,10,Complained,12.0,0.0,2.0,7.0,124.61,Churned,Loyal (12+ months),2
52126,1,0.0,Computer,Tier 1,30.0,COD,Male,3.0,4,Fashion,5,Single,2,No Complaint,12.0,1.0,1.0,9.0,187.22,Churned,New (0-6 months),0
52127,0,0.0,Phone,Tier 1,6.0,Credit Card,Male,2.0,4,Mobile Phone,5,Married,2,No Complaint,16.0,1.0,1.0,3.0,139.55,Active,New (0-6 months),0
52128,0,3.0,Mobile Phone,Tier 1,26.0,UPI,Male,2.0,3,Laptop & Accessory,5,Married,1,No Complaint,15.0,0.0,1.0,2.0,199.57,Active,New (0-6 months),0
52129,0,14.0,Phone,Tier 1,13.0,COD,Female,2.0,1,Mobile,3,Married,2,No Complaint,13.0,0.0,1.0,8.0,133.76,Active,Loyal (12+ months),0
52130,0,11.0,Mobile Phone,Tier 1,23.0,Debit Card,Female,3.0,4,Fashion,3,Married,1,No Complaint,18.0,1.0,1.0,9.0,188.23,Active,Mid (6-12 months),0
52131,0,13.0,Mobile Phone,Tier 1,26.0,Cash on Delivery,Male,3.0,3,Fashion,1,Married,5,No Complaint,20.0,3.0,11.0,1.0,203.22,Active,Loyal (12+ months),1
52132,0,0.0,Computer,Tier 1,14.0,Debit Card,Male,2.0,5,Mobile Phone,3,Married,2,No Complaint,19.0,1.0,1.0,2.0,146.21,Active,New (0-6 months),0
52133,0,28.0,Computer,Tier 1,8.0,Debit Card,Male,3.0,3,Fashion,4,Married,4,No Complaint,18.0,0.0,1.0,3.0,209.76,Active,Loyal (12+ months),0
52134,0,1.0,Phone,Tier 1,16.0,UPI,Female,2.0,3,Laptop & Accessory,3,Single,4,No Complaint,13.0,0.0,1.0,7.0,136.6,Active,New (0-6 months),0
52135,1,7.0,Mobile Phone,Tier 2,6.0,Credit Card,Male,3.0,4,Fashion,5,Married,10,No Complaint,14.0,2.0,3.0,6.0,204.82,Churned,Mid (6-12 months),0
52136,0,6.0,Mobile Phone,Tier 1,11.0,Debit Card,Male,2.0,4,Fashion,1,Married,5,No Complaint,15.0,1.0,1.0,2.0,171.19,Active,New (0-6 months),1
52137,1,0.0,Mobile Phone,Tier 3,10.0,Cash on Delivery,Male,2.0,3,Fashion,5,Single,1,Complained,22.0,2.0,4.0,7.0,195.82,Churned,New (0-6 months),2
52138,1,0.0,Computer,Tier 1,35.0,Credit Card,Female,2.0,4,Laptop & Accessory,3,Single,2,No Complaint,22.0,2.0,3.0,8.0,145.08,Churned,New (0-6 months),0
52139,0,9.0,Phone,Tier 1,21.0,Debit Card,Male,2.0,3,Mobile,3,Married,2,No Complaint,16.0,0.0,2.0,2.0,122.07,Active,Mid (6-12 months),0
52140,0,7.0,Computer,Tier 1,9.0,Debit Card,Male,2.0,3,Laptop & Accessory,1,Single,1,No Complaint,17.0,1.0,1.0,4.0,177.56,Active,Mid (6-12 months),1
52141,0,10.0,Mobile Phone,Tier 3,16.0,Debit Card,Female,2.0,4,Laptop & Accessory,1,Married,3,Complained,14.0,1.0,1.0,0.0,166.94,Active,Mid (6-12 months),3
52142,1,0.0,Phone,Tier 1,10.0,COD,Male,2.0,3,Mobile Phone,1,Married,2,Complained,15.0,4.0,5.0,6.0,136.91,Churned,New (0-6 months),3
52143,1,0.0,Phone,Tier 1,14.0,CC,Male,2.0,3,Mobile,3,Married,2,No Complaint,20.0,1.0,1.0,0.0,123.77,Churned,New (0-6 months),0
52144,1,0.0,Phone,Tier 1,31.0,CC,Male,2.0,4,Mobile,4,Single,5,Complained,20.0,1.0,2.0,2.0,123.13,Churned,New (0-6 months),2
52145,0,15.0,Mobile Phone,Tier 1,8.0,Credit Card,Male,2.0,3,Grocery,5,Married,1,No Complaint,17.0,1.0,13.0,7.0,276.65,Active,Loyal (12+ months),0
52146,1,0.0,Computer,Tier 1,14.0,CC,Male,2.0,4,Mobile,4,Married,2,No Complaint,15.0,1.0,1.0,0.0,125.96,Churned,New (0-6 months),0
52147,1,13.0,Computer,Tier 3,6.0,UPI,Male,2.0,3,Laptop & Accessory,3,Single,4,Complained,14.0,1.0,1.0,0.0,147.28,Churned,Loyal (12+ months),2
52148,0,6.0,Computer,Tier 3,13.0,Debit Card,Female,1.0,3,Laptop & Accessory,4,Married,1,No Complaint,17.0,0.0,1.0,2.0,143.02,Active,New (0-6 months),0
52149,0,7.0,Computer,Tier 1,9.0,Debit Card,Male,3.0,4,Mobile,1,Married,4,No Complaint,17.0,0.0,1.0,0.0,129.79,Active,Mid (6-12 months),1
52150,0,21.0,Computer,Tier 1,6.0,Credit Card,Male,2.0,1,Grocery,1,Single,3,No Complaint,22.0,1.0,2.0,1.0,268.85,Active,Loyal (12+ months),1
52151,0,18.0,Computer,Tier 3,15.0,Debit Card,Female,3.0,4,Laptop & Accessory,3,Married,2,No Complaint,13.0,4.0,4.0,12.0,155.93,Active,Loyal (12+ months),0
52152,0,25.0,Mobile Phone,Tier 1,5.0,Debit Card,Male,2.0,3,Fashion,4,Single,8,No Complaint,19.0,2.0,4.0,0.0,204.45,Active,Loyal (12+ months),0
52153,0,11.0,Mobile Phone,Tier 3,16.0,E wallet,Male,3.0,4,Fashion,3,Married,1,Complained,14.0,1.0,2.0,7.0,187.4,Active,Mid (6-12 months),2
52154,0,2.0,Phone,Tier 1,14.0,Debit Card,Female,3.0,3,Mobile,1,Married,5,No Complaint,22.0,1.0,1.0,7.0,125.14,Active,New (0-6 months),1
52155,0,1.0,Mobile Phone,Tier 1,9.0,Credit Card,Female,3.0,3,Fashion,4,Married,1,No Complaint,17.0,0.0,1.0,7.0,176.55,Active,New (0-6 months),0
52156,0,19.0,Mobile Phone,Tier 3,9.0,E wallet,Male,2.0,3,Grocery,3,Married,4,No Complaint,12.0,1.0,4.0,9.0,274.65,Active,Loyal (12+ months),0
52157,0,11.0,Mobile Phone,Tier 3,8.0,E wallet,Male,2.0,3,Fashion,4,Single,8,No Complaint,16.0,1.0,1.0,0.0,173.51,Active,Mid (6-12 months),0
52158,0,16.0,Computer,Tier 1,33.0,Debit Card,Female,2.0,3,Fashion,5,Married,9,No Complaint,11.0,1.0,1.0,1.0,208.2,Active,Loyal (12+ months),0
52159,1,2.0,Computer,Tier 1,8.0,Debit Card,Male,2.0,3,Grocery,1,Married,8,No Complaint,11.0,10.0,11.0,3.0,221.69,Churned,New (0-6 months),1
52160,0,13.0,Mobile Phone,Tier 1,20.0,Credit Card,Male,2.0,4,Others,3,Single,2,No Complaint,15.0,3.0,4.0,9.0,296.26,Active,Loyal (12+ months),0
52161,0,9.0,Phone,Tier 1,6.0,Cash on Delivery,Female,3.0,4,Mobile,4,Single,2,Complained,11.0,1.0,2.0,2.0,120.7,Active,Mid (6-12 months),2
52162,0,12.0,Computer,Tier 1,15.0,Debit Card,Male,3.0,3,Laptop & Accessory,4,Single,10,No Complaint,15.0,1.0,1.0,3.0,167.82,Active,Mid (6-12 months),0
52163,0,9.0,Computer,Tier 1,24.0,Debit Card,Male,3.0,3,Laptop & Accessory,1,Single,3,No Complaint,20.0,0.0,1.0,9.0,177.79,Active,Mid (6-12 months),1
52164,0,4.0,Computer,Tier 3,26.0,Debit Card,Male,3.0,1,Mobile,1,Married,1,No Complaint,12.0,2.0,2.0,2.0,127.91,Active,New (0-6 months),1
52165,0,1.0,Phone,Tier 1,8.0,Debit Card,Male,3.0,4,Mobile,4,Married,1,No Complaint,17.0,0.0,1.0,4.0,132.01,Active,New (0-6 months),0
52166,0,8.0,Computer,Tier 3,17.0,E wallet,Male,2.0,3,Laptop & Accessory,1,Married,2,No Complaint,11.0,1.0,1.0,2.0,149.68,Active,Mid (6-12 months),1
52167,0,22.0,Mobile Phone,Tier 3,14.0,Cash on Delivery,Male,2.0,4,Grocery,4,Married,7,No Complaint,17.0,1.0,2.0,3.0,231.2,Active,Loyal (12+ months),0
52168,0,7.0,Computer,Tier 1,8.0,Debit Card,Male,3.0,3,Laptop & Accessory,3,Single,3,No Complaint,11.0,1.0,1.0,2.0,140.33,Active,Mid (6-12 months),0
52169,0,2.0,Computer,Tier 1,16.0,Debit Card,Female,3.0,3,Mobile,4,Married,1,No Complaint,14.0,0.0,1.0,1.0,132.91,Active,New (0-6 months),0
52170,0,15.0,Phone,Tier 1,35.0,Credit Card,Male,2.0,5,Laptop & Accessory,1,Single,5,No Complaint,19.0,1.0,1.0,0.0,142.72,Active,Loyal (12+ months),1
52171,0,2.0,Mobile Phone,Tier 1,14.0,Credit Card,Male,3.0,4,Laptop & Accessory,1,Married,2,Complained,15.0,1.0,1.0,2.0,150.56,Active,New (0-6 months),3
52172,0,11.0,Phone,Tier 2,6.0,UPI,Male,3.0,1,Mobile,3,Married,2,No Complaint,13.0,3.0,5.0,0.0,128.44,Active,Mid (6-12 months),0
52173,0,1.0,Computer,Tier 1,12.0,Debit Card,Male,3.0,4,Mobile,3,Married,2,Complained,14.0,1.0,1.0,2.0,127.03,Active,New (0-6 months),2
52174,1,9.0,Computer,Tier 1,14.0,CC,Male,3.0,3,Mobile,3,Single,2,No Complaint,12.0,1.0,1.0,0.0,119.04,Churned,Mid (6-12 months),0
52175,1,0.0,Mobile Phone,Tier 3,15.0,E wallet,Female,3.0,3,Laptop & Accessory,5,Single,4,Complained,17.0,0.0,1.0,3.0,182.24,Churned,New (0-6 months),2
52176,0,14.0,Phone,Tier 1,18.0,Debit Card,Male,2.0,3,Mobile Phone,1,Married,4,Complained,11.0,1.0,1.0,0.0,147.66,Active,Loyal (12+ months),3
52177,1,0.0,Computer,Tier 1,14.0,CC,Male,3.0,3,Mobile,3,Married,2,No Complaint,12.0,1.0,2.0,2.0,126.1,Churned,New (0-6 months),0
52178,0,10.0,Mobile Phone,Tier 1,31.0,Credit Card,Female,2.0,4,Laptop & Accessory,1,Married,8,No Complaint,13.0,1.0,1.0,3.0,157.31,Active,Mid (6-12 months),1
52179,0,0.0,Phone,Tier 1,14.0,Debit Card,Male,2.0,4,Mobile,3,Married,2,No Complaint,13.0,1.0,2.0,2.0,125.39,Active,New (0-6 months),0
52180,0,7.0,Mobile Phone,Tier 3,15.0,Debit Card,Female,3.0,3,Laptop & Accessory,3,Married,2,No Complaint,20.0,0.0,1.0,3.0,157.14,Active,Mid (6-12 months),0
52181,0,8.0,Phone,Tier 2,14.0,COD,Male,3.0,3,Mobile Phone,3,Single,2,No Complaint,17.0,0.0,1.0,4.0,143.23,Active,Mid (6-12 months),0
52182,1,0.0,Mobile Phone,Tier 3,29.0,Debit Card,Female,2.0,4,Fashion,5,Married,2,No Complaint,13.0,1.0,3.0,10.0,173.36,Churned,New (0-6 months),0
52183,0,13.0,Computer,Tier 1,15.0,Credit Card,Female,2.0,3,Fashion,3,Single,10,No Complaint,17.0,1.0,2.0,13.0,234.99,Active,Loyal (12+ months),0
52184,1,5.0,Computer,Tier 3,18.0,Debit Card,Male,2.0,3,Grocery,5,Single,1,Complained,12.0,2.0,2.0,14.0,237.58,Churned,New (0-6 months),2
52185,0,15.0,Mobile Phone,Tier 3,10.0,E wallet,Male,2.0,3,Laptop & Accessory,5,Single,8,No Complaint,13.0,1.0,1.0,5.0,151.55,Active,Loyal (12+ months),0
52186,0,9.0,Phone,Tier 1,6.0,CC,Male,2.0,4,Mobile,3,Married,7,No Complaint,12.0,1.0,1.0,7.0,122.58,Active,Mid (6-12 months),0
52187,0,0.0,Phone,Tier 1,30.0,Credit Card,Male,2.0,3,Mobile Phone,4,Single,9,No Complaint,22.0,0.0,1.0,2.0,135.97,Active,New (0-6 months),0
52188,1,0.0,Phone,Tier 1,14.0,Debit Card,Female,3.0,3,Mobile,1,Married,2,Complained,11.0,1.0,1.0,0.0,125.15,Churned,New (0-6 months),3
52189,0,0.0,Phone,Tier 1,9.0,Credit Card,Male,2.0,1,Mobile Phone,1,Married,2,No Complaint,22.0,1.0,1.0,7.0,144.2,Active,New (0-6 months),1
52190,0,3.0,Mobile Phone,Tier 3,16.0,E wallet,Male,3.0,4,Laptop & Accessory,3,Married,2,No Complaint,18.0,0.0,1.0,4.0,165.78,Active,New (0-6 months),0
52191,0,13.0,Computer,Tier 1,32.0,Credit Card,Female,3.0,4,Laptop & Accessory,1,Married,4,Complained,13.0,0.0,1.0,0.0,144.22,Active,Loyal (12+ months),3
52192,0,8.0,Mobile Phone,Tier 1,8.0,Debit Card,Male,2.0,4,Fashion,4,Married,3,No Complaint,18.0,2.0,6.0,4.0,202.74,Active,Mid (6-12 months),0
52193,0,7.0,Computer,Tier 1,7.0,Credit Card,Male,3.0,4,Laptop & Accessory,5,Single,1,No Complaint,20.0,0.0,4.0,9.0,153.43,Active,Mid (6-12 months),0
52194,0,8.0,Computer,Tier 1,14.0,UPI,Male,2.0,4,Mobile,1,Married,2,No Complaint,13.0,1.0,2.0,2.0,123.76,Active,Mid (6-12 months),1
52195,1,6.0,Mobile Phone,Tier 3,15.0,E wallet,Female,2.0,5,Laptop & Accessory,3,Single,9,No Complaint,13.0,0.0,1.0,3.0,153.46,Churned,New (0-6 months),0
52196,0,5.0,Computer,Tier 3,8.0,Debit Card,Female,3.0,3,Mobile,5,Married,2,No Complaint,12.0,1.0,1.0,0.0,128.27,Active,New (0-6 months),0
52197,0,29.0,Mobile Phone,Tier 1,10.0,Cash on Delivery,Female,3.0,3,Others,5,Married,5,No Complaint,15.0,4.0,4.0,2.0,299.43,Active,Loyal (12+ months),0
52198,0,2.0,Phone,Tier 1,12.0,CC,Female,3.0,3,Mobile,1,Married,2,No Complaint,13.0,0.0,1.0,8.0,131.31,Active,New (0-6 months),1
52199,0,0.0,Phone,Tier 1,14.0,Debit Card,Male,2.0,3,Mobile,5,Single,2,No Complaint,25.0,0.0,1.0,0.0,125.52,Active,New (0-6 months),0
52200,0,18.0,Phone,Tier 1,13.0,Credit Card,Female,2.0,3,Mobile Phone,3,Married,5,Complained,19.0,0.0,1.0,2.0,144.77,Active,Loyal (12+ months),2
52201,0,10.0,Mobile Phone,Tier 1,7.0,Debit Card,Female,2.0,4,Laptop & Accessory,1,Married,2,No Complaint,13.0,0.0,3.0,11.0,164.74,Active,Mid (6-12 months),1
52202,0,0.0,Phone,Tier 1,5.0,Debit Card,Male,3.0,4,Mobile,3,Single,2,No Complaint,12.0,0.0,1.0,2.0,130.33,Active,New (0-6 months),0
52203,1,7.0,Phone,Tier 1,16.0,Debit Card,Male,3.0,3,Mobile,3,Single,2,Complained,11.0,1.0,1.0,2.0,129.36,Churned,Mid (6-12 months),2
52204,0,26.0,Mobile Phone,Tier 1,13.0,Credit Card,Female,2.0,3,Others,3,Married,4,No Complaint,18.0,1.0,4.0,7.0,286.06,Active,Loyal (12+ months),0
52205,0,9.0,Phone,Tier 1,21.0,Debit Card,Female,3.0,5,Mobile,1,Married,1,Complained,18.0,1.0,1.0,3.0,121.68,Active,Mid (6-12 months),3
52206,1,0.0,Computer,Tier 1,9.0,Debit Card,Male,3.0,4,Mobile,1,Married,1,Complained,11.0,0.0,1.0,0.0,128.53,Churned,New (0-6 months),3
52207,0,19.0,Mobile Phone,Tier 3,8.0,E wallet,Female,3.0,3,Grocery,5,Married,9,No Complaint,23.0,1.0,15.0,9.0,270.48,Active,Loyal (12+ months),0
52208,0,9.0,Computer,Tier 1,23.0,Debit Card,Male,3.0,5,Mobile,3,Single,3,No Complaint,13.0,1.0,1.0,0.0,122.9,Active,Mid (6-12 months),0
52209,0,6.0,Phone,Tier 2,8.0,UPI,Male,3.0,3,Mobile Phone,3,Married,2,No Complaint,13.0,1.0,1.0,4.0,136.0,Active,New (0-6 months),0
52210,1,9.0,Computer,Tier 1,11.0,Debit Card,Male,3.0,4,Mobile,5,Married,7,No Complaint,17.0,0.0,1.0,0.0,121.07,Churned,Mid (6-12 months),0
52211,0,3.0,Phone,Tier 3,35.0,Debit Card,Male,3.0,3,Laptop & Accessory,5,Married,9,No Complaint,19.0,1.0,1.0,3.0,141.15,Active,New (0-6 months),0
52212,0,13.0,Computer,Tier 3,8.0,Credit Card,Male,3.0,3,Laptop & Accessory,4,Married,6,No Complaint,12.0,1.0,1.0,0.0,143.27,Active,Loyal (12+ months),0
52213,0,23.0,Computer,Tier 1,8.0,Credit Card,Female,1.0,3,Grocery,5,Married,3,No Complaint,22.0,1.0,2.0,2.0,278.56,Active,Loyal (12+ months),0
52214,0,1.0,Phone,Tier 1,25.0,CC,Male,3.0,4,Mobile,5,Married,2,No Complaint,12.0,1.0,3.0,3.0,131.96,Active,New (0-6 months),0
52215,0,19.0,Mobile Phone,Tier 1,21.0,Debit Card,Male,2.0,3,Others,4,Married,6,No Complaint,11.0,1.0,1.0,3.0,290.81,Active,Loyal (12+ months),0
52216,0,8.0,Mobile Phone,Tier 3,23.0,Debit Card,Male,3.0,3,Laptop & Accessory,5,Married,4,Complained,15.0,0.0,1.0,7.0,189.66,Active,Mid (6-12 months),2
52217,1,9.0,Phone,Tier 1,23.0,Debit Card,Female,3.0,3,Mobile,4,Married,2,No Complaint,13.0,1.0,1.0,0.0,122.1,Churned,Mid (6-12 months),0
52218,0,6.0,Computer,Tier 3,31.0,Credit Card,Female,2.0,3,Laptop & Accessory,3,Married,2,No Complaint,12.0,0.0,1.0,1.0,145.39,Active,New (0-6 months),0
52219,0,9.0,Phone,Tier 1,12.0,Debit Card,Male,3.0,5,Mobile,3,Married,2,No Complaint,14.0,1.0,1.0,7.0,127.41,Active,Mid (6-12 months),0
52220,0,3.0,Phone,Tier 1,13.0,Debit Card,Male,2.0,3,Laptop & Accessory,3,Married,2,No Complaint,13.0,4.0,8.0,9.0,134.91,Active,New (0-6 months),0
52221,0,17.0,Phone,Tier 1,35.0,UPI,Male,2.0,3,Laptop & Accessory,1,Single,2,No Complaint,25.0,6.0,13.0,17.0,145.41,Active,Loyal (12+ months),1
52222,0,0.0,Phone,Tier 3,27.0,E wallet,Male,3.0,1,Mobile,1,Single,2,No Complaint,17.0,2.0,2.0,2.0,126.78,Active,New (0-6 months),1
52223,0,19.0,Mobile Phone,Tier 1,8.0,COD,Male,2.0,3,Laptop & Accessory,1,Married,3,No Complaint,11.0,0.0,1.0,4.0,173.79,Active,Loyal (12+ months),1
52224,0,15.0,Computer,Tier 2,8.0,Credit Card,Male,3.0,1,Laptop & Accessory,5,Married,8,No Complaint,16.0,1.0,1.0,3.0,162.72,Active,Loyal (12+ months),0
52225,0,30.0,Mobile Phone,Tier 3,13.0,E wallet,Male,2.0,1,Laptop & Accessory,1,Married,1,Complained,18.0,0.0,1.0,9.0,152.2,Active,Loyal (12+ months),3
52226,0,5.0,Computer,Tier 1,19.0,UPI,Female,3.0,4,Mobile,4,Married,2,No Complaint,20.0,2.0,2.0,2.0,134.0,Active,New (0-6 months),0
52227,0,5.0,Computer,Tier 1,8.0,Debit Card,Female,2.0,3,Laptop & Accessory,3,Single,5,Complained,14.0,1.0,1.0,7.0,149.98,Active,New (0-6 months),2
52228,0,9.0,Mobile Phone,Tier 1,7.0,Cash on Delivery,Female,3.0,5,Fashion,5,Married,3,Complained,21.0,7.0,7.0,7.0,202.52,Active,Mid (6-12 months),2
52229,0,6.0,Phone,Tier 1,15.0,CC,Male,3.0,3,Mobile,1,Married,1,No Complaint,13.0,0.0,4.0,10.0,127.81,Active,New (0-6 months),1
52230,0,13.0,Mobile Phone,Tier 3,16.0,COD,Female,2.0,4,Laptop & Accessory,4,Married,8,No Complaint,12.0,1.0,1.0,3.0,168.52,Active,Loyal (12+ months),0
52231,0,0.0,Phone,Tier 3,16.0,Debit Card,Male,2.0,3,Laptop & Accessory,1,Single,1,No Complaint,14.0,1.0,1.0,1.0,149.5,Active,New (0-6 months),1
52232,0,3.0,Phone,Tier 1,7.0,Credit Card,Male,3.0,3,Mobile Phone,4,Married,1,Complained,21.0,3.0,5.0,7.0,135.79,Active,New (0-6 months),2
52233,0,15.0,Computer,Tier 1,32.0,Credit Card,Female,2.0,3,Fashion,5,Married,4,Complained,17.0,0.0,2.0,0.0,231.91000000000005,Active,Loyal (12+ months),2
52234,0,8.0,Computer,Tier 3,14.0,E wallet,Female,3.0,4,Fashion,1,Married,5,Complained,11.0,3.0,4.0,12.0,203.77,Active,Mid (6-12 months),3
52235,0,9.0,Phone,Tier 1,20.0,Debit Card,Male,2.0,3,Mobile,5,Married,2,Complained,14.0,5.0,6.0,8.0,122.35,Active,Mid (6-12 months),2
52236,0,27.0,Computer,Tier 1,7.0,Debit Card,Female,2.0,3,Fashion,3,Married,8,No Complaint,17.0,0.0,1.0,4.0,205.02,Active,Loyal (12+ months),0
52237,0,9.0,Mobile Phone,Tier 1,8.0,Debit Card,Female,3.0,1,Mobile,1,Married,2,No Complaint,13.0,1.0,7.0,7.0,120.11,Active,Mid (6-12 months),1
52238,1,9.0,Computer,Tier 1,16.0,CC,Female,3.0,4,Mobile Phone,4,Single,2,Complained,25.0,0.0,1.0,0.0,118.59,Churned,Mid (6-12 months),2
52239,0,2.0,Phone,Tier 1,7.0,Debit Card,Female,3.0,3,Mobile Phone,1,Married,2,No Complaint,15.0,1.0,1.0,2.0,137.6,Active,New (0-6 months),1
52240,0,27.0,Mobile Phone,Tier 1,9.0,Debit Card,Male,2.0,3,Grocery,1,Married,4,No Complaint,14.0,1.0,1.0,9.0,277.79,Active,Loyal (12+ months),1
52241,0,4.0,Mobile Phone,Tier 1,17.0,Credit Card,Male,3.0,3,Laptop & Accessory,5,Married,2,Complained,12.0,1.0,1.0,1.0,168.33,Active,New (0-6 months),2
52242,0,4.0,Mobile Phone,Tier 1,30.0,Credit Card,Female,3.0,4,Laptop & Accessory,5,Single,2,No Complaint,19.0,1.0,1.0,8.0,168.12,Active,New (0-6 months),0
52243,0,30.0,Mobile Phone,Tier 3,9.0,Debit Card,Female,2.0,4,Laptop & Accessory,1,Single,6,No Complaint,17.0,0.0,1.0,5.0,151.71,Active,Loyal (12+ months),1
52244,0,16.0,Mobile Phone,Tier 1,9.0,Debit Card,Male,3.0,5,Others,1,Married,4,No Complaint,15.0,1.0,1.0,7.0,297.4,Active,Loyal (12+ months),1
52245,0,22.0,Mobile Phone,Tier 1,10.0,Credit Card,Male,2.0,4,Others,3,Married,3,No Complaint,13.0,1.0,1.0,0.0,287.11,Active,Loyal (12+ months),0
52246,0,9.0,Computer,Tier 1,9.0,COD,Male,2.0,3,Mobile Phone,4,Married,2,No Complaint,12.0,0.0,1.0,7.0,136.92,Active,Mid (6-12 months),0
52247,0,21.0,Phone,Tier 1,14.0,COD,Male,3.0,1,Mobile,4,Single,6,No Complaint,11.0,0.0,1.0,0.0,125.59,Active,Loyal (12+ months),0
52248,0,0.0,Phone,Tier 1,14.0,Debit Card,Male,3.0,3,Mobile,3,Married,2,No Complaint,11.0,1.0,1.0,3.0,125.17,Active,New (0-6 months),0
52249,0,2.0,Mobile Phone,Tier 1,13.0,Debit Card,Male,2.0,3,Laptop & Accessory,1,Married,2,Complained,11.0,1.0,1.0,0.0,166.23,Active,New (0-6 months),3
52250,0,21.0,Mobile Phone,Tier 1,7.0,Debit Card,Male,3.0,4,Others,1,Single,7,No Complaint,12.0,1.0,1.0,0.0,282.65,Active,Loyal (12+ months),1
52251,0,2.0,Mobile Phone,Tier 1,7.0,Debit Card,Female,2.0,4,Grocery,1,Married,4,No Complaint,14.0,1.0,1.0,7.0,261.24,Active,New (0-6 months),1
52252,0,7.0,Phone,Tier 1,14.0,COD,Female,2.0,1,Mobile,3,Married,1,No Complaint,17.0,1.0,1.0,0.0,125.85,Active,Mid (6-12 months),0
52253,0,17.0,Mobile Phone,Tier 3,11.0,E wallet,Male,2.0,3,Others,4,Married,8,No Complaint,11.0,1.0,3.0,10.0,282.13,Active,Loyal (12+ months),0
52254,0,6.0,Mobile Phone,Tier 3,16.0,E wallet,Male,2.0,1,Fashion,3,Married,1,Complained,14.0,0.0,1.0,8.0,183.8,Active,New (0-6 months),2
52255,0,0.0,Phone,Tier 1,31.0,Debit Card,Female,3.0,1,Mobile,1,Single,2,Complained,12.0,0.0,1.0,1.0,129.94,Active,New (0-6 months),3
52256,0,9.0,Mobile Phone,Tier 1,7.0,Debit Card,Male,2.0,3,Mobile Phone,3,Married,2,No Complaint,22.0,1.0,1.0,1.0,112.23,Active,Mid (6-12 months),0
52257,1,0.0,Computer,Tier 3,30.0,Debit Card,Male,3.0,5,Mobile Phone,1,Single,2,Complained,14.0,1.0,1.0,0.0,111.18,Churned,New (0-6 months),3
52258,0,0.0,Phone,Tier 1,10.0,Debit Card,Male,3.0,3,Mobile,1,Single,2,Complained,20.0,2.0,2.0,2.0,128.75,Active,New (0-6 months),3
52259,1,8.0,Mobile Phone,Tier 3,8.0,E wallet,Female,3.0,5,Others,4,Single,3,Complained,16.0,1.0,1.0,11.0,288.24,Churned,Mid (6-12 months),2
52260,0,28.0,Computer,Tier 1,14.0,Credit Card,Male,2.0,4,Grocery,4,Married,2,Complained,15.0,2.0,2.0,0.0,235.77,Active,Loyal (12+ months),2
52261,1,0.0,Computer,Tier 1,14.0,Debit Card,Female,2.0,4,Mobile,3,Single,2,No Complaint,20.0,1.0,2.0,2.0,126.25,Churned,New (0-6 months),0
52262,0,19.0,Mobile Phone,Tier 3,10.0,E wallet,Female,2.0,4,Others,4,Married,3,No Complaint,14.0,1.0,1.0,8.0,287.89,Active,Loyal (12+ months),0
52263,0,7.0,Phone,Tier 3,8.0,E wallet,Female,2.0,3,Laptop & Accessory,5,Single,1,Complained,12.0,1.0,1.0,2.0,145.38,Active,Mid (6-12 months),2
52264,0,24.0,Computer,Tier 3,15.0,Debit Card,Male,2.0,3,Others,4,Married,5,Complained,15.0,6.0,11.0,10.0,298.47,Active,Loyal (12+ months),2
52265,0,30.0,Mobile Phone,Tier 1,24.0,Credit Card,Male,3.0,3,Fashion,1,Single,7,No Complaint,12.0,3.0,5.0,4.0,205.12,Active,Loyal (12+ months),1
52266,0,7.0,Computer,Tier 1,25.0,Credit Card,Female,2.0,3,Laptop & Accessory,4,Married,5,No Complaint,13.0,0.0,5.0,10.0,144.44,Active,Mid (6-12 months),0
52267,0,9.0,Computer,Tier 1,7.0,CC,Male,2.0,3,Mobile,3,Single,1,Complained,11.0,1.0,1.0,2.0,121.54,Active,Mid (6-12 months),2
52268,0,17.0,Mobile Phone,Tier 1,10.0,Debit Card,Male,3.0,1,Others,5,Married,2,No Complaint,14.0,2.0,14.0,13.0,291.9,Active,Loyal (12+ months),0
52269,0,7.0,Computer,Tier 2,17.0,Debit Card,Male,2.0,4,Laptop & Accessory,4,Married,5,No Complaint,11.0,0.0,1.0,8.0,144.9,Active,Mid (6-12 months),0
52270,0,8.0,Phone,Tier 1,12.0,Debit Card,Male,3.0,3,Mobile,3,Married,1,Complained,14.0,1.0,2.0,2.0,135.06,Active,Mid (6-12 months),2
52271,0,15.0,Phone,Tier 1,14.0,CC,Female,3.0,1,Laptop & Accessory,4,Married,7,Complained,16.0,0.0,1.0,0.0,123.72,Active,Loyal (12+ months),2
52272,0,16.0,Mobile Phone,Tier 3,10.0,E wallet,Female,2.0,4,Fashion,1,Single,4,No Complaint,14.0,10.0,15.0,17.0,202.31,Active,Loyal (12+ months),1
52273,0,9.0,Mobile Phone,Tier 1,8.0,Debit Card,Female,2.0,3,Laptop & Accessory,4,Single,10,Complained,11.0,4.0,5.0,12.0,154.1,Active,Mid (6-12 months),2
52274,1,7.0,Mobile Phone,Tier 1,21.0,Credit Card,Female,3.0,3,Fashion,1,Married,2,No Complaint,11.0,0.0,1.0,5.0,179.78,Churned,Mid (6-12 months),1
52275,0,1.0,Computer,Tier 1,8.0,Debit Card,Male,2.0,4,Mobile Phone,1,Married,2,Complained,12.0,0.0,2.0,2.0,138.67,Active,New (0-6 months),3
52276,0,24.0,Computer,Tier 1,12.0,CC,Female,3.0,4,Mobile,3,Single,1,No Complaint,14.0,3.0,7.0,7.0,128.38,Active,Loyal (12+ months),0
52277,0,3.0,Computer,Tier 1,15.0,Credit Card,Female,3.0,3,Laptop & Accessory,3,Single,8,Complained,18.0,0.0,1.0,7.0,146.95,Active,New (0-6 months),2
52278,1,0.0,Phone,Tier 1,13.0,COD,Female,2.0,3,Mobile,3,Married,4,Complained,13.0,4.0,7.0,7.0,133.39,Churned,New (0-6 months),2
52279,0,9.0,Phone,Tier 1,7.0,Cash on Delivery,Male,2.0,3,Mobile,5,Single,3,No Complaint,11.0,1.0,1.0,2.0,120.8,Active,Mid (6-12 months),0
52280,0,9.0,Phone,Tier 1,7.0,CC,Female,2.0,3,Mobile,4,Single,2,No Complaint,18.0,1.0,2.0,1.0,120.96,Active,Mid (6-12 months),0
52281,0,5.0,Mobile Phone,Tier 3,14.0,Credit Card,Male,2.0,1,Laptop & Accessory,1,Married,2,No Complaint,15.0,0.0,1.0,8.0,162.09,Active,New (0-6 months),1
52282,0,18.0,Computer,Tier 1,31.0,Credit Card,Female,2.0,3,Others,4,Single,4,No Complaint,22.0,1.0,1.0,0.0,280.61,Active,Loyal (12+ months),0
52283,0,12.0,Mobile Phone,Tier 1,19.0,Credit Card,Female,3.0,4,Grocery,4,Married,7,Complained,13.0,1.0,15.0,2.0,271.23,Active,Mid (6-12 months),2
52284,0,30.0,Phone,Tier 1,14.0,Debit Card,Male,2.0,3,Mobile,3,Married,2,No Complaint,12.0,1.0,2.0,2.0,123.72,Active,Loyal (12+ months),0
52285,1,0.0,Phone,Tier 1,13.0,Debit Card,Male,3.0,3,Laptop & Accessory,3,Married,2,No Complaint,18.0,0.0,1.0,1.0,148.83,Churned,New (0-6 months),0
52286,1,2.0,Phone,Tier 1,29.0,Credit Card,Male,3.0,3,Mobile Phone,5,Single,1,No Complaint,13.0,0.0,1.0,3.0,139.04,Churned,New (0-6 months),0
52287,0,3.0,Phone,Tier 1,12.0,COD,Female,2.0,4,Laptop & Accessory,1,Married,1,No Complaint,12.0,5.0,6.0,7.0,146.27,Active,New (0-6 months),1
52288,0,9.0,Mobile Phone,Tier 1,16.0,COD,Female,3.0,3,Fashion,3,Married,4,No Complaint,12.0,1.0,1.0,7.0,170.94,Active,Mid (6-12 months),0
52289,0,19.0,Phone,Tier 2,7.0,Debit Card,Female,2.0,3,Mobile,5,Single,7,No Complaint,12.0,2.0,5.0,7.0,134.23,Active,Loyal (12+ months),0
52290,0,1.0,Computer,Tier 1,7.0,Debit Card,Female,2.0,5,Laptop & Accessory,1,Married,1,No Complaint,11.0,7.0,7.0,5.0,166.74,Active,New (0-6 months),1
52291,0,23.0,Mobile Phone,Tier 1,34.0,Debit Card,Female,2.0,3,Grocery,5,Married,5,Complained,11.0,1.0,1.0,2.0,268.8,Active,Loyal (12+ months),2
52292,1,3.0,Mobile Phone,Tier 3,31.0,E wallet,Male,2.0,4,Fashion,4,Single,3,Complained,12.0,1.0,1.0,0.0,190.94,Churned,New (0-6 months),2
52293,1,15.0,Mobile Phone,Tier 3,11.0,Debit Card,Male,3.0,3,Fashion,4,Single,10,Complained,19.0,7.0,7.0,7.0,184.46,Churned,Loyal (12+ months),2
52294,0,3.0,Mobile Phone,Tier 1,23.0,Credit Card,Female,3.0,3,Fashion,5,Married,2,Complained,23.0,1.0,1.0,3.0,219.16000000000005,Active,New (0-6 months),2
52295,0,12.0,Phone,Tier 1,24.0,Debit Card,Male,2.0,3,Laptop & Accessory,3,Single,1,No Complaint,11.0,1.0,1.0,7.0,145.34,Active,Mid (6-12 months),0
52296,0,4.0,Computer,Tier 3,8.0,Debit Card,Female,2.0,3,Fashion,3,Married,2,Complained,19.0,8.0,9.0,6.0,198.52,Active,New (0-6 months),2
52297,0,14.0,Computer,Tier 3,16.0,Credit Card,Male,2.0,5,Laptop & Accessory,4,Single,2,No Complaint,13.0,3.0,11.0,9.0,161.51,Active,Loyal (12+ months),0
52298,1,9.0,Computer,Tier 3,7.0,Debit Card,Female,2.0,3,Mobile,4,Single,2,Complained,11.0,2.0,2.0,2.0,123.02,Churned,Mid (6-12 months),2
52299,1,7.0,Phone,Tier 1,14.0,Debit Card,Male,2.0,3,Mobile,5,Married,5,No Complaint,12.0,1.0,1.0,2.0,123.62,Churned,Mid (6-12 months),0
52300,0,15.0,Computer,Tier 1,8.0,Debit Card,Male,2.0,3,Grocery,3,Married,1,Complained,13.0,1.0,2.0,10.0,278.61,Active,Loyal (12+ months),2
52301,0,28.0,Mobile Phone,Tier 1,8.0,Credit Card,Female,2.0,5,Others,3,Married,5,No Complaint,14.0,1.0,9.0,11.0,291.87,Active,Loyal (12+ months),0
52302,0,29.0,Mobile Phone,Tier 2,14.0,Debit Card,Male,3.0,3,Others,4,Single,7,No Complaint,15.0,2.0,7.0,7.0,297.17,Active,Loyal (12+ months),0
52303,0,13.0,Computer,Tier 1,22.0,Debit Card,Male,3.0,3,Mobile,3,Married,10,No Complaint,16.0,1.0,1.0,0.0,135.44,Active,Loyal (12+ months),0
52304,0,7.0,Mobile Phone,Tier 1,15.0,Debit Card,Male,2.0,3,Fashion,1,Married,1,No Complaint,11.0,0.0,1.0,6.0,185.0,Active,Mid (6-12 months),1
52305,0,13.0,Phone,Tier 1,8.0,Debit Card,Male,3.0,3,Laptop & Accessory,1,Single,2,No Complaint,13.0,3.0,8.0,8.0,146.61,Active,Loyal (12+ months),1
52306,0,14.0,Computer,Tier 3,7.0,E wallet,Female,3.0,3,Laptop & Accessory,5,Married,1,No Complaint,17.0,0.0,1.0,7.0,141.03,Active,Loyal (12+ months),0
52307,0,8.0,Computer,Tier 1,10.0,Debit Card,Male,2.0,3,Laptop & Accessory,3,Single,2,Complained,11.0,1.0,1.0,1.0,142.49,Active,Mid (6-12 months),2
52308,0,24.0,Mobile Phone,Tier 2,11.0,Debit Card,Male,2.0,3,Grocery,4,Married,2,Complained,11.0,0.0,2.0,10.0,240.26,Active,Loyal (12+ months),2
52309,0,11.0,Mobile Phone,Tier 3,8.0,Debit Card,Female,2.0,3,Laptop & Accessory,5,Married,4,No Complaint,15.0,0.0,1.0,7.0,168.93,Active,Mid (6-12 months),0
52310,0,7.0,Mobile Phone,Tier 3,21.0,Credit Card,Female,3.0,3,Laptop & Accessory,5,Single,2,No Complaint,12.0,4.0,9.0,6.0,161.25,Active,Mid (6-12 months),0
52311,0,0.0,Phone,Tier 1,25.0,Credit Card,Male,3.0,3,Mobile Phone,1,Married,4,No Complaint,11.0,0.0,1.0,2.0,136.69,Active,New (0-6 months),1
52312,1,20.0,Mobile Phone,Tier 1,13.0,Credit Card,Female,2.0,4,Fashion,5,Married,8,Complained,14.0,1.0,5.0,9.0,200.08,Churned,Loyal (12+ months),2
52313,0,13.0,Phone,Tier 1,14.0,Debit Card,Male,2.0,3,Mobile,4,Married,4,No Complaint,22.0,1.0,1.0,3.0,123.87,Active,Loyal (12+ months),0
52314,0,9.0,Computer,Tier 3,13.0,E wallet,Female,2.0,1,Laptop & Accessory,5,Married,3,No Complaint,16.0,5.0,6.0,13.0,146.39,Active,Mid (6-12 months),0
52315,0,21.0,Mobile Phone,Tier 1,10.0,Debit Card,Male,2.0,3,Fashion,1,Single,2,No Complaint,11.0,1.0,1.0,8.0,178.98,Active,Loyal (12+ months),1
52316,0,0.0,Phone,Tier 3,14.0,CC,Female,3.0,1,Mobile,1,Married,9,No Complaint,14.0,0.0,1.0,0.0,125.34,Active,New (0-6 months),1
52317,0,24.0,Mobile Phone,Tier 1,17.0,Cash on Delivery,Female,2.0,4,Grocery,4,Single,4,No Complaint,16.0,0.0,1.0,3.0,231.42,Active,Loyal (12+ months),0
52318,0,9.0,Computer,Tier 1,7.0,Debit Card,Female,3.0,3,Mobile Phone,1,Single,2,No Complaint,15.0,1.0,1.0,0.0,116.11,Active,Mid (6-12 months),1
52319,0,8.0,Mobile Phone,Tier 1,7.0,Credit Card,Female,2.0,4,Laptop & Accessory,1,Married,1,No Complaint,12.0,0.0,1.0,0.0,153.63,Active,Mid (6-12 months),1
52320,0,0.0,Computer,Tier 3,8.0,Debit Card,Male,2.0,5,Laptop & Accessory,1,Single,4,No Complaint,20.0,0.0,1.0,0.0,150.71,Active,New (0-6 months),1
52321,1,18.0,Mobile Phone,Tier 3,19.0,E wallet,Male,2.0,1,Grocery,3,Single,7,Complained,17.0,1.0,2.0,8.0,236.95,Churned,Loyal (12+ months),2
52322,0,29.0,Mobile Phone,Tier 1,29.0,Debit Card,Male,3.0,3,Grocery,4,Married,5,Complained,12.0,13.0,2.0,9.0,234.02,Active,Loyal (12+ months),2
52323,0,9.0,Computer,Tier 1,32.0,Cash on Delivery,Female,3.0,4,Mobile,3,Married,2,No Complaint,20.0,1.0,1.0,0.0,120.29,Active,Mid (6-12 months),0
52324,0,13.0,Mobile Phone,Tier 1,8.0,Credit Card,Female,2.0,1,Laptop & Accessory,3,Married,6,No Complaint,20.0,6.0,11.0,8.0,163.77,Active,Loyal (12+ months),0
52325,0,7.0,Mobile Phone,Tier 1,35.0,Credit Card,Male,2.0,3,Laptop & Accessory,3,Married,5,No Complaint,13.0,5.0,7.0,7.0,154.29,Active,Mid (6-12 months),0
52326,1,0.0,Computer,Tier 3,8.0,Debit Card,Female,3.0,4,Mobile,1,Single,8,No Complaint,14.0,0.0,1.0,0.0,127.85,Churned,New (0-6 months),1
52327,1,0.0,Computer,Tier 3,24.0,E wallet,Female,3.0,3,Laptop & Accessory,3,Married,1,Complained,18.0,0.0,3.0,2.0,146.14,Churned,New (0-6 months),2
52328,0,11.0,Computer,Tier 1,14.0,Debit Card,Male,2.0,1,Mobile,3,Married,2,No Complaint,11.0,0.0,1.0,3.0,126.1,Active,Mid (6-12 months),0
52329,0,7.0,Mobile Phone,Tier 1,8.0,COD,Female,3.0,3,Laptop & Accessory,1,Single,2,No Complaint,11.0,4.0,4.0,11.0,166.87,Active,Mid (6-12 months),1
52330,0,1.0,Phone,Tier 3,32.0,Debit Card,Male,2.0,4,Laptop & Accessory,5,Married,2,No Complaint,11.0,1.0,1.0,4.0,147.24,Active,New (0-6 months),0
52331,1,0.0,Mobile Phone,Tier 1,28.0,Credit Card,Male,3.0,3,Laptop & Accessory,3,Married,2,Complained,15.0,5.0,6.0,7.0,161.79,Churned,New (0-6 months),2
52332,0,12.0,Mobile Phone,Tier 3,27.0,Debit Card,Male,2.0,4,Laptop & Accessory,1,Married,4,Complained,12.0,0.0,1.0,4.0,161.2,Active,Mid (6-12 months),3
52333,0,24.0,Computer,Tier 3,8.0,E wallet,Male,2.0,3,Fashion,4,Married,3,No Complaint,11.0,3.0,3.0,2.0,205.96,Active,Loyal (12+ months),0
52334,0,14.0,Computer,Tier 1,28.0,Debit Card,Female,3.0,3,Laptop & Accessory,1,Married,4,Complained,14.0,2.0,3.0,3.0,154.67,Active,Loyal (12+ months),3
52335,0,10.0,Phone,Tier 1,10.0,Debit Card,Male,3.0,3,Mobile,3,Married,8,Complained,15.0,1.0,1.0,3.0,129.96,Active,Mid (6-12 months),2
52336,0,6.0,Computer,Tier 3,11.0,Debit Card,Male,3.0,3,Laptop & Accessory,1,Married,7,No Complaint,13.0,1.0,1.0,2.0,199.98,Active,New (0-6 months),1
52337,0,5.0,Phone,Tier 3,8.0,E wallet,Male,2.0,3,Laptop & Accessory,4,Married,1,Complained,13.0,1.0,1.0,2.0,140.78,Active,New (0-6 months),2
52338,0,12.0,Computer,Tier 1,31.0,Debit Card,Male,3.0,3,Fashion,3,Married,4,No Complaint,21.0,0.0,1.0,3.0,209.2,Active,Mid (6-12 months),0
52339,0,0.0,Mobile Phone,Tier 3,24.0,Debit Card,Male,3.0,1,Laptop & Accessory,3,Married,3,No Complaint,11.0,1.0,1.0,2.0,162.32,Active,New (0-6 months),0
52340,0,25.0,Computer,Tier 1,34.0,Credit Card,Female,2.0,1,Grocery,3,Married,3,Complained,11.0,1.0,2.0,2.0,232.47000000000003,Active,Loyal (12+ months),2
52341,0,16.0,Phone,Tier 1,12.0,Credit Card,Female,3.0,4,Laptop & Accessory,3,Single,2,Complained,14.0,0.0,1.0,8.0,140.81,Active,Loyal (12+ months),2
52342,0,0.0,Mobile Phone,Tier 3,16.0,E wallet,Female,3.0,4,Laptop & Accessory,1,Married,2,Complained,11.0,1.0,4.0,4.0,157.69,Active,New (0-6 months),3
52343,1,0.0,Phone,Tier 1,14.0,Debit Card,Female,2.0,3,Mobile,3,Single,2,Complained,13.0,4.0,7.0,7.0,123.94,Churned,New (0-6 months),2
52344,0,0.0,Phone,Tier 1,8.0,Credit Card,Male,2.0,4,Mobile Phone,1,Single,1,No Complaint,12.0,1.0,1.0,1.0,139.04,Active,New (0-6 months),1
52345,0,15.0,Mobile Phone,Tier 2,16.0,UPI,Female,2.0,3,Grocery,5,Married,1,No Complaint,14.0,1.0,1.0,9.0,267.99,Active,Loyal (12+ months),0
52346,0,25.0,Phone,Tier 1,14.0,UPI,Female,3.0,3,Mobile,5,Married,10,No Complaint,13.0,1.0,1.0,4.0,129.5,Active,Loyal (12+ months),0
52347,0,10.0,Phone,Tier 1,17.0,Credit Card,Female,3.0,3,Mobile Phone,3,Single,5,No Complaint,18.0,1.0,1.0,2.0,136.29,Active,Mid (6-12 months),0
52348,0,8.0,Computer,Tier 1,24.0,Debit Card,Male,2.0,3,Fashion,1,Single,3,No Complaint,11.0,2.0,2.0,2.0,193.62,Active,Mid (6-12 months),1
52349,0,0.0,Phone,Tier 1,7.0,COD,Male,2.0,3,Mobile,1,Married,5,No Complaint,11.0,0.0,1.0,2.0,132.29,Active,New (0-6 months),1
52350,0,0.0,Phone,Tier 1,13.0,UPI,Male,3.0,1,Mobile Phone,5,Single,1,No Complaint,12.0,0.0,1.0,7.0,135.78,Active,New (0-6 months),0
52351,0,2.0,Mobile Phone,Tier 2,23.0,UPI,Male,2.0,4,Fashion,5,Single,2,No Complaint,13.0,0.0,1.0,9.0,179.88,Active,New (0-6 months),0
52352,1,12.0,Computer,Tier 1,34.0,Debit Card,Male,3.0,4,Laptop & Accessory,5,Single,4,No Complaint,20.0,0.0,1.0,3.0,142.84,Churned,Mid (6-12 months),0
52353,1,0.0,Computer,Tier 1,20.0,UPI,Female,2.0,3,Fashion,1,Single,1,Complained,12.0,4.0,7.0,7.0,175.53,Churned,New (0-6 months),3
52354,0,27.0,Mobile Phone,Tier 1,7.0,Credit Card,Female,2.0,3,Grocery,1,Single,7,No Complaint,19.0,1.0,12.0,7.0,273.28,Active,Loyal (12+ months),1
52355,0,30.0,Mobile Phone,Tier 1,7.0,Credit Card,Female,3.0,3,Others,5,Married,4,Complained,15.0,1.0,1.0,5.0,297.01,Active,Loyal (12+ months),2
52356,0,28.0,Mobile Phone,Tier 1,7.0,Credit Card,Male,2.0,1,Grocery,1,Married,3,No Complaint,13.0,0.0,2.0,0.0,247.32,Active,Loyal (12+ months),1
52357,0,9.0,Mobile Phone,Tier 3,9.0,E wallet,Female,3.0,3,Laptop & Accessory,4,Single,4,Complained,16.0,0.0,1.0,1.0,192.78,Active,Mid (6-12 months),2
52358,1,9.0,Computer,Tier 3,7.0,Debit Card,Female,2.0,5,Mobile Phone,3,Single,2,No Complaint,12.0,0.0,1.0,0.0,113.59,Churned,Mid (6-12 months),0
52359,0,3.0,Phone,Tier 3,13.0,E wallet,Female,3.0,3,Laptop & Accessory,5,Married,8,No Complaint,14.0,1.0,1.0,2.0,147.79,Active,New (0-6 months),0
52360,0,4.0,Mobile Phone,Tier 1,14.0,Debit Card,Female,3.0,3,Grocery,4,Single,4,No Complaint,11.0,1.0,1.0,0.0,264.22,Active,New (0-6 months),0
52361,0,7.0,Computer,Tier 1,7.0,UPI,Male,3.0,3,Mobile,5,Married,6,No Complaint,14.0,1.0,1.0,3.0,129.96,Active,Mid (6-12 months),0
52362,1,9.0,Mobile Phone,Tier 1,14.0,Debit Card,Female,2.0,4,Mobile Phone,4,Single,2,No Complaint,12.0,0.0,1.0,0.0,112.61,Churned,Mid (6-12 months),0
52363,0,9.0,Phone,Tier 1,17.0,Debit Card,Male,3.0,3,Mobile,5,Married,1,No Complaint,14.0,1.0,1.0,4.0,120.99,Active,Mid (6-12 months),0
52364,0,9.0,Mobile Phone,Tier 1,10.0,Debit Card,Male,2.0,4,Laptop & Accessory,1,Single,2,No Complaint,16.0,0.0,1.0,8.0,158.1,Active,Mid (6-12 months),1
52365,0,9.0,Mobile Phone,Tier 3,22.0,E wallet,Female,3.0,4,Laptop & Accessory,5,Married,5,No Complaint,13.0,1.0,1.0,2.0,156.47,Active,Mid (6-12 months),0
52366,0,20.0,Phone,Tier 1,7.0,COD,Male,3.0,3,Mobile,1,Married,8,No Complaint,12.0,1.0,1.0,2.0,134.2,Active,Loyal (12+ months),1
52367,1,0.0,Phone,Tier 3,15.0,Debit Card,Male,3.0,4,Mobile Phone,5,Married,4,No Complaint,12.0,2.0,2.0,2.0,144.0,Churned,New (0-6 months),0
52368,0,10.0,Computer,Tier 1,11.0,COD,Male,2.0,1,Mobile,3,Single,1,No Complaint,14.0,0.0,1.0,3.0,135.0,Active,Mid (6-12 months),0
52369,0,9.0,Phone,Tier 1,7.0,Debit Card,Female,2.0,3,Mobile,5,Married,3,No Complaint,22.0,0.0,1.0,0.0,120.66,Active,Mid (6-12 months),0
52370,0,20.0,Mobile Phone,Tier 1,8.0,Credit Card,Female,2.0,3,Grocery,3,Married,4,No Complaint,19.0,1.0,5.0,6.0,271.69,Active,Loyal (12+ months),0
52371,0,0.0,Phone,Tier 3,10.0,Credit Card,Female,2.0,3,Laptop & Accessory,3,Married,2,Complained,12.0,1.0,1.0,3.0,141.62,Active,New (0-6 months),2
52372,0,5.0,Mobile Phone,Tier 3,13.0,E wallet,Male,3.0,3,Laptop & Accessory,1,Married,5,No Complaint,12.0,0.0,1.0,3.0,192.04,Active,New (0-6 months),1
52373,0,7.0,Phone,Tier 1,7.0,Debit Card,Female,2.0,4,Mobile,4,Married,6,No Complaint,17.0,1.0,1.0,2.0,132.94,Active,Mid (6-12 months),0
52374,0,9.0,Phone,Tier 1,11.0,CC,Male,2.0,1,Mobile,3,Married,3,Complained,12.0,0.0,1.0,3.0,121.27,Active,Mid (6-12 months),2
52375,0,13.0,Computer,Tier 1,15.0,UPI,Male,2.0,3,Laptop & Accessory,3,Married,4,No Complaint,11.0,0.0,1.0,7.0,139.75,Active,Loyal (12+ months),0
52376,0,4.0,Mobile Phone,Tier 3,14.0,Debit Card,Male,2.0,3,Fashion,1,Married,2,No Complaint,18.0,2.0,9.0,9.0,207.93,Active,New (0-6 months),1
52377,1,9.0,Mobile Phone,Tier 3,15.0,E wallet,Male,2.0,3,Fashion,1,Married,5,No Complaint,11.0,4.0,4.0,3.0,200.96,Churned,Mid (6-12 months),1
52378,1,2.0,Computer,Tier 1,8.0,Debit Card,Female,2.0,4,Mobile Phone,5,Single,3,Complained,23.0,0.0,1.0,0.0,136.46,Churned,New (0-6 months),2
52379,1,0.0,Computer,Tier 1,7.0,Debit Card,Female,3.0,1,Fashion,4,Single,2,No Complaint,11.0,1.0,4.0,7.0,174.46,Churned,New (0-6 months),0
52380,0,18.0,Mobile Phone,Tier 1,26.0,Credit Card,Male,3.0,5,Fashion,5,Married,3,Complained,18.0,1.0,1.0,7.0,208.51,Active,Loyal (12+ months),2
52381,0,9.0,Phone,Tier 2,14.0,CC,Female,3.0,1,Mobile,4,Single,10,No Complaint,18.0,1.0,1.0,2.0,121.09,Active,Mid (6-12 months),0
52382,1,0.0,Computer,Tier 1,8.0,Debit Card,Male,3.0,3,Mobile Phone,1,Married,7,Complained,13.0,0.0,2.0,2.0,137.22,Churned,New (0-6 months),3
52383,0,18.0,Mobile Phone,Tier 1,35.0,Cash on Delivery,Male,2.0,3,Fashion,1,Married,5,Complained,18.0,1.0,1.0,2.0,193.8,Active,Loyal (12+ months),3
52384,0,21.0,Mobile Phone,Tier 3,13.0,E wallet,Male,3.0,3,Laptop & Accessory,5,Married,5,No Complaint,11.0,0.0,2.0,2.0,154.86,Active,Loyal (12+ months),0
52385,1,0.0,Phone,Tier 2,15.0,COD,Female,3.0,3,Mobile,3,Married,2,No Complaint,15.0,2.0,2.0,2.0,127.42,Churned,New (0-6 months),0
52386,0,13.0,Computer,Tier 1,14.0,Credit Card,Male,2.0,4,Fashion,4,Married,3,No Complaint,11.0,4.0,2.0,8.0,237.57,Active,Loyal (12+ months),0
52387,0,1.0,Mobile Phone,Tier 3,11.0,Credit Card,Male,2.0,3,Laptop & Accessory,5,Single,1,No Complaint,18.0,0.0,1.0,3.0,184.63,Active,New (0-6 months),0
52388,0,17.0,Computer,Tier 1,11.0,Debit Card,Male,2.0,4,Mobile,3,Single,4,No Complaint,14.0,0.0,1.0,3.0,131.62,Active,Loyal (12+ months),0
52389,0,26.0,Mobile Phone,Tier 1,8.0,Credit Card,Male,2.0,1,Grocery,4,Single,5,No Complaint,12.0,1.0,8.0,8.0,265.98,Active,Loyal (12+ months),0
52390,0,22.0,Mobile Phone,Tier 1,11.0,COD,Male,3.0,3,Laptop & Accessory,3,Married,3,No Complaint,14.0,0.0,1.0,2.0,166.51,Active,Loyal (12+ months),0
52391,0,13.0,Phone,Tier 1,14.0,CC,Male,3.0,3,Mobile,3,Married,3,No Complaint,14.0,1.0,1.0,2.0,123.45,Active,Loyal (12+ months),0
52392,0,17.0,Phone,Tier 1,26.0,Debit Card,Male,2.0,3,Mobile,4,Single,2,No Complaint,13.0,1.0,1.0,3.0,134.2,Active,Loyal (12+ months),0
52393,0,6.0,Computer,Tier 3,13.0,Credit Card,Male,2.0,3,Laptop & Accessory,5,Married,1,No Complaint,14.0,1.0,1.0,3.0,143.73,Active,New (0-6 months),0
52394,0,7.0,Phone,Tier 3,9.0,UPI,Male,2.0,5,Laptop & Accessory,5,Single,4,No Complaint,18.0,2.0,3.0,12.0,147.59,Active,Mid (6-12 months),0
52395,0,3.0,Mobile Phone,Tier 3,22.0,Debit Card,Male,3.0,3,Laptop & Accessory,3,Married,9,No Complaint,15.0,1.0,2.0,2.0,153.01,Active,New (0-6 months),0
52396,0,15.0,Computer,Tier 1,15.0,Credit Card,Female,3.0,3,Mobile Phone,1,Single,2,No Complaint,13.0,0.0,5.0,8.0,136.73,Active,Loyal (12+ months),1
52397,0,17.0,Computer,Tier 3,7.0,E wallet,Female,3.0,3,Laptop & Accessory,3,Married,8,No Complaint,12.0,0.0,1.0,0.0,147.68,Active,Loyal (12+ months),0
52398,0,9.0,Computer,Tier 1,13.0,Cash on Delivery,Male,3.0,3,Mobile Phone,3,Married,2,No Complaint,13.0,0.0,1.0,0.0,112.74,Active,Mid (6-12 months),0
52399,0,30.0,Phone,Tier 1,7.0,Debit Card,Male,3.0,1,Laptop & Accessory,3,Married,1,No Complaint,24.0,1.0,2.0,8.0,149.0,Active,Loyal (12+ months),0
52400,0,22.0,Mobile Phone,Tier 1,13.0,Debit Card,Male,2.0,3,Fashion,4,Married,4,No Complaint,14.0,0.0,1.0,7.0,204.66,Active,Loyal (12+ months),0
52401,0,7.0,Computer,Tier 1,21.0,Credit Card,Male,3.0,3,Grocery,5,Married,8,No Complaint,14.0,1.0,6.0,9.0,270.07,Active,Mid (6-12 months),0
52402,1,0.0,Computer,Tier 3,7.0,COD,Male,3.0,3,Mobile,3,Married,4,No Complaint,15.0,1.0,1.0,2.0,129.09,Churned,New (0-6 months),0
52403,1,0.0,Computer,Tier 3,19.0,COD,Female,2.0,3,Laptop & Accessory,4,Single,6,No Complaint,11.0,1.0,1.0,0.0,157.65,Churned,New (0-6 months),0
52404,1,0.0,Phone,Tier 3,30.0,Credit Card,Female,2.0,4,Laptop & Accessory,4,Single,1,Complained,23.0,4.0,10.0,10.0,145.99,Churned,New (0-6 months),2
52405,0,8.0,Phone,Tier 3,14.0,Debit Card,Male,3.0,3,Mobile,3,Married,2,No Complaint,13.0,0.0,1.0,0.0,124.04,Active,Mid (6-12 months),0
52406,1,0.0,Computer,Tier 1,15.0,CC,Male,2.0,3,Mobile,5,Single,3,Complained,11.0,0.0,1.0,0.0,131.72,Churned,New (0-6 months),2
52407,0,9.0,Computer,Tier 3,19.0,Debit Card,Female,3.0,3,Mobile,4,Married,2,No Complaint,13.0,0.0,1.0,0.0,120.33,Active,Mid (6-12 months),0
52408,0,17.0,Computer,Tier 1,8.0,Credit Card,Male,2.0,3,Fashion,3,Single,6,Complained,18.0,2.0,2.0,2.0,202.09,Active,Loyal (12+ months),2
52409,0,2.0,Mobile Phone,Tier 3,25.0,Debit Card,Male,3.0,4,Laptop & Accessory,3,Married,2,No Complaint,14.0,1.0,1.0,4.0,186.2,Active,New (0-6 months),0
52410,0,9.0,Phone,Tier 2,7.0,Debit Card,Male,2.0,3,Mobile,3,Married,1,No Complaint,21.0,0.0,1.0,3.0,120.64,Active,Mid (6-12 months),0
52411,0,28.0,Phone,Tier 1,10.0,Debit Card,Male,1.0,3,Laptop & Accessory,3,Married,1,Complained,16.0,1.0,1.0,2.0,140.35,Active,Loyal (12+ months),2
52412,0,6.0,Phone,Tier 1,10.0,Credit Card,Female,2.0,4,Mobile Phone,4,Married,9,No Complaint,11.0,1.0,1.0,2.0,138.38,Active,New (0-6 months),0
52413,0,20.0,Phone,Tier 3,20.0,Credit Card,Female,3.0,3,Laptop & Accessory,3,Married,4,Complained,17.0,1.0,1.0,2.0,145.91,Active,Loyal (12+ months),2
52414,1,0.0,Computer,Tier 1,14.0,CC,Male,2.0,4,Mobile,5,Single,8,No Complaint,11.0,1.0,1.0,0.0,125.61,Churned,New (0-6 months),0
52415,0,9.0,Mobile Phone,Tier 1,7.0,Debit Card,Male,3.0,4,Mobile Phone,3,Married,2,No Complaint,14.0,0.0,1.0,0.0,115.63,Active,Mid (6-12 months),0
52416,0,1.0,Computer,Tier 3,13.0,Debit Card,Male,2.0,3,Laptop & Accessory,5,Single,1,No Complaint,14.0,1.0,1.0,3.0,148.98,Active,New (0-6 months),0
52417,0,22.0,Phone,Tier 1,9.0,Credit Card,Female,2.0,4,Laptop & Accessory,5,Married,5,No Complaint,25.0,0.0,1.0,2.0,147.89,Active,Loyal (12+ months),0
52418,0,2.0,Computer,Tier 1,8.0,Debit Card,Female,3.0,3,Mobile,4,Married,1,No Complaint,13.0,1.0,1.0,2.0,131.8,Active,New (0-6 months),0
52419,0,1.0,Mobile Phone,Tier 1,35.0,Debit Card,Male,3.0,5,Laptop & Accessory,4,Married,2,No Complaint,14.0,0.0,1.0,7.0,165.49,Active,New (0-6 months),0
52420,0,6.0,Mobile Phone,Tier 1,14.0,Debit Card,Male,3.0,3,Laptop & Accessory,3,Single,3,Complained,17.0,1.0,1.0,0.0,163.88,Active,New (0-6 months),2
52421,0,5.0,Mobile Phone,Tier 1,16.0,Credit Card,Male,3.0,3,Fashion,1,Single,3,No Complaint,25.0,0.0,1.0,3.0,212.44,Active,New (0-6 months),1
52422,0,27.0,Computer,Tier 1,17.0,Credit Card,Female,2.0,3,Grocery,1,Married,4,No Complaint,20.0,0.0,2.0,12.0,260.32,Active,Loyal (12+ months),1
52423,1,0.0,Phone,Tier 1,14.0,COD,Male,3.0,4,Mobile,5,Single,7,No Complaint,13.0,1.0,1.0,7.0,123.62,Churned,New (0-6 months),0
52424,0,17.0,Mobile Phone,Tier 1,34.0,Debit Card,Male,2.0,3,Grocery,5,Married,4,No Complaint,13.0,1.0,14.0,17.0,263.28,Active,Loyal (12+ months),0
52425,0,12.0,Mobile Phone,Tier 1,12.0,Debit Card,Female,2.0,3,Fashion,4,Single,5,No Complaint,18.0,2.0,2.0,2.0,183.76,Active,Mid (6-12 months),0
52426,0,19.0,Mobile Phone,Tier 3,9.0,Debit Card,Female,2.0,3,Grocery,4,Married,9,No Complaint,12.0,1.0,5.0,1.0,266.06,Active,Loyal (12+ months),0
52427,0,8.0,Mobile Phone,Tier 1,22.0,Debit Card,Female,3.0,4,Fashion,4,Single,2,No Complaint,19.0,3.0,3.0,3.0,186.06,Active,Mid (6-12 months),0
52428,0,9.0,Phone,Tier 1,26.0,Debit Card,Male,3.0,3,Laptop & Accessory,3,Single,1,No Complaint,14.0,1.0,1.0,2.0,122.72,Active,Mid (6-12 months),0
52429,1,9.0,Mobile Phone,Tier 1,15.0,Debit Card,Male,2.0,3,Mobile,5,Single,4,No Complaint,14.0,1.0,1.0,0.0,120.18,Churned,Mid (6-12 months),0
52430,0,7.0,Mobile Phone,Tier 3,7.0,COD,Male,3.0,4,Fashion,3,Married,2,Complained,14.0,7.0,8.0,6.0,170.83,Active,Mid (6-12 months),2
52431,1,0.0,Computer,Tier 1,9.0,Debit Card,Female,2.0,3,Mobile Phone,3,Single,2,No Complaint,12.0,2.0,7.0,7.0,140.84,Churned,New (0-6 months),0
52432,0,23.0,Computer,Tier 1,28.0,Credit Card,Male,2.0,5,Grocery,1,Single,2,Complained,13.0,1.0,2.0,9.0,244.11,Active,Loyal (12+ months),3
52433,0,9.0,Phone,Tier 3,13.0,COD,Male,2.0,3,Mobile,3,Married,1,Complained,25.0,3.0,5.0,7.0,123.08,Active,Mid (6-12 months),2
52434,0,15.0,Phone,Tier 1,8.0,Credit Card,Male,3.0,4,Mobile Phone,4,Married,5,No Complaint,14.0,0.0,1.0,0.0,148.41,Active,Loyal (12+ months),0
52435,0,10.0,Phone,Tier 1,19.0,Credit Card,Male,2.0,3,Laptop & Accessory,1,Married,2,No Complaint,17.0,2.0,3.0,7.0,142.85,Active,Mid (6-12 months),1
52436,0,2.0,Mobile Phone,Tier 1,14.0,UPI,Female,2.0,5,Laptop & Accessory,5,Married,4,No Complaint,13.0,1.0,1.0,7.0,197.15,Active,New (0-6 months),0
52437,0,6.0,Phone,Tier 1,31.0,Debit Card,Male,2.0,4,Laptop & Accessory,4,Single,2,No Complaint,13.0,1.0,1.0,2.0,143.2,Active,New (0-6 months),0
52438,0,9.0,Phone,Tier 1,34.0,Cash on Delivery,Male,3.0,3,Mobile,1,Married,5,No Complaint,20.0,1.0,1.0,3.0,121.32,Active,Mid (6-12 months),1
52439,0,15.0,Computer,Tier 1,8.0,Debit Card,Male,2.0,3,Fashion,1,Married,3,Complained,14.0,4.0,13.0,9.0,201.24,Active,Loyal (12+ months),3
52440,0,13.0,Mobile Phone,Tier 3,15.0,Credit Card,Male,2.0,3,Laptop & Accessory,5,Married,1,No Complaint,12.0,7.0,7.0,1.0,154.73,Active,Loyal (12+ months),0
52441,0,6.0,Mobile Phone,Tier 1,34.0,Debit Card,Male,3.0,3,Laptop & Accessory,3,Married,2,Complained,12.0,4.0,5.0,7.0,152.07,Active,New (0-6 months),2
52442,0,13.0,Mobile Phone,Tier 2,12.0,Credit Card,Male,2.0,3,Grocery,1,Single,2,Complained,21.0,1.0,7.0,7.0,264.37,Active,Loyal (12+ months),3
52443,0,9.0,Phone,Tier 1,27.0,COD,Male,2.0,4,Mobile,5,Married,1,No Complaint,14.0,0.0,1.0,0.0,122.96,Active,Mid (6-12 months),0
52444,0,13.0,Computer,Tier 1,14.0,Debit Card,Male,3.0,3,Laptop & Accessory,1,Married,4,Complained,18.0,1.0,2.0,2.0,140.69,Active,Loyal (12+ months),3
52445,0,18.0,Mobile Phone,Tier 1,7.0,COD,Male,3.0,3,Fashion,4,Married,2,No Complaint,12.0,3.0,7.0,7.0,174.41,Active,Loyal (12+ months),0
52446,0,8.0,Phone,Tier 3,14.0,Debit Card,Female,3.0,4,Mobile,3,Married,1,No Complaint,23.0,2.0,4.0,2.0,124.3,Active,Mid (6-12 months),0
52447,0,5.0,Mobile Phone,Tier 1,11.0,Debit Card,Female,3.0,4,Laptop & Accessory,4,Married,4,No Complaint,12.0,1.0,2.0,5.0,158.78,Active,New (0-6 months),0
52448,0,9.0,Phone,Tier 3,14.0,Debit Card,Male,3.0,3,Mobile,1,Single,4,Complained,21.0,1.0,1.0,2.0,126.44,Active,Mid (6-12 months),3
52449,0,21.0,Mobile Phone,Tier 3,22.0,Debit Card,Female,3.0,3,Laptop & Accessory,3,Married,9,No Complaint,14.0,7.0,7.0,7.0,164.39,Active,Loyal (12+ months),0
52450,0,2.0,Phone,Tier 1,14.0,Debit Card,Male,3.0,1,Mobile,3,Married,7,No Complaint,18.0,0.0,1.0,0.0,124.51,Active,New (0-6 months),0
52451,0,6.0,Mobile Phone,Tier 3,14.0,Debit Card,Male,2.0,3,Laptop & Accessory,5,Married,3,No Complaint,13.0,2.0,2.0,2.0,163.92,Active,New (0-6 months),0
52452,1,0.0,Mobile Phone,Tier 3,7.0,Debit Card,Male,3.0,4,Laptop & Accessory,5,Married,2,No Complaint,11.0,1.0,6.0,7.0,197.14,Churned,New (0-6 months),0
52453,0,11.0,Computer,Tier 2,16.0,UPI,Male,3.0,3,Laptop & Accessory,3,Married,4,No Complaint,11.0,0.0,1.0,2.0,160.77,Active,Mid (6-12 months),0
52454,0,8.0,Phone,Tier 1,14.0,CC,Male,3.0,4,Mobile,5,Single,2,No Complaint,19.0,1.0,1.0,2.0,124.5,Active,Mid (6-12 months),0
52455,0,7.0,Mobile Phone,Tier 3,35.0,COD,Male,2.0,3,Fashion,4,Married,4,No Complaint,12.0,1.0,1.0,3.0,192.5,Active,Mid (6-12 months),0
52456,1,9.0,Phone,Tier 1,8.0,Debit Card,Female,3.0,3,Mobile,5,Married,2,Complained,12.0,1.0,1.0,0.0,120.74,Churned,Mid (6-12 months),2
52457,1,16.0,Mobile Phone,Tier 1,8.0,Cash on Delivery,Female,3.0,4,Fashion,1,Married,1,No Complaint,16.0,0.0,1.0,9.0,201.69,Churned,Loyal (12+ months),1
52458,1,1.0,Phone,Tier 1,8.0,Credit Card,Male,2.0,3,Laptop & Accessory,4,Married,5,No Complaint,11.0,1.0,1.0,4.0,148.55,Churned,New (0-6 months),0
52459,0,5.0,Computer,Tier 1,7.0,COD,Male,3.0,3,Laptop & Accessory,5,Married,5,No Complaint,14.0,0.0,1.0,2.0,140.87,Active,New (0-6 months),0
52460,0,21.0,Phone,Tier 1,14.0,UPI,Female,3.0,3,Mobile,5,Married,9,No Complaint,12.0,6.0,7.0,6.0,123.67,Active,Loyal (12+ months),0
52461,0,7.0,Phone,Tier 1,13.0,CC,Male,3.0,3,Mobile,1,Single,2,No Complaint,13.0,0.0,1.0,0.0,129.72,Active,Mid (6-12 months),1
52462,0,28.0,Mobile Phone,Tier 3,32.0,E wallet,Male,2.0,4,Others,1,Married,2,No Complaint,15.0,0.0,2.0,13.0,295.86,Active,Loyal (12+ months),1
52463,0,7.0,Mobile Phone,Tier 1,7.0,Debit Card,Male,2.0,3,Laptop & Accessory,1,Married,10,No Complaint,17.0,0.0,2.0,1.0,154.84,Active,Mid (6-12 months),1
52464,0,9.0,Phone,Tier 1,9.0,Debit Card,Female,2.0,3,Mobile,1,Married,2,No Complaint,21.0,1.0,1.0,0.0,120.61,Active,Mid (6-12 months),1
52465,0,11.0,Mobile Phone,Tier 3,20.0,Debit Card,Male,3.0,3,Laptop & Accessory,4,Married,1,No Complaint,11.0,3.0,7.0,7.0,199.24,Active,Mid (6-12 months),0
52466,0,11.0,Phone,Tier 3,22.0,Debit Card,Female,2.0,3,Laptop & Accessory,4,Single,3,No Complaint,12.0,1.0,1.0,2.0,141.98,Active,Mid (6-12 months),0
52467,0,9.0,Mobile Phone,Tier 3,7.0,Debit Card,Female,3.0,3,Laptop & Accessory,3,Single,7,No Complaint,13.0,1.0,1.0,0.0,168.15,Active,Mid (6-12 months),0
52468,0,2.0,Phone,Tier 1,9.0,Credit Card,Male,2.0,3,Mobile Phone,5,Single,2,Complained,18.0,0.0,1.0,5.0,147.23,Active,New (0-6 months),2
52469,0,8.0,Mobile Phone,Tier 1,16.0,Credit Card,Female,2.0,3,Laptop & Accessory,3,Single,4,Complained,16.0,0.0,1.0,4.0,161.42,Active,Mid (6-12 months),2
52470,0,12.0,Mobile Phone,Tier 3,12.0,Credit Card,Male,2.0,1,Fashion,3,Married,3,No Complaint,11.0,3.0,7.0,6.0,182.37,Active,Mid (6-12 months),0
52471,0,2.0,Computer,Tier 1,8.0,Debit Card,Male,2.0,3,Laptop & Accessory,1,Married,2,No Complaint,19.0,1.0,1.0,3.0,188.53,Active,New (0-6 months),1
52472,0,23.0,Mobile Phone,Tier 3,15.0,E wallet,Male,2.0,3,Others,3,Married,5,Complained,15.0,0.0,1.0,0.0,293.31,Active,Loyal (12+ months),2
52473,0,9.0,Phone,Tier 1,16.0,Cash on Delivery,Male,2.0,1,Mobile,3,Married,3,No Complaint,16.0,0.0,2.0,2.0,120.73,Active,Mid (6-12 months),0
52474,0,9.0,Computer,Tier 1,12.0,Debit Card,Male,3.0,1,Laptop & Accessory,5,Married,4,Complained,13.0,0.0,1.0,2.0,155.62,Active,Mid (6-12 months),2
52475,0,15.0,Mobile Phone,Tier 1,15.0,UPI,Male,3.0,4,Others,1,Single,9,No Complaint,15.0,1.0,1.0,1.0,296.13,Active,Loyal (12+ months),1
52476,0,8.0,Phone,Tier 1,34.0,Debit Card,Male,2.0,1,Laptop & Accessory,3,Married,2,No Complaint,17.0,6.0,6.0,8.0,134.07,Active,Mid (6-12 months),0
52477,0,7.0,Computer,Tier 1,16.0,COD,Male,3.0,4,Laptop & Accessory,3,Married,2,No Complaint,14.0,1.0,7.0,7.0,150.63,Active,Mid (6-12 months),0
52478,0,13.0,Phone,Tier 3,20.0,Debit Card,Female,2.0,3,Laptop & Accessory,5,Married,2,No Complaint,15.0,0.0,1.0,2.0,146.39,Active,Loyal (12+ months),0
52479,0,16.0,Phone,Tier 1,33.0,COD,Male,2.0,1,Mobile Phone,4,Married,6,No Complaint,12.0,1.0,1.0,2.0,148.76,Active,Loyal (12+ months),0
52480,0,8.0,Phone,Tier 1,13.0,Debit Card,Male,3.0,4,Mobile,1,Married,2,No Complaint,18.0,1.0,1.0,1.0,126.9,Active,Mid (6-12 months),1
52481,0,19.0,Mobile Phone,Tier 3,7.0,Debit Card,Male,2.0,1,Grocery,5,Single,2,No Complaint,15.0,1.0,1.0,12.0,275.67,Active,Loyal (12+ months),0
52482,1,0.0,Phone,Tier 1,14.0,CC,Male,2.0,3,Mobile,4,Married,2,Complained,17.0,0.0,1.0,0.0,124.08,Churned,New (0-6 months),2
52483,0,0.0,Computer,Tier 1,32.0,UPI,Female,3.0,4,Mobile,3,Married,2,Complained,14.0,1.0,1.0,3.0,128.14,Active,New (0-6 months),2
52484,0,23.0,Computer,Tier 1,26.0,Credit Card,Male,2.0,3,Grocery,3,Married,3,Complained,15.0,0.0,12.0,3.0,212.45,Active,Loyal (12+ months),2
52485,0,5.0,Phone,Tier 1,11.0,UPI,Female,2.0,1,Mobile,1,Married,4,No Complaint,17.0,1.0,1.0,2.0,133.12,Active,New (0-6 months),1
52486,0,17.0,Mobile Phone,Tier 1,13.0,Credit Card,Female,2.0,3,Others,1,Married,1,Complained,14.0,1.0,1.0,10.0,290.49,Active,Loyal (12+ months),3
52487,0,9.0,Phone,Tier 1,13.0,CC,Male,2.0,4,Mobile,4,Married,2,No Complaint,12.0,1.0,1.0,1.0,121.41,Active,Mid (6-12 months),0
52488,0,18.0,Mobile Phone,Tier 1,11.0,Credit Card,Female,2.0,5,Laptop & Accessory,5,Single,2,Complained,14.0,0.0,1.0,4.0,157.69,Active,Loyal (12+ months),2
52489,0,18.0,Computer,Tier 3,32.0,E wallet,Male,2.0,4,Laptop & Accessory,5,Married,2,No Complaint,15.0,3.0,4.0,5.0,143.85,Active,Loyal (12+ months),0
52490,0,4.0,Computer,Tier 3,8.0,UPI,Male,2.0,3,Laptop & Accessory,5,Single,8,No Complaint,13.0,1.0,1.0,3.0,153.32,Active,New (0-6 months),0
52491,0,9.0,Phone,Tier 1,18.0,Debit Card,Female,3.0,3,Laptop & Accessory,3,Married,10,Complained,12.0,0.0,1.0,1.0,146.63,Active,Mid (6-12 months),2
52492,0,7.0,Computer,Tier 1,16.0,Debit Card,Male,2.0,1,Laptop & Accessory,1,Married,2,No Complaint,13.0,3.0,7.0,2.0,147.24,Active,Mid (6-12 months),1
52493,0,22.0,Phone,Tier 1,31.0,Debit Card,Female,2.0,3,Mobile,5,Married,2,No Complaint,14.0,1.0,1.0,4.0,132.11,Active,Loyal (12+ months),0
52494,0,12.0,Mobile Phone,Tier 1,16.0,Credit Card,Male,3.0,3,Laptop & Accessory,5,Married,3,No Complaint,13.0,3.0,7.0,7.0,153.77,Active,Mid (6-12 months),0
52495,0,0.0,Phone,Tier 1,25.0,UPI,Male,3.0,4,Mobile Phone,5,Married,2,No Complaint,11.0,0.0,1.0,7.0,140.66,Active,New (0-6 months),0
52496,0,8.0,Mobile Phone,Tier 1,24.0,Debit Card,Male,2.0,1,Laptop & Accessory,5,Married,2,No Complaint,11.0,1.0,1.0,10.0,152.08,Active,Mid (6-12 months),0
52497,0,1.0,Phone,Tier 1,33.0,Credit Card,Female,2.0,5,Laptop & Accessory,5,Married,1,No Complaint,21.0,1.0,1.0,0.0,148.77,Active,New (0-6 months),0
52498,0,0.0,Phone,Tier 1,11.0,CC,Male,3.0,3,Mobile,1,Single,2,No Complaint,18.0,0.0,2.0,2.0,131.17,Active,New (0-6 months),1
52499,1,9.0,Computer,Tier 3,9.0,Credit Card,Female,3.0,3,Mobile Phone,1,Single,2,Complained,12.0,1.0,1.0,0.0,115.69,Churned,Mid (6-12 months),3
52500,0,20.0,Mobile Phone,Tier 2,32.0,Debit Card,Female,3.0,3,Others,3,Married,4,No Complaint,15.0,1.0,1.0,0.0,296.58,Active,Loyal (12+ months),0
52501,0,12.0,Phone,Tier 1,9.0,CC,Male,3.0,4,Laptop & Accessory,3,Married,1,No Complaint,15.0,0.0,1.0,7.0,130.69,Active,Mid (6-12 months),0
52502,0,13.0,Mobile Phone,Tier 1,21.0,Debit Card,Female,3.0,4,Fashion,3,Married,2,No Complaint,13.0,6.0,14.0,12.0,204.35,Active,Loyal (12+ months),0
52503,0,8.0,Computer,Tier 1,14.0,Debit Card,Female,2.0,3,Laptop & Accessory,3,Married,2,No Complaint,12.0,0.0,2.0,9.0,141.48,Active,Mid (6-12 months),0
52504,0,10.0,Mobile Phone,Tier 1,25.0,Debit Card,Male,2.0,3,Laptop & Accessory,3,Married,4,No Complaint,17.0,0.0,1.0,2.0,157.68,Active,Mid (6-12 months),0
52505,0,12.0,Computer,Tier 1,10.0,Credit Card,Female,2.0,3,Laptop & Accessory,3,Single,1,No Complaint,13.0,3.0,3.0,8.0,150.42,Active,Mid (6-12 months),0
52506,0,18.0,Mobile Phone,Tier 1,8.0,UPI,Female,2.0,4,Laptop & Accessory,1,Married,2,No Complaint,19.0,3.0,3.0,9.0,157.7,Active,Loyal (12+ months),1
52507,0,11.0,Mobile Phone,Tier 1,8.0,Credit Card,Female,2.0,4,Fashion,3,Married,4,Complained,19.0,0.0,1.0,2.0,177.56,Active,Mid (6-12 months),2
52508,1,0.0,Mobile Phone,Tier 3,16.0,Credit Card,Male,2.0,4,Fashion,5,Married,10,No Complaint,17.0,0.0,6.0,0.0,203.06,Churned,New (0-6 months),0
52509,0,10.0,Phone,Tier 1,16.0,Credit Card,Female,3.0,3,Mobile Phone,4,Married,2,No Complaint,11.0,4.0,7.0,7.0,139.36,Active,Mid (6-12 months),0
52510,0,13.0,Mobile Phone,Tier 1,22.0,Debit Card,Female,2.0,3,Fashion,1,Single,7,Complained,15.0,3.0,3.0,3.0,179.45,Active,Loyal (12+ months),3
52511,0,17.0,Computer,Tier 2,7.0,UPI,Male,2.0,3,Laptop & Accessory,1,Married,5,Complained,11.0,1.0,1.0,2.0,157.43,Active,Loyal (12+ months),3
52512,0,21.0,Computer,Tier 1,10.0,Credit Card,Male,2.0,4,Grocery,1,Married,3,No Complaint,25.0,0.0,2.0,2.0,252.02,Active,Loyal (12+ months),1
52513,1,0.0,Mobile Phone,Tier 3,21.0,Credit Card,Male,2.0,5,Laptop & Accessory,1,Married,7,Complained,14.0,0.0,2.0,2.0,154.4,Churned,New (0-6 months),3
52514,0,0.0,Computer,Tier 1,8.0,COD,Female,2.0,3,Mobile Phone,1,Single,2,Complained,13.0,0.0,1.0,3.0,137.6,Active,New (0-6 months),3
52515,0,0.0,Phone,Tier 1,14.0,Credit Card,Female,2.0,1,Mobile,3,Married,8,No Complaint,17.0,0.0,1.0,2.0,135.17,Active,New (0-6 months),0
52516,0,0.0,Computer,Tier 1,14.0,CC,Male,2.0,3,Mobile,1,Single,3,No Complaint,13.0,0.0,1.0,2.0,125.8,Active,New (0-6 months),1
52517,1,9.0,Phone,Tier 1,13.0,Debit Card,Male,3.0,3,Mobile,5,Single,4,Complained,14.0,0.0,1.0,3.0,121.66,Churned,Mid (6-12 months),2
52518,0,2.0,Mobile Phone,Tier 3,16.0,Credit Card,Male,2.0,4,Laptop & Accessory,3,Single,10,No Complaint,11.0,1.0,1.0,4.0,158.69,Active,New (0-6 months),0
52519,0,9.0,Mobile Phone,Tier 1,11.0,Debit Card,Female,2.0,3,Fashion,5,Married,5,No Complaint,12.0,1.0,1.0,2.0,180.08,Active,Mid (6-12 months),0
52520,0,0.0,Computer,Tier 1,8.0,Debit Card,Male,3.0,1,Laptop & Accessory,3,Married,2,No Complaint,17.0,1.0,1.0,7.0,152.06,Active,New (0-6 months),0
52521,0,12.0,Mobile Phone,Tier 1,18.0,Credit Card,Male,3.0,3,Laptop & Accessory,4,Married,5,No Complaint,21.0,1.0,1.0,0.0,152.95,Active,Mid (6-12 months),0
52522,0,22.0,Mobile Phone,Tier 1,28.0,UPI,Female,3.0,3,Grocery,4,Married,4,No Complaint,16.0,1.0,1.0,2.0,264.13,Active,Loyal (12+ months),0
52523,0,23.0,Mobile Phone,Tier 1,23.0,Debit Card,Female,2.0,4,Fashion,5,Married,6,No Complaint,15.0,0.0,2.0,11.0,232.69,Active,Loyal (12+ months),0
52524,0,0.0,Phone,Tier 3,8.0,CC,Female,3.0,3,Mobile,3,Single,2,No Complaint,19.0,0.0,2.0,2.0,127.83,Active,New (0-6 months),0
52525,0,7.0,Mobile Phone,Tier 1,9.0,Debit Card,Female,3.0,3,Laptop & Accessory,4,Married,2,No Complaint,12.0,1.0,7.0,9.0,154.33,Active,Mid (6-12 months),0
52526,0,9.0,Mobile Phone,Tier 1,13.0,Debit Card,Male,3.0,3,Mobile,4,Single,3,No Complaint,11.0,0.0,1.0,3.0,120.13,Active,Mid (6-12 months),0
52527,0,22.0,Mobile Phone,Tier 1,12.0,Debit Card,Female,2.0,4,Grocery,3,Married,3,Complained,19.0,2.0,2.0,12.0,239.66000000000005,Active,Loyal (12+ months),2
52528,0,9.0,Computer,Tier 1,7.0,Credit Card,Female,2.0,4,Laptop & Accessory,3,Married,1,No Complaint,15.0,0.0,1.0,2.0,143.74,Active,Mid (6-12 months),0
52529,0,9.0,Mobile Phone,Tier 1,9.0,Debit Card,Male,3.0,1,Laptop & Accessory,5,Married,7,No Complaint,20.0,0.0,1.0,4.0,168.42,Active,Mid (6-12 months),0
52530,0,27.0,Mobile Phone,Tier 1,28.0,Credit Card,Female,3.0,3,Grocery,3,Married,4,No Complaint,25.0,1.0,4.0,7.0,274.26,Active,Loyal (12+ months),0
52531,0,16.0,Mobile Phone,Tier 1,21.0,Debit Card,Male,3.0,4,Grocery,3,Married,2,No Complaint,24.0,1.0,6.0,11.0,276.03,Active,Loyal (12+ months),0
52532,1,0.0,Computer,Tier 3,18.0,UPI,Male,2.0,3,Laptop & Accessory,1,Single,4,Complained,24.0,5.0,6.0,7.0,145.81,Churned,New (0-6 months),3
52533,0,11.0,Computer,Tier 1,7.0,Debit Card,Male,2.0,3,Laptop & Accessory,1,Married,8,No Complaint,15.0,1.0,2.0,9.0,147.35,Active,Mid (6-12 months),1
52534,0,2.0,Phone,Tier 3,11.0,Credit Card,Male,2.0,4,Laptop & Accessory,4,Married,2,Complained,13.0,0.0,1.0,9.0,141.87,Active,New (0-6 months),2
52535,0,6.0,Mobile Phone,Tier 3,8.0,Credit Card,Male,3.0,3,Laptop & Accessory,1,Married,2,No Complaint,14.0,1.0,1.0,4.0,155.05,Active,New (0-6 months),1
52536,0,5.0,Mobile Phone,Tier 1,8.0,Credit Card,Male,2.0,3,Laptop & Accessory,4,Married,1,No Complaint,13.0,1.0,1.0,6.0,154.7,Active,New (0-6 months),0
52537,0,4.0,Mobile Phone,Tier 3,11.0,Debit Card,Female,3.0,3,Laptop & Accessory,1,Married,2,No Complaint,11.0,0.0,1.0,2.0,154.76,Active,New (0-6 months),1
52538,0,22.0,Phone,Tier 1,14.0,CC,Female,3.0,3,Mobile,5,Married,5,Complained,16.0,0.0,2.0,2.0,125.87,Active,Loyal (12+ months),2
52539,0,11.0,Computer,Tier 1,14.0,CC,Female,2.0,4,Mobile,4,Single,2,No Complaint,22.0,0.0,3.0,3.0,124.4,Active,Mid (6-12 months),0
52540,0,20.0,Mobile Phone,Tier 3,8.0,Debit Card,Female,2.0,1,Grocery,4,Married,7,No Complaint,14.0,1.0,2.0,2.0,259.72,Active,Loyal (12+ months),0
52541,0,22.0,Mobile Phone,Tier 1,7.0,Debit Card,Male,2.0,3,Grocery,3,Single,5,No Complaint,14.0,1.0,2.0,0.0,253.79,Active,Loyal (12+ months),0
52542,0,14.0,Mobile Phone,Tier 3,29.0,Debit Card,Male,3.0,3,Fashion,3,Single,4,Complained,16.0,0.0,1.0,2.0,170.82,Active,Loyal (12+ months),2
52543,0,0.0,Phone,Tier 3,15.0,Debit Card,Male,3.0,3,Mobile,5,Single,2,No Complaint,11.0,0.0,1.0,2.0,127.28,Active,New (0-6 months),0
52544,0,6.0,Computer,Tier 3,22.0,Debit Card,Female,2.0,3,Laptop & Accessory,1,Married,2,Complained,25.0,0.0,1.0,2.0,153.68,Active,New (0-6 months),3
52545,0,9.0,Mobile Phone,Tier 1,32.0,Debit Card,Male,3.0,3,Laptop & Accessory,3,Married,7,No Complaint,14.0,1.0,1.0,2.0,153.47,Active,Mid (6-12 months),0
52546,0,17.0,Phone,Tier 2,7.0,Debit Card,Female,2.0,3,Mobile,1,Married,5,Complained,18.0,2.0,2.0,2.0,131.95,Active,Loyal (12+ months),3
52547,1,0.0,Phone,Tier 1,14.0,Credit Card,Male,3.0,4,Mobile Phone,3,Single,2,Complained,11.0,1.0,1.0,2.0,139.89,Churned,New (0-6 months),2
52548,0,11.0,Phone,Tier 1,10.0,CC,Female,2.0,3,Mobile,3,Married,8,No Complaint,19.0,0.0,1.0,0.0,133.06,Active,Mid (6-12 months),0
52549,0,26.0,Mobile Phone,Tier 1,30.0,Credit Card,Male,2.0,1,Fashion,1,Married,4,No Complaint,15.0,0.0,1.0,2.0,170.05,Active,Loyal (12+ months),1
52550,1,11.0,Computer,Tier 3,14.0,CC,Female,3.0,3,Mobile,3,Married,3,Complained,11.0,1.0,7.0,7.0,126.55,Churned,Mid (6-12 months),2
52551,1,9.0,Mobile Phone,Tier 1,8.0,Debit Card,Male,3.0,3,Mobile Phone,4,Single,2,No Complaint,12.0,0.0,1.0,0.0,113.93,Churned,Mid (6-12 months),0
52552,0,0.0,Computer,Tier 1,14.0,CC,Male,3.0,3,Mobile,1,Single,2,No Complaint,20.0,0.0,5.0,7.0,125.7,Active,New (0-6 months),1
52553,0,28.0,Phone,Tier 1,28.0,COD,Male,3.0,4,Mobile,4,Married,6,No Complaint,12.0,1.0,1.0,2.0,135.37,Active,Loyal (12+ months),0
52554,0,7.0,Phone,Tier 1,11.0,Credit Card,Male,2.0,4,Laptop & Accessory,1,Married,2,No Complaint,14.0,0.0,4.0,13.0,139.86,Active,Mid (6-12 months),1
52555,0,30.0,Mobile Phone,Tier 1,7.0,Credit Card,Male,3.0,5,Fashion,1,Married,4,No Complaint,20.0,1.0,1.0,0.0,208.83,Active,Loyal (12+ months),1
52556,0,9.0,Phone,Tier 1,27.0,CC,Male,3.0,1,Mobile,4,Married,2,No Complaint,18.0,0.0,2.0,13.0,120.28,Active,Mid (6-12 months),0
52557,0,10.0,Computer,Tier 3,7.0,Credit Card,Male,2.0,5,Laptop & Accessory,1,Married,2,No Complaint,14.0,1.0,1.0,3.0,195.25,Active,Mid (6-12 months),1
52558,0,7.0,Phone,Tier 1,25.0,Debit Card,Female,3.0,4,Mobile,1,Married,2,No Complaint,12.0,1.0,8.0,7.0,129.29,Active,Mid (6-12 months),1
52559,1,9.0,Phone,Tier 3,13.0,Debit Card,Male,3.0,3,Mobile,1,Married,2,Complained,21.0,1.0,1.0,2.0,122.75,Churned,Mid (6-12 months),3
52560,0,17.0,Mobile Phone,Tier 1,8.0,Debit Card,Female,3.0,1,Fashion,1,Married,2,Complained,19.0,1.0,6.0,7.0,178.79,Active,Loyal (12+ months),3
52561,0,8.0,Computer,Tier 1,8.0,Credit Card,Male,3.0,4,Mobile Phone,1,Single,1,Complained,14.0,1.0,1.0,4.0,149.3,Active,Mid (6-12 months),3
52562,0,16.0,Mobile Phone,Tier 3,8.0,Credit Card,Male,3.0,3,Laptop & Accessory,1,Married,2,Complained,17.0,3.0,8.0,8.0,178.47,Active,Loyal (12+ months),3
52563,0,0.0,Phone,Tier 1,15.0,Credit Card,Male,3.0,1,Mobile Phone,3,Married,2,No Complaint,16.0,0.0,1.0,4.0,144.01,Active,New (0-6 months),0
52564,0,14.0,Mobile Phone,Tier 3,12.0,E wallet,Male,2.0,3,Fashion,3,Single,2,No Complaint,12.0,3.0,8.0,7.0,192.41,Active,Loyal (12+ months),0
52565,0,2.0,Phone,Tier 1,15.0,CC,Female,3.0,3,Mobile,3,Married,10,No Complaint,17.0,0.0,1.0,2.0,129.74,Active,New (0-6 months),0
52566,0,9.0,Phone,Tier 3,8.0,Debit Card,Female,2.0,3,Laptop & Accessory,1,Single,4,No Complaint,15.0,6.0,6.0,7.0,145.02,Active,Mid (6-12 months),1
52567,0,18.0,Computer,Tier 1,7.0,Debit Card,Male,3.0,4,Fashion,3,Married,4,No Complaint,23.0,4.0,14.0,4.0,207.48,Active,Loyal (12+ months),0
52568,1,9.0,Mobile Phone,Tier 2,28.0,UPI,Male,2.0,5,Mobile Phone,3,Married,2,No Complaint,11.0,0.0,1.0,0.0,115.55,Churned,Mid (6-12 months),0
52569,1,10.0,Computer,Tier 3,15.0,Debit Card,Male,2.0,5,Grocery,3,Married,8,No Complaint,11.0,6.0,14.0,3.0,229.36,Churned,Mid (6-12 months),0
52570,0,9.0,Phone,Tier 1,23.0,CC,Male,3.0,5,Mobile,3,Married,2,No Complaint,15.0,1.0,1.0,2.0,123.05,Active,Mid (6-12 months),0
52571,0,18.0,Mobile Phone,Tier 1,34.0,Cash on Delivery,Female,2.0,4,Grocery,4,Single,2,No Complaint,11.0,1.0,8.0,6.0,267.04,Active,Loyal (12+ months),0
52572,0,5.0,Computer,Tier 1,16.0,Debit Card,Male,2.0,3,Mobile,3,Married,7,No Complaint,13.0,0.0,1.0,3.0,134.33,Active,New (0-6 months),0
52573,0,4.0,Phone,Tier 1,8.0,Debit Card,Male,3.0,3,Mobile,3,Married,2,No Complaint,14.0,1.0,1.0,3.0,134.77,Active,New (0-6 months),0
52574,0,14.0,Computer,Tier 2,10.0,UPI,Male,2.0,5,Laptop & Accessory,4,Married,7,No Complaint,19.0,0.0,1.0,2.0,164.3,Active,Loyal (12+ months),0
52575,0,13.0,Mobile Phone,Tier 1,14.0,Debit Card,Female,3.0,3,Laptop & Accessory,5,Married,3,Complained,16.0,1.0,1.0,0.0,165.16,Active,Loyal (12+ months),2
52576,0,0.0,Phone,Tier 1,35.0,Credit Card,Male,3.0,3,Mobile Phone,5,Married,2,No Complaint,13.0,1.0,1.0,2.0,139.07,Active,New (0-6 months),0
52577,0,19.0,Mobile Phone,Tier 1,19.0,Debit Card,Male,2.0,3,Laptop & Accessory,4,Single,7,No Complaint,14.0,1.0,1.0,9.0,155.62,Active,Loyal (12+ months),0
52578,0,8.0,Mobile Phone,Tier 1,33.0,Debit Card,Male,2.0,3,Laptop & Accessory,3,Married,3,No Complaint,16.0,1.0,1.0,7.0,168.83,Active,Mid (6-12 months),0
52579,0,3.0,Phone,Tier 1,22.0,Debit Card,Male,3.0,3,Mobile,1,Married,2,No Complaint,12.0,0.0,1.0,8.0,128.62,Active,New (0-6 months),1
52580,0,20.0,Computer,Tier 3,8.0,E wallet,Male,2.0,3,Laptop & Accessory,4,Married,8,No Complaint,11.0,0.0,1.0,0.0,149.78,Active,Loyal (12+ months),0
52581,0,19.0,Mobile Phone,Tier 3,8.0,Debit Card,Male,3.0,3,Fashion,1,Married,5,Complained,12.0,0.0,1.0,3.0,203.68,Active,Loyal (12+ months),3
52582,1,0.0,Mobile Phone,Tier 3,19.0,E wallet,Male,3.0,4,Laptop & Accessory,5,Married,6,Complained,13.0,1.0,2.0,2.0,161.34,Churned,New (0-6 months),2
52583,1,0.0,Mobile Phone,Tier 3,7.0,Debit Card,Male,2.0,5,Laptop & Accessory,4,Single,7,No Complaint,15.0,0.0,1.0,0.0,167.35,Churned,New (0-6 months),0
52584,0,0.0,Phone,Tier 1,10.0,CC,Female,2.0,3,Mobile,4,Single,2,No Complaint,13.0,0.0,1.0,2.0,132.95,Active,New (0-6 months),0
52585,0,4.0,Computer,Tier 1,30.0,COD,Female,1.0,3,Laptop & Accessory,1,Single,3,No Complaint,20.0,0.0,1.0,4.0,152.38,Active,New (0-6 months),1
52586,0,12.0,Computer,Tier 1,7.0,Debit Card,Male,3.0,3,Laptop & Accessory,1,Married,2,Complained,15.0,0.0,5.0,8.0,164.72,Active,Mid (6-12 months),3
52587,0,5.0,Mobile Phone,Tier 3,25.0,Debit Card,Male,3.0,5,Fashion,3,Married,4,No Complaint,13.0,0.0,1.0,2.0,196.1,Active,New (0-6 months),0
52588,0,13.0,Mobile Phone,Tier 3,13.0,Credit Card,Male,2.0,3,Others,4,Single,2,No Complaint,15.0,12.0,12.0,8.0,298.33,Active,Loyal (12+ months),0
52589,0,18.0,Mobile Phone,Tier 2,10.0,Debit Card,Female,2.0,5,Fashion,3,Married,5,No Complaint,21.0,1.0,1.0,3.0,197.56,Active,Loyal (12+ months),0
52590,0,3.0,Computer,Tier 1,8.0,COD,Female,3.0,4,Mobile Phone,5,Single,1,No Complaint,16.0,0.0,1.0,7.0,149.68,Active,New (0-6 months),0
52591,0,9.0,Computer,Tier 2,16.0,CC,Male,2.0,3,Mobile,1,Married,1,No Complaint,14.0,0.0,2.0,1.0,121.45,Active,Mid (6-12 months),1
52592,1,9.0,Computer,Tier 2,14.0,UPI,Female,3.0,4,Mobile,1,Married,7,No Complaint,11.0,1.0,1.0,2.0,121.8,Churned,Mid (6-12 months),1
52593,0,4.0,Mobile Phone,Tier 3,11.0,COD,Male,2.0,3,Laptop & Accessory,3,Married,2,No Complaint,19.0,1.0,1.0,2.0,183.46,Active,New (0-6 months),0
52594,0,0.0,Phone,Tier 1,14.0,CC,Female,3.0,3,Mobile,1,Single,2,No Complaint,11.0,0.0,1.0,4.0,134.45,Active,New (0-6 months),1
52595,1,0.0,Phone,Tier 3,15.0,E wallet,Female,3.0,5,Mobile,4,Single,2,No Complaint,13.0,2.0,2.0,2.0,127.6,Churned,New (0-6 months),0
52596,0,2.0,Computer,Tier 1,7.0,Debit Card,Male,3.0,1,Laptop & Accessory,3,Single,9,Complained,12.0,1.0,1.0,2.0,162.94,Active,New (0-6 months),2
52597,0,3.0,Mobile Phone,Tier 3,21.0,E wallet,Male,3.0,4,Fashion,5,Married,3,No Complaint,11.0,1.0,1.0,7.0,171.4,Active,New (0-6 months),0
52598,0,7.0,Phone,Tier 1,8.0,CC,Male,3.0,1,Mobile,1,Married,1,Complained,14.0,1.0,1.0,2.0,129.32,Active,Mid (6-12 months),3
52599,0,6.0,Computer,Tier 3,8.0,E wallet,Female,3.0,3,Laptop & Accessory,4,Single,9,No Complaint,15.0,1.0,1.0,7.0,151.47,Active,New (0-6 months),0
52600,0,22.0,Phone,Tier 3,17.0,E wallet,Female,3.0,3,Laptop & Accessory,1,Single,4,No Complaint,12.0,0.0,1.0,4.0,145.07,Active,Loyal (12+ months),1
52601,1,0.0,Mobile Phone,Tier 3,22.0,Debit Card,Female,3.0,3,Fashion,5,Single,3,Complained,20.0,1.0,1.0,0.0,185.64,Churned,New (0-6 months),2
52602,0,11.0,Computer,Tier 1,14.0,CC,Female,3.0,4,Mobile,4,Married,5,No Complaint,14.0,0.0,1.0,5.0,124.68,Active,Mid (6-12 months),0
52603,1,0.0,Mobile Phone,Tier 3,22.0,E wallet,Male,3.0,3,Fashion,3,Married,3,No Complaint,13.0,0.0,1.0,0.0,181.61,Churned,New (0-6 months),0
52604,0,9.0,Phone,Tier 1,10.0,Cash on Delivery,Female,3.0,4,Mobile,5,Married,2,No Complaint,13.0,0.0,1.0,0.0,121.09,Active,Mid (6-12 months),0
52605,0,3.0,Mobile Phone,Tier 1,22.0,Debit Card,Male,2.0,1,Laptop & Accessory,3,Married,4,No Complaint,16.0,1.0,1.0,7.0,152.94,Active,New (0-6 months),0
52606,0,5.0,Computer,Tier 1,11.0,COD,Male,3.0,3,Mobile,4,Single,3,No Complaint,14.0,1.0,1.0,7.0,127.18,Active,New (0-6 months),0
52607,0,11.0,Mobile Phone,Tier 1,24.0,Credit Card,Male,2.0,5,Laptop & Accessory,1,Married,4,Complained,16.0,0.0,1.0,0.0,158.11,Active,Mid (6-12 months),3
52608,1,6.0,Computer,Tier 1,14.0,COD,Male,2.0,4,Mobile,3,Married,10,Complained,16.0,1.0,1.0,0.0,124.37,Churned,New (0-6 months),2
52609,0,15.0,Phone,Tier 1,18.0,CC,Male,3.0,3,Mobile,4,Married,9,No Complaint,22.0,1.0,1.0,4.0,127.66,Active,Loyal (12+ months),0
52610,0,28.0,Mobile Phone,Tier 1,8.0,Credit Card,Male,2.0,4,Others,5,Married,9,No Complaint,12.0,1.0,1.0,0.0,290.38,Active,Loyal (12+ months),0
52611,0,6.0,Computer,Tier 1,10.0,COD,Male,3.0,3,Laptop & Accessory,4,Married,6,No Complaint,15.0,0.0,1.0,7.0,130.55,Active,New (0-6 months),0
52612,0,9.0,Phone,Tier 1,15.0,Debit Card,Male,3.0,3,Mobile,5,Married,2,No Complaint,20.0,0.0,1.0,4.0,122.89,Active,Mid (6-12 months),0
52613,0,7.0,Computer,Tier 3,16.0,Debit Card,Male,2.0,3,Laptop & Accessory,3,Married,2,Complained,14.0,1.0,1.0,7.0,140.01,Active,Mid (6-12 months),2
52614,0,26.0,Computer,Tier 1,7.0,Credit Card,Female,2.0,4,Grocery,3,Married,5,Complained,20.0,1.0,1.0,3.0,229.65,Active,Loyal (12+ months),2
52615,0,16.0,Phone,Tier 2,8.0,Debit Card,Male,3.0,3,Mobile,1,Single,1,No Complaint,13.0,1.0,1.0,8.0,135.39,Active,Loyal (12+ months),1
52616,0,7.0,Mobile Phone,Tier 3,9.0,Debit Card,Female,2.0,5,Laptop & Accessory,1,Single,6,No Complaint,12.0,2.0,2.0,2.0,160.29,Active,Mid (6-12 months),1
52617,1,0.0,Phone,Tier 3,13.0,E wallet,Male,3.0,3,Mobile,4,Single,2,No Complaint,13.0,0.0,1.0,0.0,126.79,Churned,New (0-6 months),0
52618,0,11.0,Phone,Tier 1,12.0,UPI,Female,2.0,4,Mobile Phone,3,Married,2,No Complaint,11.0,1.0,1.0,4.0,137.02,Active,Mid (6-12 months),0
52619,1,0.0,Phone,Tier 1,14.0,CC,Female,3.0,3,Mobile,5,Married,2,Complained,17.0,0.0,1.0,0.0,123.98,Churned,New (0-6 months),2
52620,0,4.0,Mobile Phone,Tier 3,35.0,E wallet,Female,3.0,4,Laptop & Accessory,1,Married,2,No Complaint,14.0,0.0,5.0,7.0,154.68,Active,New (0-6 months),1
52621,0,24.0,Mobile Phone,Tier 1,9.0,Cash on Delivery,Female,2.0,3,Fashion,3,Married,3,No Complaint,11.0,2.0,2.0,3.0,231.16000000000005,Active,Loyal (12+ months),0
52622,0,10.0,Phone,Tier 3,15.0,E wallet,Male,2.0,4,Laptop & Accessory,4,Married,2,No Complaint,14.0,1.0,1.0,3.0,141.89,Active,Mid (6-12 months),0
52623,0,19.0,Mobile Phone,Tier 1,8.0,Credit Card,Male,2.0,3,Others,1,Married,8,Complained,15.0,2.0,2.0,2.0,293.28,Active,Loyal (12+ months),3
52624,0,9.0,Mobile Phone,Tier 1,16.0,Debit Card,Male,2.0,3,Fashion,5,Married,8,Complained,13.0,2.0,5.0,7.0,183.21,Active,Mid (6-12 months),2
52625,1,7.0,Computer,Tier 1,14.0,CC,Male,3.0,3,Mobile,4,Married,2,Complained,12.0,2.0,2.0,3.0,123.42,Churned,Mid (6-12 months),2
52626,0,10.0,Phone,Tier 2,14.0,UPI,Male,2.0,3,Laptop & Accessory,4,Married,3,No Complaint,13.0,3.0,4.0,7.0,140.71,Active,Mid (6-12 months),0
52627,1,0.0,Mobile Phone,Tier 3,33.0,Debit Card,Male,2.0,3,Laptop & Accessory,1,Single,2,Complained,18.0,3.0,7.0,7.0,158.13,Churned,New (0-6 months),3
52628,0,6.0,Phone,Tier 1,14.0,Debit Card,Male,3.0,1,Mobile,5,Married,7,No Complaint,19.0,3.0,7.0,6.0,131.43,Active,New (0-6 months),0
52629,0,9.0,Phone,Tier 1,7.0,Debit Card,Male,2.0,3,Mobile,1,Married,2,No Complaint,11.0,0.0,1.0,3.0,120.44,Active,Mid (6-12 months),1
52630,0,12.0,Mobile Phone,Tier 1,16.0,Credit Card,Male,3.0,3,Fashion,3,Single,8,No Complaint,21.0,2.0,2.0,2.0,234.64,Active,Mid (6-12 months),0
52631,0,19.0,Computer,Tier 3,32.0,Debit Card,Male,3.0,4,Laptop & Accessory,4,Single,9,No Complaint,15.0,1.0,2.0,2.0,179.91,Active,Loyal (12+ months),0
52632,0,13.0,Phone,Tier 1,8.0,Debit Card,Female,3.0,3,Mobile,5,Married,5,No Complaint,17.0,1.0,1.0,2.0,133.77,Active,Loyal (12+ months),0
52633,0,15.0,Mobile Phone,Tier 1,19.0,Credit Card,Male,3.0,1,Laptop & Accessory,5,Married,6,No Complaint,18.0,1.0,1.0,0.0,155.38,Active,Loyal (12+ months),0
52634,0,8.0,Computer,Tier 1,8.0,Credit Card,Male,2.0,3,Laptop & Accessory,1,Married,3,No Complaint,14.0,1.0,1.0,7.0,157.62,Active,Mid (6-12 months),1
52635,0,11.0,Computer,Tier 2,14.0,UPI,Male,3.0,3,Mobile,4,Married,6,No Complaint,13.0,2.0,3.0,8.0,125.92,Active,Mid (6-12 months),0
52636,1,0.0,Computer,Tier 1,15.0,Debit Card,Male,3.0,3,Laptop & Accessory,5,Married,5,No Complaint,17.0,0.0,1.0,7.0,153.46,Churned,New (0-6 months),0
52637,1,0.0,Phone,Tier 1,16.0,Credit Card,Male,2.0,3,Laptop & Accessory,5,Single,2,No Complaint,15.0,0.0,1.0,8.0,142.13,Churned,New (0-6 months),0
52638,0,12.0,Computer,Tier 3,26.0,Debit Card,Male,2.0,3,Laptop & Accessory,1,Married,3,No Complaint,18.0,1.0,2.0,2.0,141.27,Active,Mid (6-12 months),1
52639,0,16.0,Computer,Tier 1,14.0,Debit Card,Male,2.0,3,Mobile,3,Single,5,No Complaint,13.0,1.0,1.0,2.0,124.38,Active,Loyal (12+ months),0
52640,0,14.0,Mobile Phone,Tier 1,11.0,Debit Card,Male,2.0,1,Laptop & Accessory,4,Single,4,No Complaint,12.0,0.0,1.0,2.0,168.7,Active,Loyal (12+ months),0
52641,0,14.0,Mobile Phone,Tier 3,10.0,E wallet,Female,2.0,3,Fashion,3,Married,1,Complained,13.0,5.0,13.0,5.0,204.47,Active,Loyal (12+ months),2
52642,0,3.0,Mobile Phone,Tier 1,16.0,Credit Card,Female,3.0,3,Fashion,3,Single,10,No Complaint,14.0,0.0,1.0,2.0,196.67,Active,New (0-6 months),0
52643,1,9.0,Phone,Tier 2,26.0,CC,Female,3.0,3,Mobile,4,Married,1,Complained,11.0,0.0,1.0,4.0,121.48,Churned,Mid (6-12 months),2
52644,1,9.0,Mobile Phone,Tier 1,27.0,Credit Card,Female,3.0,3,Laptop & Accessory,4,Married,5,No Complaint,22.0,3.0,3.0,7.0,189.26,Churned,Mid (6-12 months),0
52645,0,13.0,Mobile Phone,Tier 1,7.0,Debit Card,Female,2.0,3,Laptop & Accessory,1,Married,5,No Complaint,17.0,0.0,1.0,3.0,165.13,Active,Loyal (12+ months),1
52646,0,7.0,Mobile Phone,Tier 3,14.0,COD,Male,3.0,1,Laptop & Accessory,3,Married,2,No Complaint,21.0,2.0,4.0,8.0,167.99,Active,Mid (6-12 months),0
52647,0,30.0,Computer,Tier 3,8.0,Credit Card,Male,2.0,3,Grocery,4,Married,5,No Complaint,22.0,1.0,14.0,14.0,262.91,Active,Loyal (12+ months),0
52648,0,8.0,Phone,Tier 1,29.0,CC,Male,3.0,5,Mobile,3,Married,1,No Complaint,16.0,0.0,1.0,3.0,127.05,Active,Mid (6-12 months),0
52649,0,20.0,Mobile Phone,Tier 1,10.0,Debit Card,Female,3.0,4,Fashion,4,Married,9,Complained,12.0,5.0,14.0,10.0,203.33,Active,Loyal (12+ months),2
52650,0,13.0,Phone,Tier 1,18.0,Debit Card,Female,2.0,3,Laptop & Accessory,5,Married,3,No Complaint,12.0,1.0,7.0,7.0,144.48,Active,Loyal (12+ months),0
52651,0,27.0,Mobile Phone,Tier 1,13.0,Credit Card,Female,3.0,3,Laptop & Accessory,1,Married,5,No Complaint,15.0,1.0,1.0,7.0,168.54,Active,Loyal (12+ months),1
52652,0,4.0,Computer,Tier 3,13.0,E wallet,Female,3.0,3,Fashion,5,Married,3,No Complaint,14.0,2.0,2.0,2.0,196.37,Active,New (0-6 months),0
52653,0,1.0,Phone,Tier 1,7.0,Credit Card,Female,3.0,3,Mobile Phone,5,Married,2,No Complaint,25.0,1.0,1.0,2.0,135.91,Active,New (0-6 months),0
52654,0,11.0,Mobile Phone,Tier 3,8.0,E wallet,Female,3.0,5,Laptop & Accessory,1,Married,3,Complained,20.0,0.0,1.0,3.0,154.05,Active,Mid (6-12 months),3
52655,0,0.0,Phone,Tier 3,16.0,Credit Card,Male,2.0,3,Laptop & Accessory,1,Single,2,No Complaint,13.0,1.0,1.0,2.0,146.84,Active,New (0-6 months),1
52656,0,30.0,Computer,Tier 1,21.0,Debit Card,Male,2.0,3,Grocery,3,Married,3,Complained,14.0,2.0,2.0,2.0,257.87,Active,Loyal (12+ months),2
52657,0,9.0,Computer,Tier 1,20.0,Credit Card,Female,2.0,3,Mobile Phone,3,Single,2,No Complaint,16.0,1.0,1.0,0.0,115.14,Active,Mid (6-12 months),0
52658,1,0.0,Phone,Tier 2,24.0,UPI,Male,3.0,1,Mobile,5,Married,1,No Complaint,17.0,1.0,1.0,0.0,129.56,Churned,New (0-6 months),0
52659,1,0.0,Phone,Tier 2,14.0,UPI,Male,2.0,4,Mobile,5,Married,5,Complained,15.0,2.0,2.0,0.0,123.35,Churned,New (0-6 months),2
52660,0,18.0,Computer,Tier 3,8.0,Debit Card,Female,3.0,3,Laptop & Accessory,3,Married,5,No Complaint,22.0,3.0,5.0,7.0,151.54,Active,Loyal (12+ months),0
52661,0,9.0,Mobile Phone,Tier 1,8.0,UPI,Female,3.0,3,Laptop & Accessory,4,Married,5,Complained,22.0,1.0,1.0,0.0,169.62,Active,Mid (6-12 months),2
52662,0,16.0,Computer,Tier 3,8.0,Debit Card,Male,3.0,3,Laptop & Accessory,1,Married,2,No Complaint,20.0,7.0,7.0,7.0,156.75,Active,Loyal (12+ months),1
52663,0,0.0,Computer,Tier 1,14.0,Debit Card,Female,2.0,3,Mobile,1,Single,1,Complained,14.0,1.0,1.0,2.0,123.79,Active,New (0-6 months),3
52664,0,2.0,Computer,Tier 1,26.0,Credit Card,Male,2.0,3,Mobile Phone,1,Married,2,No Complaint,13.0,1.0,3.0,10.0,138.12,Active,New (0-6 months),1
52665,0,5.0,Computer,Tier 3,16.0,E wallet,Male,3.0,3,Laptop & Accessory,1,Single,9,No Complaint,13.0,0.0,1.0,0.0,146.48,Active,New (0-6 months),1
52666,0,15.0,Computer,Tier 1,16.0,COD,Male,3.0,3,Mobile,3,Married,4,No Complaint,22.0,3.0,3.0,3.0,129.36,Active,Loyal (12+ months),0
52667,0,9.0,Phone,Tier 1,15.0,Debit Card,Female,3.0,3,Mobile,3,Single,5,No Complaint,12.0,0.0,2.0,0.0,121.05,Active,Mid (6-12 months),0
52668,0,19.0,Mobile Phone,Tier 1,8.0,Debit Card,Male,2.0,3,Fashion,1,Married,4,No Complaint,14.0,0.0,4.0,7.0,185.78,Active,Loyal (12+ months),1
52669,0,1.0,Computer,Tier 2,7.0,Debit Card,Male,3.0,3,Mobile,1,Married,2,No Complaint,15.0,1.0,2.0,2.0,127.06,Active,New (0-6 months),1
52670,0,2.0,Mobile Phone,Tier 1,35.0,Debit Card,Male,3.0,5,Laptop & Accessory,3,Married,9,No Complaint,17.0,0.0,1.0,6.0,163.84,Active,New (0-6 months),0
52671,0,15.0,Phone,Tier 1,14.0,Debit Card,Male,2.0,3,Mobile Phone,3,Single,5,No Complaint,13.0,1.0,1.0,0.0,139.68,Active,Loyal (12+ months),0
52672,1,0.0,Mobile Phone,Tier 3,8.0,E wallet,Male,2.0,4,Laptop & Accessory,4,Single,8,Complained,12.0,1.0,2.0,2.0,199.07,Churned,New (0-6 months),2
52673,0,19.0,Mobile Phone,Tier 3,9.0,Cash on Delivery,Female,2.0,1,Grocery,5,Married,3,No Complaint,12.0,2.0,2.0,8.0,232.25,Active,Loyal (12+ months),0
52674,0,0.0,Phone,Tier 3,29.0,Credit Card,Female,2.0,4,Laptop & Accessory,3,Married,2,No Complaint,21.0,3.0,5.0,8.0,135.4,Active,New (0-6 months),0
52675,0,2.0,Phone,Tier 2,12.0,CC,Male,3.0,4,Mobile,4,Married,2,No Complaint,11.0,1.0,1.0,0.0,128.04,Active,New (0-6 months),0
52676,0,16.0,Mobile Phone,Tier 1,12.0,Credit Card,Female,2.0,4,Others,3,Married,8,No Complaint,15.0,6.0,6.0,14.0,293.92,Active,Loyal (12+ months),0
52677,0,21.0,Mobile Phone,Tier 1,16.0,Debit Card,Male,3.0,4,Others,4,Married,5,No Complaint,15.0,3.0,12.0,9.0,296.65,Active,Loyal (12+ months),0
52678,1,0.0,Computer,Tier 1,14.0,Debit Card,Male,3.0,4,Mobile,1,Single,2,Complained,24.0,1.0,1.0,0.0,124.39,Churned,New (0-6 months),3
52679,1,9.0,Mobile Phone,Tier 3,16.0,Debit Card,Female,3.0,3,Fashion,4,Married,6,No Complaint,21.0,1.0,1.0,7.0,173.14,Churned,Mid (6-12 months),0
52680,0,0.0,Computer,Tier 1,21.0,Debit Card,Female,3.0,4,Mobile Phone,5,Married,1,No Complaint,19.0,0.0,7.0,3.0,147.74,Active,New (0-6 months),0
52681,0,12.0,Phone,Tier 1,25.0,UPI,Male,2.0,3,Laptop & Accessory,1,Married,9,No Complaint,14.0,0.0,2.0,2.0,139.02,Active,Mid (6-12 months),1
52682,0,28.0,Phone,Tier 1,8.0,COD,Male,3.0,4,Mobile,1,Married,9,No Complaint,20.0,1.0,1.0,4.0,126.62,Active,Loyal (12+ months),1
52683,0,1.0,Phone,Tier 3,9.0,CC,Female,3.0,3,Mobile,4,Married,2,No Complaint,19.0,1.0,1.0,0.0,128.56,Active,New (0-6 months),0
52684,1,0.0,Mobile Phone,Tier 3,15.0,Credit Card,Male,2.0,3,Mobile Phone,1,Single,2,No Complaint,13.0,0.0,1.0,0.0,110.81,Churned,New (0-6 months),1
52685,1,0.0,Phone,Tier 1,14.0,Debit Card,Male,3.0,3,Mobile,4,Single,2,Complained,23.0,1.0,1.0,0.0,124.72,Churned,New (0-6 months),2
52686,0,9.0,Mobile Phone,Tier 3,16.0,COD,Female,3.0,4,Laptop & Accessory,3,Married,2,Complained,13.0,0.0,1.0,7.0,156.73,Active,Mid (6-12 months),2
52687,0,4.0,Phone,Tier 1,26.0,Debit Card,Male,2.0,3,Laptop & Accessory,3,Married,2,No Complaint,11.0,0.0,1.0,2.0,141.97,Active,New (0-6 months),0
52688,0,7.0,Mobile Phone,Tier 3,10.0,Debit Card,Male,3.0,3,Fashion,1,Married,3,Complained,13.0,0.0,1.0,0.0,197.13,Active,Mid (6-12 months),3
52689,0,9.0,Phone,Tier 1,13.0,Debit Card,Male,2.0,3,Mobile,5,Single,4,No Complaint,14.0,0.0,1.0,2.0,120.62,Active,Mid (6-12 months),0
52690,0,10.0,Phone,Tier 1,13.0,Credit Card,Male,3.0,3,Laptop & Accessory,5,Married,6,Complained,22.0,0.0,1.0,4.0,142.84,Active,Mid (6-12 months),2
52691,0,8.0,Phone,Tier 1,22.0,UPI,Female,2.0,4,Laptop & Accessory,4,Married,1,Complained,11.0,0.0,1.0,2.0,147.88,Active,Mid (6-12 months),2
52692,0,18.0,Mobile Phone,Tier 1,31.0,Debit Card,Female,3.0,4,Laptop & Accessory,1,Married,1,No Complaint,13.0,0.0,3.0,8.0,159.06,Active,Loyal (12+ months),1
52693,0,9.0,Computer,Tier 2,8.0,UPI,Male,3.0,4,Laptop & Accessory,1,Single,2,No Complaint,21.0,1.0,1.0,8.0,138.86,Active,Mid (6-12 months),1
52694,0,13.0,Mobile Phone,Tier 1,7.0,Debit Card,Male,3.0,3,Grocery,5,Married,3,No Complaint,11.0,1.0,11.0,16.0,268.23,Active,Loyal (12+ months),0
52695,0,0.0,Phone,Tier 1,7.0,Debit Card,Female,3.0,4,Mobile,3,Married,2,Complained,13.0,0.0,1.0,0.0,129.33,Active,New (0-6 months),2
52696,0,0.0,Mobile Phone,Tier 3,8.0,Credit Card,Female,2.0,1,Laptop & Accessory,3,Single,1,No Complaint,14.0,0.0,1.0,7.0,165.0,Active,New (0-6 months),0
52697,0,21.0,Computer,Tier 1,28.0,Credit Card,Female,2.0,3,Grocery,1,Married,4,No Complaint,11.0,1.0,4.0,7.0,271.74,Active,Loyal (12+ months),1
52698,0,17.0,Mobile Phone,Tier 1,7.0,Debit Card,Male,3.0,1,Laptop & Accessory,5,Married,3,No Complaint,15.0,1.0,2.0,2.0,150.33,Active,Loyal (12+ months),0
52699,1,9.0,Computer,Tier 1,22.0,COD,Male,2.0,5,Mobile,5,Married,2,Complained,23.0,0.0,3.0,0.0,123.07,Churned,Mid (6-12 months),2
52700,1,19.0,Phone,Tier 1,14.0,Debit Card,Male,3.0,3,Mobile,1,Single,2,No Complaint,16.0,0.0,1.0,0.0,125.87,Churned,Loyal (12+ months),1
52701,0,9.0,Mobile Phone,Tier 3,23.0,E wallet,Male,2.0,4,Laptop & Accessory,4,Married,3,No Complaint,16.0,1.0,1.0,3.0,155.07,Active,Mid (6-12 months),0
52702,0,14.0,Phone,Tier 3,14.0,E wallet,Female,2.0,3,Laptop & Accessory,4,Married,6,No Complaint,21.0,0.0,1.0,4.0,143.93,Active,Loyal (12+ months),0
52703,0,15.0,Mobile Phone,Tier 1,12.0,Credit Card,Male,2.0,3,Fashion,5,Married,10,No Complaint,13.0,5.0,2.0,7.0,233.48,Active,Loyal (12+ months),0
52704,0,4.0,Mobile Phone,Tier 3,16.0,Credit Card,Female,2.0,3,Laptop & Accessory,1,Married,3,Complained,11.0,1.0,1.0,4.0,165.83,Active,New (0-6 months),3
52705,0,7.0,Mobile Phone,Tier 3,9.0,Credit Card,Female,3.0,4,Laptop & Accessory,1,Married,4,Complained,12.0,0.0,1.0,1.0,181.03,Active,Mid (6-12 months),3
52706,0,4.0,Phone,Tier 1,10.0,Credit Card,Female,3.0,1,Mobile Phone,3,Married,9,No Complaint,12.0,1.0,2.0,2.0,139.78,Active,New (0-6 months),0
52707,0,0.0,Computer,Tier 1,14.0,UPI,Male,3.0,1,Mobile,1,Married,1,No Complaint,18.0,2.0,7.0,7.0,125.44,Active,New (0-6 months),1
52708,0,18.0,Computer,Tier 1,7.0,Credit Card,Male,2.0,3,Laptop & Accessory,3,Single,5,No Complaint,12.0,0.0,1.0,3.0,153.99,Active,Loyal (12+ months),0
52709,0,6.0,Mobile Phone,Tier 3,16.0,E wallet,Male,2.0,3,Laptop & Accessory,3,Single,2,No Complaint,14.0,0.0,1.0,9.0,154.87,Active,New (0-6 months),0
52710,0,1.0,Computer,Tier 3,7.0,Debit Card,Male,2.0,4,Laptop & Accessory,1,Married,2,Complained,12.0,1.0,1.0,7.0,168.34,Active,New (0-6 months),3
52711,1,0.0,Computer,Tier 3,30.0,Cash on Delivery,Male,2.0,1,Mobile Phone,5,Single,2,No Complaint,17.0,0.0,1.0,0.0,110.91,Churned,New (0-6 months),0
52712,0,12.0,Computer,Tier 3,27.0,Debit Card,Female,2.0,5,Laptop & Accessory,3,Married,7,No Complaint,19.0,0.0,1.0,2.0,157.36,Active,Mid (6-12 months),0
52713,0,9.0,Phone,Tier 1,8.0,COD,Male,2.0,3,Mobile,4,Married,2,No Complaint,11.0,0.0,1.0,2.0,122.26,Active,Mid (6-12 months),0
52714,0,7.0,Computer,Tier 1,28.0,UPI,Male,2.0,4,Laptop & Accessory,1,Married,2,Complained,15.0,3.0,6.0,11.0,157.47,Active,Mid (6-12 months),3
52715,1,0.0,Mobile Phone,Tier 3,19.0,E wallet,Female,2.0,3,Laptop & Accessory,3,Single,4,Complained,11.0,0.0,2.0,2.0,198.54,Churned,New (0-6 months),2
52716,0,20.0,Computer,Tier 1,20.0,COD,Male,3.0,3,Laptop & Accessory,4,Married,9,No Complaint,18.0,0.0,1.0,7.0,154.67,Active,Loyal (12+ months),0
52717,0,29.0,Mobile Phone,Tier 3,17.0,E wallet,Female,2.0,4,Laptop & Accessory,5,Married,5,No Complaint,16.0,0.0,1.0,0.0,153.8,Active,Loyal (12+ months),0
52718,0,12.0,Mobile Phone,Tier 1,15.0,Credit Card,Male,2.0,3,Laptop & Accessory,5,Married,2,No Complaint,25.0,0.0,7.0,9.0,151.51,Active,Mid (6-12 months),0
52719,0,9.0,Computer,Tier 1,14.0,CC,Female,2.0,4,Laptop & Accessory,4,Married,2,Complained,16.0,1.0,1.0,7.0,121.33,Active,Mid (6-12 months),2
52720,0,60.0,Mobile Phone,Tier 3,27.0,Debit Card,Female,3.0,3,Grocery,1,Married,5,Complained,13.0,1.0,1.0,0.0,278.75,Active,Loyal (12+ months),3
52721,1,0.0,Computer,Tier 1,14.0,Debit Card,Female,2.0,1,Mobile,3,Single,4,Complained,14.0,0.0,1.0,3.0,124.32,Churned,New (0-6 months),2
52722,0,11.0,Phone,Tier 1,15.0,Debit Card,Male,3.0,3,Mobile Phone,1,Married,3,No Complaint,19.0,0.0,1.0,3.0,147.71,Active,Mid (6-12 months),1
52723,0,22.0,Computer,Tier 1,8.0,Debit Card,Male,2.0,3,Others,1,Married,4,No Complaint,15.0,1.0,4.0,3.0,291.61,Active,Loyal (12+ months),1
52724,0,15.0,Mobile Phone,Tier 3,18.0,E wallet,Male,3.0,3,Laptop & Accessory,1,Married,4,Complained,12.0,1.0,1.0,0.0,150.87,Active,Loyal (12+ months),3
52725,1,0.0,Computer,Tier 2,28.0,UPI,Female,3.0,4,Mobile,4,Married,2,No Complaint,12.0,1.0,1.0,0.0,128.63,Churned,New (0-6 months),0
52726,0,8.0,Mobile Phone,Tier 3,24.0,Credit Card,Male,3.0,3,Laptop & Accessory,5,Married,1,No Complaint,16.0,1.0,1.0,4.0,155.61,Active,Mid (6-12 months),0
52727,0,9.0,Computer,Tier 1,22.0,CC,Male,2.0,3,Mobile,3,Single,2,No Complaint,14.0,0.0,1.0,4.0,121.44,Active,Mid (6-12 months),0
52728,0,4.0,Computer,Tier 1,9.0,CC,Male,3.0,3,Mobile,5,Married,2,Complained,13.0,2.0,2.0,3.0,130.65,Active,New (0-6 months),2
52729,0,9.0,Computer,Tier 1,15.0,Debit Card,Male,3.0,1,Mobile,4,Married,2,No Complaint,22.0,1.0,1.0,2.0,128.1,Active,Mid (6-12 months),0
52730,0,7.0,Mobile Phone,Tier 3,7.0,E wallet,Male,2.0,3,Fashion,1,Single,2,No Complaint,21.0,2.0,2.0,1.0,198.88,Active,Mid (6-12 months),1
52731,0,7.0,Mobile Phone,Tier 3,19.0,Credit Card,Male,2.0,3,Fashion,3,Married,2,No Complaint,18.0,0.0,1.0,1.0,186.28,Active,Mid (6-12 months),0
52732,0,0.0,Phone,Tier 1,7.0,CC,Male,3.0,3,Mobile,5,Single,1,No Complaint,13.0,7.0,7.0,6.0,128.67,Active,New (0-6 months),0
52733,0,2.0,Mobile Phone,Tier 1,7.0,Debit Card,Male,2.0,3,Laptop & Accessory,5,Married,1,No Complaint,12.0,0.0,1.0,2.0,153.73,Active,New (0-6 months),0
52734,0,5.0,Computer,Tier 1,21.0,Credit Card,Female,2.0,3,Laptop & Accessory,1,Married,6,No Complaint,18.0,0.0,1.0,2.0,166.67,Active,New (0-6 months),1
52735,0,4.0,Computer,Tier 1,7.0,Debit Card,Male,2.0,5,Laptop & Accessory,5,Married,2,No Complaint,21.0,6.0,8.0,7.0,150.03,Active,New (0-6 months),0
52736,1,0.0,Phone,Tier 1,14.0,COD,Male,2.0,4,Mobile,1,Married,6,No Complaint,12.0,1.0,1.0,3.0,123.67,Churned,New (0-6 months),1
52737,0,11.0,Phone,Tier 3,7.0,Debit Card,Male,3.0,4,Mobile,5,Single,5,No Complaint,14.0,1.0,1.0,0.0,128.58,Active,Mid (6-12 months),0
52738,0,8.0,Mobile Phone,Tier 3,13.0,Debit Card,Female,2.0,3,Laptop & Accessory,1,Married,2,Complained,11.0,1.0,1.0,9.0,152.04,Active,Mid (6-12 months),3
52739,0,0.0,Phone,Tier 3,15.0,E wallet,Male,2.0,3,Laptop & Accessory,1,Single,2,No Complaint,14.0,1.0,1.0,7.0,141.05,Active,New (0-6 months),1
52740,0,5.0,Mobile Phone,Tier 1,11.0,Debit Card,Male,2.0,4,Laptop & Accessory,1,Single,9,No Complaint,24.0,1.0,1.0,0.0,196.79,Active,New (0-6 months),1
52741,1,0.0,Computer,Tier 3,32.0,E wallet,Male,3.0,3,Laptop & Accessory,1,Married,2,Complained,11.0,0.0,1.0,8.0,156.17,Churned,New (0-6 months),3
52742,1,16.0,Mobile Phone,Tier 3,30.0,Debit Card,Male,3.0,3,Fashion,5,Single,7,Complained,13.0,0.0,2.0,2.0,204.48,Churned,Loyal (12+ months),2
52743,0,27.0,Phone,Tier 1,15.0,Debit Card,Female,3.0,3,Laptop & Accessory,3,Married,4,No Complaint,11.0,1.0,2.0,3.0,128.97,Active,Loyal (12+ months),0
52744,0,6.0,Computer,Tier 1,13.0,Debit Card,Male,2.0,3,Laptop & Accessory,3,Married,2,No Complaint,20.0,0.0,2.0,8.0,159.68,Active,New (0-6 months),0
52745,0,16.0,Mobile Phone,Tier 1,17.0,Debit Card,Male,1.0,3,Fashion,3,Married,2,No Complaint,17.0,1.0,1.0,9.0,175.1,Active,Loyal (12+ months),0
52746,0,11.0,Computer,Tier 2,7.0,UPI,Male,3.0,3,Mobile,4,Married,1,Complained,11.0,0.0,1.0,2.0,129.91,Active,Mid (6-12 months),2
52747,0,28.0,Mobile Phone,Tier 2,32.0,UPI,Male,3.0,1,Others,4,Married,5,Complained,15.0,1.0,1.0,4.0,296.36,Active,Loyal (12+ months),2
52748,0,4.0,Mobile Phone,Tier 1,8.0,Credit Card,Female,2.0,5,Mobile Phone,1,Married,2,Complained,11.0,0.0,1.0,0.0,111.29,Active,New (0-6 months),3
52749,0,12.0,Mobile Phone,Tier 3,21.0,E wallet,Male,3.0,3,Grocery,5,Single,1,No Complaint,12.0,4.0,2.0,10.0,233.41000000000005,Active,Mid (6-12 months),0
52750,0,15.0,Computer,Tier 1,29.0,Debit Card,Male,2.0,4,Laptop & Accessory,3,Single,2,No Complaint,12.0,3.0,3.0,7.0,143.32,Active,Loyal (12+ months),0
52751,0,4.0,Computer,Tier 1,16.0,Credit Card,Female,2.0,3,Fashion,3,Married,5,No Complaint,20.0,3.0,4.0,3.0,210.31,Active,New (0-6 months),0
52752,0,27.0,Phone,Tier 1,16.0,Credit Card,Female,3.0,3,Laptop & Accessory,5,Single,7,Complained,19.0,0.0,1.0,4.0,144.4,Active,Loyal (12+ months),2
52753,0,0.0,Phone,Tier 1,7.0,Debit Card,Male,2.0,4,Laptop & Accessory,3,Single,2,No Complaint,12.0,1.0,1.0,2.0,146.17,Active,New (0-6 months),0
52754,0,0.0,Phone,Tier 1,14.0,UPI,Male,3.0,3,Mobile,1,Single,2,No Complaint,13.0,1.0,1.0,4.0,126.47,Active,New (0-6 months),1
52755,0,13.0,Computer,Tier 1,17.0,COD,Female,3.0,3,Laptop & Accessory,3,Married,2,No Complaint,11.0,7.0,9.0,4.0,163.23,Active,Loyal (12+ months),0
52756,0,13.0,Mobile Phone,Tier 3,8.0,E wallet,Female,3.0,3,Laptop & Accessory,4,Married,4,No Complaint,14.0,1.0,5.0,10.0,156.77,Active,Loyal (12+ months),0
52757,0,9.0,Phone,Tier 2,8.0,UPI,Female,2.0,3,Mobile,4,Married,5,No Complaint,14.0,0.0,1.0,2.0,121.87,Active,Mid (6-12 months),0
52758,0,3.0,Phone,Tier 1,7.0,Credit Card,Male,3.0,3,Mobile Phone,4,Married,2,No Complaint,13.0,1.0,1.0,7.0,137.48,Active,New (0-6 months),0
52759,0,0.0,Phone,Tier 1,8.0,UPI,Male,2.0,3,Mobile Phone,3,Married,7,Complained,19.0,0.0,1.0,2.0,139.77,Active,New (0-6 months),2
52760,0,20.0,Mobile Phone,Tier 1,31.0,Credit Card,Male,2.0,3,Fashion,3,Single,3,No Complaint,23.0,9.0,12.0,11.0,186.33,Active,Loyal (12+ months),0
52761,0,9.0,Computer,Tier 1,7.0,CC,Male,2.0,4,Mobile,3,Married,2,No Complaint,12.0,0.0,1.0,0.0,120.08,Active,Mid (6-12 months),0
52762,0,11.0,Phone,Tier 3,7.0,Debit Card,Male,2.0,3,Laptop & Accessory,4,Married,1,No Complaint,15.0,1.0,5.0,8.0,144.4,Active,Mid (6-12 months),0
52763,0,4.0,Phone,Tier 3,8.0,Debit Card,Male,3.0,3,Mobile,3,Married,1,No Complaint,19.0,0.0,1.0,2.0,130.67,Active,New (0-6 months),0
52764,0,11.0,Computer,Tier 1,12.0,Debit Card,Male,3.0,4,Laptop & Accessory,3,Married,3,No Complaint,11.0,2.0,7.0,7.0,153.21,Active,Mid (6-12 months),0
52765,0,15.0,Mobile Phone,Tier 1,24.0,Debit Card,Male,2.0,3,Laptop & Accessory,5,Married,7,Complained,17.0,1.0,1.0,2.0,154.1,Active,Loyal (12+ months),2
52766,0,14.0,Phone,Tier 1,7.0,Debit Card,Male,3.0,3,Mobile,1,Married,4,No Complaint,22.0,0.0,1.0,0.0,127.82,Active,Loyal (12+ months),1
52767,0,20.0,Computer,Tier 1,7.0,Credit Card,Female,3.0,3,Fashion,4,Married,1,No Complaint,18.0,0.0,5.0,3.0,219.57,Active,Loyal (12+ months),0
52768,0,8.0,Phone,Tier 1,17.0,CC,Male,2.0,3,Mobile,3,Married,8,Complained,11.0,2.0,2.0,2.0,126.6,Active,Mid (6-12 months),2
52769,0,0.0,Phone,Tier 1,7.0,Debit Card,Male,3.0,3,Mobile,3,Single,1,No Complaint,12.0,1.0,1.0,2.0,133.75,Active,New (0-6 months),0
52770,0,8.0,Mobile Phone,Tier 1,15.0,Credit Card,Male,2.0,3,Laptop & Accessory,3,Single,2,No Complaint,19.0,0.0,1.0,8.0,150.98,Active,Mid (6-12 months),0
52771,0,6.0,Phone,Tier 1,21.0,Credit Card,Female,3.0,3,Laptop & Accessory,1,Married,1,Complained,13.0,6.0,8.0,1.0,148.78,Active,New (0-6 months),3
52772,0,5.0,Phone,Tier 1,35.0,Debit Card,Female,3.0,4,Mobile,4,Single,2,No Complaint,13.0,0.0,4.0,1.0,128.37,Active,New (0-6 months),0
52773,0,13.0,Phone,Tier 1,14.0,Debit Card,Male,2.0,3,Mobile,1,Married,9,No Complaint,19.0,1.0,1.0,0.0,124.06,Active,Loyal (12+ months),1
52774,0,9.0,Phone,Tier 3,7.0,CC,Male,3.0,4,Mobile,4,Married,1,No Complaint,14.0,2.0,2.0,2.0,122.69,Active,Mid (6-12 months),0
52775,0,12.0,Phone,Tier 1,30.0,Debit Card,Male,2.0,3,Laptop & Accessory,1,Single,8,No Complaint,13.0,0.0,1.0,7.0,141.08,Active,Mid (6-12 months),1
52776,0,11.0,Mobile Phone,Tier 1,16.0,Credit Card,Female,3.0,5,Fashion,3,Married,4,No Complaint,12.0,0.0,2.0,11.0,232.06,Active,Mid (6-12 months),0
52777,0,5.0,Mobile Phone,Tier 3,7.0,E wallet,Female,2.0,3,Fashion,1,Married,2,No Complaint,19.0,0.0,5.0,7.0,204.22,Active,New (0-6 months),1
52778,0,10.0,Mobile Phone,Tier 1,16.0,Debit Card,Female,2.0,1,Fashion,1,Married,2,Complained,25.0,5.0,2.0,8.0,237.44,Active,Mid (6-12 months),3
52779,0,0.0,Phone,Tier 3,14.0,UPI,Female,2.0,3,Laptop & Accessory,3,Married,1,Complained,22.0,0.0,1.0,4.0,149.07,Active,New (0-6 months),2
52780,0,25.0,Computer,Tier 3,35.0,Debit Card,Male,2.0,3,Mobile,1,Married,3,No Complaint,15.0,1.0,1.0,0.0,134.82,Active,Loyal (12+ months),1
52781,0,17.0,Phone,Tier 1,14.0,CC,Male,2.0,3,Mobile,1,Single,7,Complained,12.0,1.0,1.0,2.0,124.36,Active,Loyal (12+ months),3
52782,0,0.0,Phone,Tier 3,14.0,CC,Male,2.0,3,Mobile,5,Single,2,Complained,11.0,1.0,1.0,2.0,123.8,Active,New (0-6 months),2
52783,0,12.0,Computer,Tier 1,15.0,Debit Card,Male,2.0,3,Others,1,Single,3,No Complaint,15.0,1.0,1.0,3.0,294.31,Active,Mid (6-12 months),1
52784,1,9.0,Computer,Tier 3,15.0,E wallet,Male,2.0,3,Mobile Phone,5,Married,2,No Complaint,19.0,1.0,1.0,0.0,117.9,Churned,Mid (6-12 months),0
52785,0,9.0,Mobile Phone,Tier 3,9.0,Credit Card,Female,3.0,4,Fashion,1,Married,1,No Complaint,19.0,0.0,3.0,4.0,176.44,Active,Mid (6-12 months),1
52786,0,9.0,Computer,Tier 1,10.0,Debit Card,Female,3.0,3,Laptop & Accessory,4,Married,8,No Complaint,13.0,0.0,1.0,2.0,151.31,Active,Mid (6-12 months),0
52787,0,29.0,Computer,Tier 1,7.0,Debit Card,Male,2.0,3,Laptop & Accessory,3,Married,2,No Complaint,21.0,0.0,1.0,9.0,163.06,Active,Loyal (12+ months),0
52788,1,0.0,Phone,Tier 1,7.0,Credit Card,Male,2.0,3,Mobile Phone,1,Married,10,Complained,14.0,2.0,2.0,2.0,147.87,Churned,New (0-6 months),3
52789,0,15.0,Mobile Phone,Tier 1,8.0,Debit Card,Male,2.0,3,Others,3,Married,6,No Complaint,11.0,1.0,4.0,14.0,288.8,Active,Loyal (12+ months),0
52790,1,19.0,Phone,Tier 1,14.0,COD,Male,3.0,3,Mobile,3,Married,9,No Complaint,11.0,6.0,9.0,8.0,123.39,Churned,Loyal (12+ months),0
52791,0,14.0,Mobile Phone,Tier 1,34.0,Debit Card,Female,2.0,4,Grocery,4,Married,1,No Complaint,23.0,1.0,2.0,10.0,235.7,Active,Loyal (12+ months),0
52792,0,7.0,Mobile Phone,Tier 3,34.0,E wallet,Female,3.0,4,Laptop & Accessory,3,Married,2,No Complaint,21.0,1.0,1.0,7.0,167.12,Active,Mid (6-12 months),0
52793,0,9.0,Computer,Tier 3,21.0,E wallet,Male,2.0,5,Laptop & Accessory,1,Married,2,No Complaint,24.0,5.0,11.0,11.0,154.06,Active,Mid (6-12 months),1
52794,0,14.0,Mobile Phone,Tier 3,9.0,Debit Card,Male,2.0,4,Laptop & Accessory,4,Married,3,No Complaint,11.0,1.0,1.0,4.0,189.38,Active,Loyal (12+ months),0
52795,0,5.0,Phone,Tier 1,14.0,COD,Male,3.0,3,Mobile,5,Single,2,No Complaint,14.0,0.0,1.0,2.0,124.39,Active,New (0-6 months),0
52796,0,8.0,Mobile Phone,Tier 2,32.0,Debit Card,Female,2.0,3,Fashion,1,Single,2,Complained,16.0,1.0,1.0,7.0,188.37,Active,Mid (6-12 months),3
52797,0,11.0,Mobile Phone,Tier 3,16.0,Debit Card,Female,3.0,3,Laptop & Accessory,1,Married,2,No Complaint,11.0,0.0,1.0,9.0,153.43,Active,Mid (6-12 months),1
52798,1,13.0,Computer,Tier 3,7.0,Debit Card,Male,3.0,3,Laptop & Accessory,3,Married,8,No Complaint,12.0,1.0,1.0,1.0,167.28,Churned,Loyal (12+ months),0
52799,0,9.0,Mobile Phone,Tier 3,17.0,E wallet,Female,3.0,4,Laptop & Accessory,1,Married,5,No Complaint,13.0,1.0,1.0,0.0,166.52,Active,Mid (6-12 months),1
52800,0,18.0,Phone,Tier 3,26.0,Debit Card,Female,2.0,3,Laptop & Accessory,3,Single,9,No Complaint,15.0,0.0,1.0,1.0,148.5,Active,Loyal (12+ months),0
52801,0,13.0,Phone,Tier 1,8.0,Debit Card,Male,3.0,4,Mobile,3,Single,3,No Complaint,14.0,0.0,2.0,2.0,128.09,Active,Loyal (12+ months),0
52802,0,8.0,Computer,Tier 1,24.0,Debit Card,Male,3.0,3,Laptop & Accessory,3,Married,2,Complained,14.0,0.0,1.0,2.0,156.89,Active,Mid (6-12 months),2
52803,0,9.0,Mobile Phone,Tier 1,8.0,CC,Female,3.0,3,Mobile,3,Married,3,No Complaint,14.0,0.0,1.0,2.0,120.01,Active,Mid (6-12 months),0
52804,0,8.0,Phone,Tier 1,7.0,Debit Card,Female,3.0,5,Mobile,1,Married,2,No Complaint,12.0,1.0,1.0,1.0,129.77,Active,Mid (6-12 months),1
52805,0,2.0,Phone,Tier 1,19.0,UPI,Male,2.0,4,Laptop & Accessory,4,Married,5,Complained,13.0,0.0,1.0,3.0,140.25,Active,New (0-6 months),2
52806,0,2.0,Phone,Tier 1,34.0,Credit Card,Female,3.0,4,Mobile Phone,5,Single,2,No Complaint,14.0,0.0,1.0,4.0,137.85,Active,New (0-6 months),0
52807,1,13.0,Mobile Phone,Tier 3,34.0,E wallet,Male,2.0,4,Fashion,5,Married,5,Complained,13.0,2.0,2.0,0.0,208.54,Churned,Loyal (12+ months),2
52808,0,12.0,Mobile Phone,Tier 3,30.0,E wallet,Female,2.0,4,Grocery,1,Married,1,No Complaint,11.0,3.0,9.0,3.0,220.31,Active,Mid (6-12 months),1
52809,0,4.0,Computer,Tier 1,11.0,Credit Card,Male,3.0,3,Laptop & Accessory,5,Single,1,No Complaint,19.0,1.0,1.0,7.0,199.36,Active,New (0-6 months),0
52810,0,0.0,Phone,Tier 3,11.0,UPI,Female,3.0,4,Mobile,3,Single,1,No Complaint,18.0,1.0,1.0,0.0,129.66,Active,New (0-6 months),0
52811,0,9.0,Computer,Tier 1,14.0,CC,Male,2.0,1,Laptop & Accessory,1,Married,5,No Complaint,17.0,0.0,1.0,3.0,125.71,Active,Mid (6-12 months),1
52812,0,12.0,Mobile Phone,Tier 1,12.0,Credit Card,Male,2.0,4,Fashion,5,Married,5,No Complaint,15.0,0.0,1.0,7.0,199.91,Active,Mid (6-12 months),0
52813,0,0.0,Mobile Phone,Tier 1,10.0,Debit Card,Male,2.0,1,Laptop & Accessory,4,Married,2,Complained,20.0,0.0,1.0,3.0,161.42,Active,New (0-6 months),2
52814,0,22.0,Computer,Tier 3,8.0,Credit Card,Male,3.0,4,Laptop & Accessory,4,Married,3,No Complaint,14.0,1.0,1.0,8.0,153.9,Active,Loyal (12+ months),0
52815,0,7.0,Phone,Tier 1,14.0,Credit Card,Male,2.0,1,Laptop & Accessory,3,Married,3,No Complaint,12.0,1.0,1.0,2.0,144.04,Active,Mid (6-12 months),0
52816,1,5.0,Mobile Phone,Tier 3,7.0,Debit Card,Female,4.0,4,Laptop & Accessory,2,Single,10,Complained,12.0,2.0,2.0,6.0,184.93,Churned,New (0-6 months),3
52817,1,1.0,Phone,Tier 1,9.0,UPI,Male,4.0,5,Mobile Phone,3,Single,8,Complained,16.0,1.0,2.0,1.0,145.9,Churned,New (0-6 months),2
52818,1,1.0,Phone,Tier 1,31.0,Debit Card,Male,3.0,5,Mobile Phone,3,Single,7,Complained,15.0,1.0,2.0,4.0,145.28,Churned,New (0-6 months),2
52819,1,1.0,Mobile Phone,Tier 3,16.0,Debit Card,Male,3.0,5,Laptop & Accessory,5,Single,9,No Complaint,24.0,1.0,2.0,4.0,159.07,Churned,New (0-6 months),0
52820,1,1.0,Mobile Phone,Tier 1,13.0,Credit Card,Male,3.0,4,Mobile Phone,5,Single,4,No Complaint,12.0,2.0,2.0,4.0,154.6,Churned,New (0-6 months),0
52821,1,1.0,Computer,Tier 1,23.0,Debit Card,Female,4.0,6,Mobile Phone,5,Single,3,Complained,23.0,5.0,7.0,8.0,164.19,Churned,New (0-6 months),2
52822,1,3.0,Phone,Tier 3,12.0,COD,Male,3.0,4,Laptop & Accessory,2,Divorced,5,No Complaint,15.0,1.0,2.0,1.0,145.86,Churned,New (0-6 months),1
52823,1,1.0,Phone,Tier 1,7.0,Credit Card,Male,4.0,4,Mobile Phone,2,Divorced,4,Complained,17.0,3.0,3.0,1.0,147.93,Churned,New (0-6 months),3
52824,1,14.0,Mobile Phone,Tier 3,10.0,E wallet,Male,3.0,5,Mobile Phone,3,Divorced,3,Complained,15.0,1.0,2.0,3.0,151.83,Churned,Loyal (12+ months),2
52825,1,1.0,Phone,Tier 1,32.0,Debit Card,Male,3.0,6,Mobile Phone,3,Single,3,No Complaint,13.0,2.0,2.0,2.0,147.93,Churned,New (0-6 months),0
52826,1,5.0,Mobile Phone,Tier 1,19.0,Cash on Delivery,Female,3.0,4,Others,3,Divorced,3,No Complaint,15.0,10.0,16.0,9.0,320.45,Churned,New (0-6 months),0
52827,1,12.0,Mobile Phone,Tier 1,7.0,Debit Card,Male,4.0,5,Fashion,3,Single,11,Complained,14.0,1.0,2.0,1.0,178.81,Churned,Mid (6-12 months),2
52828,1,1.0,Mobile Phone,Tier 1,12.0,COD,Male,3.0,4,Mobile Phone,3,Single,3,Complained,14.0,3.0,3.0,3.0,159.41,Churned,New (0-6 months),2
52829,1,1.0,Mobile Phone,Tier 1,16.0,Credit Card,Male,4.0,5,Mobile Phone,3,Divorced,2,Complained,18.0,1.0,2.0,1.0,158.88,Churned,New (0-6 months),2
52830,1,10.0,Mobile Phone,Tier 3,16.0,Credit Card,Male,4.0,5,Fashion,2,Single,3,No Complaint,17.0,1.0,5.0,3.0,221.19,Churned,Mid (6-12 months),1
52831,1,1.0,Phone,Tier 2,13.0,UPI,Male,4.0,4,Mobile Phone,5,Married,6,Complained,23.0,2.0,2.0,3.0,145.73,Churned,New (0-6 months),2
52832,1,1.0,Computer,Tier 1,13.0,Debit Card,Female,4.0,5,Mobile Phone,2,Single,3,Complained,19.0,2.0,2.0,1.0,154.26,Churned,New (0-6 months),3
52833,1,1.0,Mobile Phone,Tier 3,12.0,E wallet,Male,3.0,5,Laptop & Accessory,3,Single,3,Complained,12.0,2.0,2.0,4.0,182.44,Churned,New (0-6 months),2
52834,1,1.0,Computer,Tier 1,14.0,Debit Card,Male,4.0,6,Laptop & Accessory,3,Single,3,Complained,25.0,2.0,2.0,7.0,185.74,Churned,New (0-6 months),2
52835,1,20.0,Mobile Phone,Tier 1,21.0,Debit Card,Female,4.0,4,Mobile Phone,4,Divorced,11,Complained,19.0,2.0,5.0,4.0,174.63,Churned,Loyal (12+ months),2
52836,1,1.0,Mobile Phone,Tier 3,13.0,Debit Card,Male,4.0,6,Laptop & Accessory,3,Divorced,6,Complained,19.0,7.0,8.0,8.0,186.72,Churned,New (0-6 months),2
52837,1,21.0,Mobile Phone,Tier 1,30.0,Credit Card,Female,4.0,4,Fashion,2,Divorced,3,No Complaint,13.0,12.0,16.0,3.0,228.12,Churned,Loyal (12+ months),1
52838,1,1.0,Phone,Tier 3,29.0,E wallet,Male,3.0,4,Mobile Phone,3,Single,3,Complained,20.0,1.0,2.0,1.0,141.75,Churned,New (0-6 months),2
52839,1,1.0,Mobile Phone,Tier 3,27.0,Debit Card,Female,4.0,6,Laptop & Accessory,3,Divorced,5,Complained,12.0,2.0,3.0,3.0,170.59,Churned,New (0-6 months),2
52840,1,15.0,Computer,Tier 1,15.0,Debit Card,Male,3.0,6,Fashion,2,Single,4,No Complaint,16.0,1.0,2.0,4.0,231.5,Churned,Loyal (12+ months),1
52841,1,1.0,Mobile Phone,Tier 1,16.0,Credit Card,Female,3.0,4,Mobile Phone,5,Single,9,No Complaint,23.0,2.0,2.0,5.0,167.0,Churned,New (0-6 months),0
52842,0,9.0,Mobile Phone,Tier 3,7.0,E wallet,Male,4.0,4,Fashion,4,Divorced,3,No Complaint,14.0,2.0,2.0,7.0,197.95,Active,Mid (6-12 months),0
52843,0,27.0,Phone,Tier 3,13.0,E wallet,Male,3.0,4,Laptop & Accessory,3,Divorced,4,Complained,21.0,1.0,5.0,6.0,148.06,Active,Loyal (12+ months),2
52844,0,19.0,Phone,Tier 1,16.0,Debit Card,Male,3.0,4,Laptop & Accessory,4,Married,10,No Complaint,19.0,2.0,2.0,16.0,148.48,Active,Loyal (12+ months),0
52845,0,6.0,Computer,Tier 3,15.0,E wallet,Female,3.0,4,Fashion,2,Single,3,No Complaint,15.0,3.0,4.0,3.0,214.98,Active,New (0-6 months),1
52846,0,3.0,Computer,Tier 1,7.0,COD,Male,3.0,4,Laptop & Accessory,3,Divorced,3,No Complaint,14.0,1.0,2.0,10.0,168.19,Active,New (0-6 months),0
52847,0,1.0,Mobile Phone,Tier 1,14.0,Credit Card,Male,3.0,5,Laptop & Accessory,3,Divorced,4,No Complaint,18.0,2.0,2.0,1.0,186.32,Active,New (0-6 months),0
52848,0,31.0,Mobile Phone,Tier 1,16.0,Credit Card,Female,4.0,5,Mobile Phone,4,Divorced,6,Complained,21.0,2.0,2.0,1.0,158.46,Active,Loyal (12+ months),2
52849,0,14.0,Mobile Phone,Tier 3,11.0,E wallet,Male,4.0,5,Fashion,2,Divorced,9,No Complaint,12.0,3.0,2.0,12.0,233.55,Active,Loyal (12+ months),1
52850,0,8.0,Computer,Tier 3,9.0,E wallet,Female,4.0,4,Mobile Phone,3,Divorced,8,No Complaint,19.0,2.0,2.0,3.0,147.31,Active,Mid (6-12 months),0
52851,0,1.0,Phone,Tier 1,26.0,Credit Card,Male,4.0,4,Mobile Phone,2,Divorced,3,No Complaint,25.0,1.0,3.0,3.0,148.23,Active,New (0-6 months),1
52852,0,1.0,Computer,Tier 1,16.0,Credit Card,Male,3.0,4,Mobile Phone,4,Married,8,No Complaint,19.0,1.0,3.0,3.0,145.24,Active,New (0-6 months),0
52853,0,2.0,Mobile Phone,Tier 1,28.0,Credit Card,Male,3.0,4,Mobile Phone,2,Divorced,3,No Complaint,12.0,1.0,2.0,3.0,152.13,Active,New (0-6 months),1
52854,0,31.0,Mobile Phone,Tier 1,31.0,Debit Card,Male,3.0,3,Fashion,2,Married,5,Complained,17.0,2.0,2.0,3.0,219.39,Active,Loyal (12+ months),3
52855,0,1.0,Computer,Tier 1,10.0,Credit Card,Male,4.0,5,Mobile Phone,3,Married,3,Complained,16.0,1.0,2.0,2.0,150.66,Active,New (0-6 months),2
52856,0,24.0,Mobile Phone,Tier 1,18.0,Debit Card,Female,3.0,4,Others,4,Single,5,No Complaint,16.0,3.0,5.0,5.0,324.26,Active,Loyal (12+ months),0
52857,0,15.0,Phone,Tier 1,21.0,Debit Card,Male,3.0,4,Mobile Phone,3,Married,6,No Complaint,13.0,2.0,2.0,9.0,149.51,Active,Loyal (12+ months),0
52858,0,4.0,Mobile Phone,Tier 3,12.0,Debit Card,Female,3.0,4,Fashion,2,Divorced,4,No Complaint,13.0,3.0,8.0,3.0,219.19,Active,New (0-6 months),1
52859,0,12.0,Mobile Phone,Tier 3,7.0,Debit Card,Female,3.0,5,Laptop & Accessory,2,Single,6,No Complaint,23.0,2.0,2.0,3.0,211.86,Active,Mid (6-12 months),1
52860,0,6.0,Mobile Phone,Tier 1,13.0,Debit Card,Male,3.0,4,Mobile Phone,3,Single,5,No Complaint,21.0,1.0,2.0,5.0,155.38,Active,New (0-6 months),0
52861,0,1.0,Mobile Phone,Tier 1,24.0,COD,Male,3.0,4,Mobile Phone,4,Divorced,2,Complained,17.0,2.0,2.0,2.0,155.58,Active,New (0-6 months),2
52862,1,1.0,Computer,Tier 3,7.0,COD,Female,4.0,6,Mobile Phone,5,Single,2,No Complaint,22.0,2.0,2.0,1.0,148.25,Churned,New (0-6 months),0
52863,0,10.0,Computer,Tier 1,10.0,Credit Card,Male,2.0,4,Mobile Phone,4,Single,6,No Complaint,13.0,5.0,8.0,3.0,145.88,Active,Mid (6-12 months),0
52864,0,4.0,Computer,Tier 1,16.0,Credit Card,Male,4.0,4,Laptop & Accessory,5,Married,3,No Complaint,12.0,1.0,7.0,11.0,155.72,Active,New (0-6 months),0
52865,0,19.0,Mobile Phone,Tier 3,11.0,Debit Card,Female,2.0,4,Laptop & Accessory,5,Married,6,Complained,12.0,1.0,2.0,4.0,175.06,Active,Loyal (12+ months),2
52866,0,30.0,Mobile Phone,Tier 1,15.0,Debit Card,Female,4.0,4,Mobile Phone,5,Married,6,Complained,19.0,2.0,3.0,3.0,167.57,Active,Loyal (12+ months),2
52867,0,7.0,Mobile Phone,Tier 1,9.0,Debit Card,Male,3.0,4,Mobile Phone,2,Single,2,No Complaint,15.0,1.0,2.0,3.0,150.0,Active,Mid (6-12 months),1
52868,1,1.0,Phone,Tier 1,9.0,Debit Card,Male,3.0,5,Mobile Phone,2,Single,3,No Complaint,23.0,1.0,2.0,1.0,136.02,Churned,New (0-6 months),1
52869,0,20.0,Mobile Phone,Tier 3,7.0,E wallet,Female,4.0,4,Fashion,5,Married,3,No Complaint,26.0,5.0,16.0,3.0,229.53,Active,Loyal (12+ months),0
52870,0,12.0,Phone,Tier 1,16.0,Debit Card,Female,4.0,4,Mobile Phone,2,Single,3,No Complaint,13.0,2.0,3.0,2.0,147.88,Active,Mid (6-12 months),1
52871,0,5.0,Mobile Phone,Tier 1,19.0,Credit Card,Female,4.0,4,Mobile Phone,2,Divorced,10,Complained,24.0,2.0,2.0,3.0,164.29,Active,New (0-6 months),3
52872,0,8.0,Phone,Tier 1,34.0,Credit Card,Female,4.0,4,Mobile Phone,4,Single,4,No Complaint,16.0,2.0,2.0,3.0,148.11,Active,Mid (6-12 months),0
52873,1,5.0,Mobile Phone,Tier 3,27.0,E wallet,Female,4.0,4,Mobile Phone,4,Single,3,Complained,23.0,1.0,2.0,3.0,156.4,Churned,New (0-6 months),2
52874,0,24.0,Mobile Phone,Tier 1,7.0,Credit Card,Male,3.0,5,Mobile Phone,3,Divorced,4,No Complaint,16.0,1.0,2.0,3.0,161.9,Active,Loyal (12+ months),0
52875,0,27.0,Mobile Phone,Tier 1,20.0,Credit Card,Female,3.0,3,Laptop & Accessory,5,Married,3,No Complaint,12.0,2.0,2.0,4.0,169.5,Active,Loyal (12+ months),0
52876,0,7.0,Mobile Phone,Tier 1,21.0,Credit Card,Female,4.0,4,Mobile Phone,4,Divorced,3,No Complaint,14.0,1.0,2.0,7.0,152.56,Active,Mid (6-12 months),0
52877,0,14.0,Mobile Phone,Tier 1,11.0,Credit Card,Female,3.0,4,Others,3,Divorced,3,No Complaint,15.0,1.0,10.0,10.0,315.33,Active,Loyal (12+ months),0
52878,0,29.0,Mobile Phone,Tier 1,21.0,Credit Card,Male,4.0,3,Others,4,Single,10,No Complaint,15.0,1.0,3.0,16.0,312.22,Active,Loyal (12+ months),0
52879,0,8.0,Computer,Tier 1,9.0,Debit Card,Male,3.0,5,Laptop & Accessory,3,Divorced,3,No Complaint,18.0,1.0,2.0,3.0,220.47,Active,Mid (6-12 months),0
52880,0,25.0,Mobile Phone,Tier 1,10.0,Credit Card,Female,4.0,4,Grocery,4,Single,5,No Complaint,19.0,1.0,2.0,1.0,262.34,Active,Loyal (12+ months),0
52881,0,26.0,Mobile Phone,Tier 1,7.0,Debit Card,Male,4.0,5,Others,3,Divorced,2,No Complaint,15.0,2.0,12.0,10.0,324.99,Active,Loyal (12+ months),0
52882,0,1.0,Phone,Tier 1,16.0,Credit Card,Female,3.0,4,Mobile Phone,4,Single,3,No Complaint,17.0,2.0,2.0,4.0,147.79,Active,New (0-6 months),0
52883,1,1.0,Mobile Phone,Tier 1,30.0,Debit Card,Male,3.0,5,Laptop & Accessory,3,Divorced,5,Complained,14.0,2.0,2.0,2.0,184.16,Churned,New (0-6 months),2
52884,0,17.0,Computer,Tier 1,14.0,Credit Card,Male,3.0,3,Mobile Phone,2,Married,6,No Complaint,15.0,1.0,3.0,3.0,145.89,Active,Loyal (12+ months),1
52885,0,19.0,Computer,Tier 1,9.0,Credit Card,Male,4.0,5,Grocery,2,Divorced,11,No Complaint,15.0,10.0,12.0,9.0,292.92,Active,Loyal (12+ months),1
52886,0,11.0,Mobile Phone,Tier 1,28.0,Debit Card,Male,4.0,3,Mobile Phone,5,Divorced,3,Complained,13.0,1.0,2.0,8.0,160.64,Active,Mid (6-12 months),2
52887,0,9.0,Computer,Tier 1,9.0,Credit Card,Female,3.0,4,Laptop & Accessory,4,Single,7,No Complaint,12.0,2.0,2.0,3.0,169.25,Active,Mid (6-12 months),0
52888,0,16.0,Computer,Tier 1,28.0,Credit Card,Female,3.0,4,Laptop & Accessory,3,Married,4,No Complaint,17.0,1.0,2.0,3.0,177.65,Active,Loyal (12+ months),0
52889,0,12.0,Mobile Phone,Tier 1,9.0,Debit Card,Male,3.0,4,Laptop & Accessory,3,Divorced,11,No Complaint,15.0,1.0,2.0,1.0,190.53,Active,Mid (6-12 months),0
52890,0,12.0,Mobile Phone,Tier 1,36.0,COD,Male,3.0,4,Laptop & Accessory,2,Divorced,5,No Complaint,19.0,1.0,2.0,8.0,187.61,Active,Mid (6-12 months),1
52891,0,1.0,Computer,Tier 1,7.0,COD,Male,3.0,5,Laptop & Accessory,5,Divorced,7,No Complaint,20.0,1.0,3.0,1.0,167.98,Active,New (0-6 months),0
52892,0,23.0,Computer,Tier 1,25.0,Debit Card,Male,4.0,4,Laptop & Accessory,2,Married,3,Complained,16.0,1.0,2.0,8.0,193.04,Active,Loyal (12+ months),3
52893,0,8.0,Computer,Tier 1,17.0,Credit Card,Male,3.0,4,Mobile Phone,3,Married,3,Complained,18.0,3.0,3.0,1.0,163.15,Active,Mid (6-12 months),2
52894,0,14.0,Mobile Phone,Tier 1,26.0,Credit Card,Male,3.0,4,Laptop & Accessory,2,Divorced,10,Complained,16.0,2.0,4.0,8.0,152.41,Active,Loyal (12+ months),3
52895,1,2.0,Mobile Phone,Tier 1,36.0,Credit Card,Male,4.0,4,Laptop & Accessory,5,Divorced,9,Complained,20.0,1.0,2.0,1.0,191.73,Churned,New (0-6 months),2
52896,1,1.0,Mobile Phone,Tier 3,34.0,E wallet,Female,3.0,4,Fashion,2,Divorced,3,No Complaint,23.0,2.0,2.0,10.0,201.39,Churned,New (0-6 months),1
52897,0,1.0,Phone,Tier 1,12.0,Debit Card,Male,3.0,3,Mobile Phone,4,Married,3,Complained,17.0,1.0,3.0,3.0,148.28,Active,New (0-6 months),2
52898,0,10.0,Computer,Tier 1,25.0,Credit Card,Female,4.0,4,Mobile Phone,2,Single,3,No Complaint,14.0,2.0,2.0,8.0,146.53,Active,Mid (6-12 months),1
52899,0,14.0,Computer,Tier 1,16.0,Debit Card,Male,4.0,5,Laptop & Accessory,2,Divorced,11,No Complaint,15.0,2.0,2.0,3.0,173.76,Active,Loyal (12+ months),1
52900,0,20.0,Mobile Phone,Tier 1,7.0,Credit Card,Male,4.0,4,Fashion,5,Married,9,No Complaint,17.0,1.0,2.0,3.0,218.96,Active,Loyal (12+ months),0
52901,1,1.0,Mobile Phone,Tier 3,11.0,Credit Card,Male,3.0,6,Fashion,2,Divorced,3,No Complaint,12.0,8.0,10.0,3.0,229.0,Churned,New (0-6 months),1
52902,0,4.0,Computer,Tier 1,7.0,Debit Card,Male,3.0,5,Fashion,3,Single,3,No Complaint,23.0,3.0,6.0,3.0,209.74,Active,New (0-6 months),0
52903,0,1.0,Computer,Tier 3,27.0,Debit Card,Female,3.0,4,Laptop & Accessory,3,Single,3,No Complaint,15.0,2.0,2.0,3.0,224.81,Active,New (0-6 months),0
52904,0,25.0,Mobile Phone,Tier 1,15.0,Debit Card,Male,3.0,5,Fashion,4,Divorced,7,No Complaint,17.0,2.0,2.0,8.0,249.9,Active,Loyal (12+ months),0
52905,1,1.0,Mobile Phone,Tier 1,10.0,COD,Female,3.0,4,Mobile Phone,5,Single,7,Complained,12.0,2.0,2.0,5.0,151.57,Churned,New (0-6 months),2
52906,0,15.0,Mobile Phone,Tier 3,13.0,Debit Card,Female,4.0,4,Fashion,2,Single,5,Complained,19.0,1.0,2.0,1.0,260.91,Active,Loyal (12+ months),3
52907,1,1.0,Computer,Tier 3,33.0,E wallet,Female,3.0,5,Laptop & Accessory,5,Single,7,No Complaint,16.0,1.0,2.0,2.0,191.96,Churned,New (0-6 months),0
52908,1,1.0,Phone,Tier 1,7.0,COD,Male,3.0,4,Mobile Phone,3,Single,2,No Complaint,15.0,1.0,2.0,6.0,145.58,Churned,New (0-6 months),0
52909,0,19.0,Computer,Tier 3,13.0,Credit Card,Female,3.0,5,Fashion,2,Single,8,No Complaint,13.0,13.0,13.0,3.0,213.65,Active,Loyal (12+ months),1
52910,0,28.0,Mobile Phone,Tier 3,10.0,E wallet,Female,3.0,4,Laptop & Accessory,5,Divorced,4,No Complaint,15.0,2.0,2.0,6.0,184.4,Active,Loyal (12+ months),0
52911,0,10.0,Mobile Phone,Tier 1,12.0,Debit Card,Male,4.0,4,Laptop & Accessory,4,Single,10,No Complaint,17.0,1.0,4.0,8.0,184.14,Active,Mid (6-12 months),0
52912,0,7.0,Mobile Phone,Tier 1,11.0,Credit Card,Female,3.0,5,Mobile Phone,4,Divorced,8,No Complaint,22.0,1.0,2.0,2.0,151.22,Active,Mid (6-12 months),0
52913,0,11.0,Computer,Tier 1,18.0,UPI,Male,3.0,4,Fashion,2,Married,3,Complained,15.0,1.0,2.0,8.0,246.85,Active,Mid (6-12 months),3
52914,0,12.0,Mobile Phone,Tier 3,10.0,Debit Card,Male,4.0,4,Fashion,3,Married,2,No Complaint,13.0,2.0,6.0,3.0,231.09,Active,Mid (6-12 months),0
52915,0,5.0,Computer,Tier 1,7.0,Credit Card,Male,3.0,6,Laptop & Accessory,3,Divorced,2,No Complaint,13.0,2.0,2.0,5.0,168.45,Active,New (0-6 months),0
52916,0,31.0,Phone,Tier 1,10.0,Debit Card,Male,4.0,5,Mobile Phone,2,Divorced,5,No Complaint,18.0,1.0,2.0,1.0,146.77,Active,Loyal (12+ months),1
52917,0,11.0,Computer,Tier 3,11.0,E wallet,Male,3.0,4,Mobile Phone,2,Married,6,No Complaint,18.0,2.0,6.0,9.0,25.0,Active,Mid (6-12 months),1
52918,0,3.0,Computer,Tier 3,7.0,Credit Card,Female,3.0,4,Fashion,2,Divorced,3,No Complaint,15.0,5.0,5.0,2.0,204.18,Active,New (0-6 months),1
52919,0,9.0,Computer,Tier 3,7.0,E wallet,Female,4.0,4,Fashion,3,Single,3,No Complaint,15.0,2.0,2.0,3.0,212.89,Active,Mid (6-12 months),0
52920,1,1.0,Phone,Tier 1,25.0,Credit Card,Male,3.0,5,Mobile Phone,2,Single,3,Complained,14.0,1.0,2.0,2.0,148.89,Churned,New (0-6 months),3
52921,0,26.0,Mobile Phone,Tier 1,9.0,Debit Card,Female,3.0,5,Mobile Phone,2,Single,9,No Complaint,16.0,1.0,3.0,3.0,157.12,Active,Loyal (12+ months),1
52922,0,16.0,Mobile Phone,Tier 1,11.0,Cash on Delivery,Male,3.0,4,Others,2,Divorced,3,No Complaint,15.0,1.0,12.0,16.0,317.32,Active,Loyal (12+ months),1
52923,0,31.0,Phone,Tier 2,13.0,Credit Card,Male,3.0,4,Mobile Phone,3,Divorced,10,No Complaint,18.0,3.0,3.0,3.0,147.67,Active,Loyal (12+ months),0
52924,0,24.0,Mobile Phone,Tier 3,7.0,Credit Card,Female,4.0,4,Others,2,Married,5,No Complaint,15.0,2.0,2.0,7.0,320.17,Active,Loyal (12+ months),1
52925,1,1.0,Phone,Tier 1,21.0,Credit Card,Male,3.0,4,Mobile Phone,2,Divorced,7,Complained,14.0,1.0,2.0,5.0,149.36,Churned,New (0-6 months),3
52926,0,17.0,Mobile Phone,Tier 3,23.0,E wallet,Female,4.0,4,Grocery,2,Divorced,7,Complained,23.0,1.0,2.0,10.0,285.64,Active,Loyal (12+ months),3
52927,1,1.0,Mobile Phone,Tier 1,9.0,Debit Card,Female,3.0,4,Mobile Phone,5,Divorced,9,No Complaint,21.0,2.0,2.0,8.0,152.07,Churned,New (0-6 months),0
52928,0,26.0,Computer,Tier 3,9.0,Debit Card,Male,4.0,5,Others,3,Single,3,Complained,15.0,8.0,16.0,13.0,315.68,Active,Loyal (12+ months),2
52929,0,6.0,Mobile Phone,Tier 3,11.0,Debit Card,Female,3.0,4,Mobile Phone,4,Divorced,4,No Complaint,12.0,2.0,2.0,3.0,164.31,Active,New (0-6 months),0
52930,1,1.0,Mobile Phone,Tier 1,7.0,Debit Card,Male,4.0,5,Mobile Phone,3,Single,2,Complained,15.0,2.0,2.0,3.0,162.3,Churned,New (0-6 months),2
52931,0,13.0,Phone,Tier 1,7.0,Credit Card,Female,4.0,4,Mobile Phone,3,Married,9,No Complaint,15.0,1.0,2.0,3.0,147.32,Active,Loyal (12+ months),0
52932,0,6.0,Computer,Tier 3,33.0,E wallet,Male,4.0,4,Laptop & Accessory,2,Divorced,2,No Complaint,19.0,2.0,3.0,3.0,169.65,Active,New (0-6 months),1
52933,0,15.0,Mobile Phone,Tier 1,26.0,Debit Card,Male,3.0,4,Laptop & Accessory,5,Married,4,No Complaint,17.0,2.0,2.0,1.0,155.72,Active,Loyal (12+ months),0
52934,0,14.0,Mobile Phone,Tier 1,31.0,COD,Male,4.0,4,Laptop & Accessory,2,Married,3,No Complaint,18.0,3.0,5.0,8.0,158.19,Active,Loyal (12+ months),1
52935,0,19.0,Mobile Phone,Tier 1,7.0,UPI,Male,4.0,3,Others,2,Divorced,2,No Complaint,15.0,2.0,2.0,8.0,317.02,Active,Loyal (12+ months),1
52936,0,5.0,Computer,Tier 1,10.0,Credit Card,Male,4.0,4,Fashion,3,Married,11,No Complaint,13.0,1.0,3.0,3.0,261.75,Active,New (0-6 months),0
52937,0,7.0,Mobile Phone,Tier 1,12.0,Debit Card,Female,4.0,5,Mobile Phone,2,Divorced,3,No Complaint,14.0,1.0,2.0,3.0,154.11,Active,Mid (6-12 months),1
52938,0,8.0,Mobile Phone,Tier 1,9.0,Debit Card,Male,3.0,5,Laptop & Accessory,5,Divorced,8,No Complaint,14.0,1.0,6.0,10.0,184.57,Active,Mid (6-12 months),0
52939,0,11.0,Mobile Phone,Tier 1,7.0,Credit Card,Female,3.0,5,Mobile Phone,5,Divorced,4,No Complaint,15.0,2.0,2.0,3.0,164.2,Active,Mid (6-12 months),0
52940,0,19.0,Computer,Tier 1,14.0,Debit Card,Male,4.0,3,Laptop & Accessory,3,Divorced,6,No Complaint,18.0,1.0,2.0,3.0,189.34,Active,Loyal (12+ months),0
52941,1,1.0,Computer,Tier 1,17.0,Credit Card,Male,4.0,4,Fashion,3,Married,8,No Complaint,12.0,2.0,2.0,3.0,225.48,Churned,New (0-6 months),0
52942,0,13.0,Computer,Tier 1,9.0,Cash on Delivery,Female,4.0,4,Fashion,3,Single,2,No Complaint,26.0,11.0,2.0,9.0,234.38,Active,Loyal (12+ months),0
52943,0,3.0,Phone,Tier 1,22.0,Debit Card,Male,3.0,4,Mobile Phone,2,Single,3,No Complaint,20.0,1.0,2.0,6.0,148.4,Active,New (0-6 months),1
52944,0,16.0,Mobile Phone,Tier 1,24.0,Debit Card,Female,3.0,3,Laptop & Accessory,5,Single,5,Complained,14.0,1.0,2.0,3.0,190.45,Active,Loyal (12+ months),2
52945,0,3.0,Mobile Phone,Tier 3,27.0,E wallet,Male,3.0,4,Laptop & Accessory,2,Married,4,No Complaint,15.0,2.0,2.0,3.0,194.31,Active,New (0-6 months),1
52946,0,1.0,Mobile Phone,Tier 1,7.0,Debit Card,Female,4.0,4,Laptop & Accessory,3,Divorced,2,No Complaint,13.0,2.0,2.0,3.0,173.98,Active,New (0-6 months),0
52947,0,16.0,Mobile Phone,Tier 1,9.0,Credit Card,Female,3.0,5,Mobile Phone,5,Married,2,Complained,12.0,5.0,8.0,9.0,150.93,Active,Loyal (12+ months),2
52948,0,14.0,Mobile Phone,Tier 1,9.0,Credit Card,Male,3.0,4,Others,3,Married,2,No Complaint,15.0,1.0,4.0,10.0,319.36,Active,Loyal (12+ months),0
52949,0,25.0,Mobile Phone,Tier 1,7.0,Debit Card,Male,4.0,4,Mobile Phone,2,Divorced,3,No Complaint,12.0,2.0,2.0,1.0,152.23,Active,Loyal (12+ months),1
52950,1,1.0,Computer,Tier 1,36.0,Credit Card,Male,4.0,5,Mobile Phone,4,Single,2,No Complaint,12.0,2.0,2.0,5.0,159.79,Churned,New (0-6 months),0
52951,0,6.0,Computer,Tier 1,14.0,Debit Card,Male,4.0,3,Mobile Phone,4,Divorced,3,No Complaint,21.0,1.0,2.0,4.0,152.94,Active,New (0-6 months),0
52952,0,12.0,Computer,Tier 3,9.0,Debit Card,Male,3.0,5,Laptop & Accessory,2,Divorced,5,No Complaint,19.0,7.0,8.0,6.0,177.49,Active,Mid (6-12 months),1
52953,0,6.0,Phone,Tier 1,9.0,COD,Male,3.0,5,Laptop & Accessory,5,Single,6,No Complaint,14.0,1.0,2.0,5.0,146.76,Active,New (0-6 months),0
52954,0,20.0,Mobile Phone,Tier 3,9.0,Cash on Delivery,Female,4.0,6,Grocery,4,Divorced,5,Complained,15.0,7.0,8.0,8.0,293.72,Active,Loyal (12+ months),2
52955,1,1.0,Mobile Phone,Tier 1,9.0,Debit Card,Male,4.0,4,Mobile Phone,3,Single,4,No Complaint,12.0,2.0,2.0,1.0,159.85,Churned,New (0-6 months),0
52956,0,3.0,Mobile Phone,Tier 3,9.0,Credit Card,Male,4.0,5,Laptop & Accessory,4,Divorced,4,No Complaint,20.0,1.0,2.0,1.0,191.44,Active,New (0-6 months),0
52957,0,5.0,Mobile Phone,Tier 1,30.0,Credit Card,Male,4.0,5,Laptop & Accessory,2,Divorced,2,No Complaint,22.0,2.0,8.0,9.0,180.82,Active,New (0-6 months),1
52958,0,1.0,Computer,Tier 1,12.0,Debit Card,Male,3.0,3,Laptop & Accessory,5,Married,3,No Complaint,13.0,2.0,2.0,6.0,165.0,Active,New (0-6 months),0
52959,0,19.0,Mobile Phone,Tier 1,27.0,Credit Card,Male,4.0,4,Grocery,2,Divorced,2,Complained,15.0,1.0,2.0,11.0,259.96,Active,Loyal (12+ months),3
52960,0,10.0,Mobile Phone,Tier 1,13.0,Debit Card,Male,3.0,4,Mobile Phone,2,Divorced,2,No Complaint,12.0,5.0,11.0,12.0,157.1,Active,Mid (6-12 months),1
52961,0,29.0,Mobile Phone,Tier 1,7.0,Credit Card,Male,3.0,4,Others,5,Single,2,Complained,15.0,5.0,5.0,14.0,315.45,Active,Loyal (12+ months),2
52962,1,11.0,Computer,Tier 1,36.0,Debit Card,Male,3.0,4,Fashion,4,Divorced,3,Complained,13.0,6.0,2.0,10.0,243.49,Churned,Mid (6-12 months),2
52963,0,2.0,Phone,Tier 1,16.0,Credit Card,Male,4.0,4,Mobile Phone,2,Divorced,3,No Complaint,24.0,2.0,2.0,5.0,145.7,Active,New (0-6 months),1
52964,0,11.0,Mobile Phone,Tier 3,13.0,Credit Card,Male,4.0,4,Laptop & Accessory,2,Divorced,6,No Complaint,15.0,1.0,2.0,2.0,190.02,Active,Mid (6-12 months),1
52965,0,1.0,Mobile Phone,Tier 1,10.0,Credit Card,Male,4.0,5,Mobile Phone,3,Single,3,No Complaint,18.0,2.0,2.0,1.0,157.3,Active,New (0-6 months),0
52966,0,11.0,Computer,Tier 1,7.0,Credit Card,Female,1.0,4,Fashion,2,Married,4,Complained,19.0,1.0,2.0,3.0,261.03,Active,Mid (6-12 months),3
52967,0,3.0,Mobile Phone,Tier 1,29.0,Debit Card,Female,4.0,3,Fashion,4,Married,9,No Complaint,19.0,6.0,2.0,3.0,244.96,Active,New (0-6 months),0
52968,0,12.0,Mobile Phone,Tier 3,14.0,Credit Card,Female,3.0,3,Laptop & Accessory,5,Married,3,Complained,25.0,1.0,8.0,8.0,181.05,Active,Mid (6-12 months),2
52969,0,1.0,Computer,Tier 1,7.0,Debit Card,Female,3.0,4,Laptop & Accessory,4,Married,3,No Complaint,21.0,1.0,2.0,5.0,188.97,Active,New (0-6 months),0
52970,0,24.0,Mobile Phone,Tier 1,11.0,Debit Card,Male,4.0,4,Others,4,Married,5,No Complaint,15.0,2.0,2.0,7.0,316.44,Active,Loyal (12+ months),0
52971,0,27.0,Mobile Phone,Tier 1,10.0,Credit Card,Male,3.0,4,Grocery,3,Divorced,5,Complained,15.0,1.0,2.0,4.0,300.84,Active,Loyal (12+ months),2
52972,0,16.0,Mobile Phone,Tier 3,7.0,Debit Card,Male,3.0,4,Laptop & Accessory,3,Divorced,3,No Complaint,26.0,5.0,12.0,7.0,174.07,Active,Loyal (12+ months),0
52973,0,3.0,Computer,Tier 3,9.0,Debit Card,Male,3.0,4,Laptop & Accessory,2,Single,3,No Complaint,19.0,1.0,2.0,10.0,170.54,Active,New (0-6 months),1
52974,0,29.0,Mobile Phone,Tier 1,27.0,COD,Male,3.0,4,Laptop & Accessory,2,Divorced,5,Complained,20.0,2.0,2.0,9.0,179.15,Active,Loyal (12+ months),3
52975,0,1.0,Computer,Tier 1,18.0,Credit Card,Male,3.0,4,Laptop & Accessory,5,Divorced,3,Complained,14.0,3.0,4.0,4.0,172.41,Active,New (0-6 months),2
52976,0,11.0,Phone,Tier 1,7.0,Debit Card,Female,3.0,4,Mobile Phone,2,Single,3,No Complaint,13.0,2.0,6.0,8.0,146.15,Active,Mid (6-12 months),1
52977,1,8.0,Computer,Tier 1,31.0,Debit Card,Male,3.0,4,Mobile Phone,3,Married,5,Complained,23.0,1.0,2.0,1.0,156.61,Churned,Mid (6-12 months),2
52978,0,12.0,Mobile Phone,Tier 1,30.0,Debit Card,Male,3.0,4,Laptop & Accessory,2,Married,11,No Complaint,15.0,1.0,2.0,3.0,182.45,Active,Mid (6-12 months),1
52979,1,1.0,Phone,Tier 1,23.0,Credit Card,Male,3.0,4,Mobile Phone,4,Married,4,Complained,14.0,2.0,2.0,3.0,148.73,Churned,New (0-6 months),2
52980,0,2.0,Mobile Phone,Tier 1,15.0,Debit Card,Female,4.0,4,Mobile Phone,2,Single,3,No Complaint,22.0,1.0,2.0,3.0,158.1,Active,New (0-6 months),1
52981,0,23.0,Computer,Tier 1,17.0,Debit Card,Female,3.0,4,Others,5,Single,11,Complained,15.0,1.0,2.0,3.0,311.65,Active,Loyal (12+ months),2
52982,0,10.0,Mobile Phone,Tier 1,10.0,COD,Male,2.0,4,Laptop & Accessory,4,Single,6,No Complaint,13.0,7.0,8.0,8.0,169.85,Active,Mid (6-12 months),0
52983,0,5.0,Computer,Tier 3,12.0,E wallet,Female,3.0,4,Mobile Phone,4,Married,3,No Complaint,12.0,1.0,3.0,3.0,152.89,Active,New (0-6 months),0
52984,1,1.0,Mobile Phone,Tier 3,11.0,E wallet,Male,3.0,5,Laptop & Accessory,2,Single,3,Complained,13.0,8.0,8.0,5.0,183.28,Churned,New (0-6 months),3
52985,0,11.0,Computer,Tier 1,16.0,Credit Card,Male,3.0,4,Mobile Phone,2,Divorced,3,Complained,13.0,1.0,2.0,3.0,148.26,Active,Mid (6-12 months),3
52986,0,16.0,Computer,Tier 3,33.0,E wallet,Female,4.0,4,Grocery,4,Divorced,7,No Complaint,15.0,3.0,2.0,9.0,260.25,Active,Loyal (12+ months),0
52987,1,1.0,Phone,Tier 1,10.0,Debit Card,Male,3.0,4,Mobile Phone,3,Single,3,No Complaint,14.0,1.0,2.0,1.0,139.2,Churned,New (0-6 months),0
52988,0,9.0,Mobile Phone,Tier 3,23.0,E wallet,Male,4.0,4,Fashion,4,Divorced,2,No Complaint,16.0,4.0,7.0,10.0,205.2,Active,Mid (6-12 months),0
52989,0,10.0,Computer,Tier 1,25.0,Debit Card,Male,3.0,3,Mobile Phone,2,Divorced,6,No Complaint,19.0,1.0,2.0,1.0,161.88,Active,Mid (6-12 months),1
52990,0,25.0,Mobile Phone,Tier 1,9.0,Credit Card,Male,3.0,6,Laptop & Accessory,4,Married,7,No Complaint,19.0,1.0,2.0,3.0,179.82,Active,Loyal (12+ months),0
52991,0,15.0,Mobile Phone,Tier 3,9.0,Debit Card,Male,3.0,4,Grocery,4,Single,3,No Complaint,20.0,1.0,2.0,5.0,285.15,Active,Loyal (12+ months),0
52992,0,1.0,Phone,Tier 3,17.0,Credit Card,Female,4.0,5,Mobile Phone,3,Single,3,No Complaint,13.0,2.0,2.0,1.0,137.0,Active,New (0-6 months),0
52993,0,2.0,Mobile Phone,Tier 1,23.0,Credit Card,Male,4.0,3,Laptop & Accessory,5,Single,2,No Complaint,20.0,1.0,2.0,8.0,181.61,Active,New (0-6 months),0
52994,0,5.0,Mobile Phone,Tier 3,14.0,Cash on Delivery,Male,4.0,3,Laptop & Accessory,2,Divorced,6,No Complaint,12.0,4.0,8.0,8.0,194.29,Active,New (0-6 months),1
52995,0,13.0,Mobile Phone,Tier 1,7.0,Credit Card,Male,3.0,3,Fashion,2,Married,2,No Complaint,18.0,4.0,4.0,3.0,221.13,Active,Loyal (12+ months),1
52996,0,10.0,Computer,Tier 1,31.0,Debit Card,Female,3.0,4,Laptop & Accessory,4,Divorced,9,No Complaint,16.0,1.0,2.0,9.0,181.74,Active,Mid (6-12 months),0
52997,0,6.0,Mobile Phone,Tier 3,14.0,Debit Card,Male,4.0,5,Laptop & Accessory,3,Divorced,3,No Complaint,15.0,2.0,5.0,9.0,179.84,Active,New (0-6 months),0
52998,0,12.0,Mobile Phone,Tier 1,32.0,Debit Card,Female,3.0,5,Fashion,4,Divorced,5,No Complaint,18.0,2.0,2.0,2.0,245.61,Active,Mid (6-12 months),0
52999,0,31.0,Computer,Tier 1,7.0,Debit Card,Male,3.0,6,Laptop & Accessory,3,Married,4,Complained,14.0,2.0,2.0,3.0,181.6,Active,Loyal (12+ months),2
53000,0,5.0,Mobile Phone,Tier 1,12.0,COD,Male,3.0,4,Mobile Phone,2,Divorced,2,Complained,13.0,1.0,2.0,4.0,173.21,Active,New (0-6 months),3
53001,0,5.0,Mobile Phone,Tier 2,9.0,UPI,Male,4.0,5,Laptop & Accessory,5,Divorced,5,No Complaint,13.0,1.0,2.0,1.0,189.1,Active,New (0-6 months),0
53002,0,19.0,Computer,Tier 1,14.0,Debit Card,Male,4.0,4,Fashion,5,Married,3,No Complaint,19.0,6.0,10.0,12.0,177.1,Active,Loyal (12+ months),0
53003,0,5.0,Mobile Phone,Tier 1,9.0,Debit Card,Male,3.0,4,Mobile Phone,2,Married,2,Complained,19.0,2.0,3.0,3.0,151.95,Active,New (0-6 months),3
53004,0,7.0,Computer,Tier 1,12.0,Debit Card,Female,4.0,4,Fashion,4,Divorced,8,No Complaint,12.0,3.0,2.0,9.0,243.78,Active,Mid (6-12 months),0
53005,0,13.0,Mobile Phone,Tier 1,17.0,Credit Card,Male,3.0,4,Grocery,5,Divorced,3,Complained,15.0,12.0,12.0,11.0,295.68,Active,Loyal (12+ months),2
53006,0,17.0,Computer,Tier 1,17.0,Debit Card,Female,3.0,4,Mobile Phone,2,Single,2,No Complaint,20.0,1.0,2.0,8.0,149.55,Active,Loyal (12+ months),1
53007,0,23.0,Mobile Phone,Tier 1,7.0,Cash on Delivery,Female,3.0,5,Grocery,3,Single,9,Complained,13.0,1.0,2.0,8.0,264.64,Active,Loyal (12+ months),2
53008,1,16.0,Mobile Phone,Tier 1,15.0,Credit Card,Male,3.0,5,Laptop & Accessory,4,Divorced,4,No Complaint,16.0,8.0,8.0,8.0,174.41,Churned,Loyal (12+ months),0
53009,0,1.0,Mobile Phone,Tier 1,12.0,Debit Card,Female,3.0,4,Mobile Phone,4,Single,3,Complained,13.0,1.0,2.0,3.0,149.78,Active,New (0-6 months),2
53010,0,6.0,Mobile Phone,Tier 3,15.0,COD,Female,4.0,5,Laptop & Accessory,4,Divorced,3,Complained,12.0,7.0,12.0,10.0,177.28,Active,New (0-6 months),2
53011,0,1.0,Mobile Phone,Tier 3,9.0,Debit Card,Male,4.0,4,Laptop & Accessory,3,Single,3,Complained,12.0,2.0,2.0,5.0,169.78,Active,New (0-6 months),2
53012,0,5.0,Mobile Phone,Tier 3,14.0,E wallet,Male,4.0,4,Laptop & Accessory,2,Married,6,No Complaint,13.0,1.0,2.0,8.0,200.47,Active,New (0-6 months),1
53013,0,6.0,Mobile Phone,Tier 1,9.0,Credit Card,Female,4.0,3,Laptop & Accessory,2,Single,9,No Complaint,17.0,2.0,2.0,8.0,175.55,Active,New (0-6 months),1
53014,1,1.0,Mobile Phone,Tier 1,9.0,Credit Card,Male,3.0,6,Mobile Phone,2,Divorced,7,Complained,14.0,3.0,3.0,3.0,159.64,Churned,New (0-6 months),3
53015,0,4.0,Mobile Phone,Tier 1,35.0,Credit Card,Female,4.0,4,Laptop & Accessory,2,Divorced,3,No Complaint,14.0,1.0,2.0,10.0,182.75,Active,New (0-6 months),1
53016,0,5.0,Computer,Tier 1,14.0,Debit Card,Female,3.0,5,Fashion,3,Divorced,3,No Complaint,25.0,4.0,9.0,3.0,214.43,Active,New (0-6 months),0
53017,0,13.0,Computer,Tier 1,6.0,Credit Card,Male,3.0,5,Others,2,Divorced,3,No Complaint,15.0,10.0,14.0,4.0,317.72,Active,Loyal (12+ months),1
53018,1,3.0,Mobile Phone,Tier 3,10.0,Credit Card,Female,3.0,4,Laptop & Accessory,3,Divorced,6,Complained,19.0,2.0,2.0,1.0,177.38,Churned,New (0-6 months),2
53019,0,7.0,Computer,Tier 3,17.0,E wallet,Male,3.0,5,Laptop & Accessory,2,Single,5,No Complaint,15.0,2.0,2.0,2.0,171.82,Active,Mid (6-12 months),1
53020,0,21.0,Mobile Phone,Tier 1,12.0,Debit Card,Male,3.0,4,Others,3,Divorced,6,No Complaint,15.0,1.0,2.0,2.0,308.0,Active,Loyal (12+ months),0
53021,0,17.0,Computer,Tier 1,17.0,Debit Card,Female,3.0,5,Laptop & Accessory,3,Married,3,No Complaint,12.0,1.0,2.0,1.0,177.57,Active,Loyal (12+ months),0
53022,0,1.0,Computer,Tier 3,7.0,E wallet,Male,4.0,4,Laptop & Accessory,4,Divorced,2,Complained,14.0,1.0,2.0,5.0,188.49,Active,New (0-6 months),2
53023,0,28.0,Computer,Tier 1,27.0,Debit Card,Female,3.0,4,Laptop & Accessory,3,Single,5,No Complaint,13.0,2.0,2.0,4.0,173.69,Active,Loyal (12+ months),0
53024,0,17.0,Mobile Phone,Tier 1,14.0,Debit Card,Female,3.0,4,Fashion,5,Divorced,10,No Complaint,17.0,2.0,2.0,3.0,224.85,Active,Loyal (12+ months),0
53025,0,19.0,Mobile Phone,Tier 1,15.0,UPI,Male,4.0,4,Laptop & Accessory,2,Divorced,11,No Complaint,15.0,8.0,10.0,9.0,161.97,Active,Loyal (12+ months),1
53026,0,14.0,Mobile Phone,Tier 3,7.0,Credit Card,Male,3.0,6,Laptop & Accessory,2,Divorced,4,Complained,23.0,2.0,2.0,3.0,199.57,Active,Loyal (12+ months),3
53027,1,1.0,Phone,Tier 1,15.0,UPI,Male,4.0,6,Mobile Phone,5,Divorced,3,Complained,12.0,2.0,2.0,8.0,146.19,Churned,New (0-6 months),2
53028,0,3.0,Mobile Phone,Tier 1,16.0,UPI,Male,2.0,5,Mobile Phone,2,Single,2,No Complaint,18.0,3.0,3.0,3.0,164.83,Active,New (0-6 months),1
53029,0,4.0,Mobile Phone,Tier 3,12.0,E wallet,Female,2.0,5,Laptop & Accessory,3,Married,3,No Complaint,14.0,1.0,2.0,3.0,186.18,Active,New (0-6 months),0
53030,0,1.0,Mobile Phone,Tier 3,15.0,E wallet,Female,3.0,4,Laptop & Accessory,4,Divorced,3,No Complaint,19.0,1.0,2.0,8.0,187.14,Active,New (0-6 months),0
53031,0,11.0,Mobile Phone,Tier 1,12.0,Credit Card,Male,4.0,4,Laptop & Accessory,2,Married,9,No Complaint,17.0,1.0,2.0,5.0,188.47,Active,Mid (6-12 months),1
53032,0,12.0,Mobile Phone,Tier 1,22.0,Debit Card,Male,4.0,5,Fashion,2,Married,2,Complained,15.0,2.0,2.0,10.0,240.1,Active,Mid (6-12 months),3
53033,0,5.0,Mobile Phone,Tier 1,14.0,Credit Card,Female,3.0,4,Fashion,2,Single,3,Complained,15.0,3.0,5.0,11.0,196.43,Active,New (0-6 months),3
53034,0,3.0,Mobile Phone,Tier 3,17.0,E wallet,Female,3.0,5,Laptop & Accessory,4,Married,3,Complained,15.0,1.0,2.0,8.0,207.68,Active,New (0-6 months),2
53035,0,9.0,Mobile Phone,Tier 1,12.0,Cash on Delivery,Male,4.0,4,Fashion,4,Single,2,No Complaint,14.0,1.0,2.0,14.0,205.95,Active,Mid (6-12 months),0
53036,0,1.0,Mobile Phone,Tier 1,33.0,Debit Card,Male,3.0,4,Mobile Phone,2,Married,3,No Complaint,13.0,2.0,2.0,3.0,154.04,Active,New (0-6 months),1
53037,0,15.0,Mobile Phone,Tier 1,13.0,Credit Card,Male,4.0,5,Laptop & Accessory,4,Single,8,Complained,16.0,2.0,2.0,3.0,185.32,Active,Loyal (12+ months),2
53038,0,21.0,Computer,Tier 3,11.0,Credit Card,Male,3.0,4,Laptop & Accessory,3,Single,5,No Complaint,20.0,1.0,2.0,1.0,154.76,Active,Loyal (12+ months),0
53039,0,16.0,Mobile Phone,Tier 1,30.0,Debit Card,Female,3.0,4,Grocery,2,Single,4,No Complaint,15.0,1.0,2.0,1.0,284.92,Active,Loyal (12+ months),1
53040,0,3.0,Computer,Tier 3,9.0,Debit Card,Male,4.0,4,Laptop & Accessory,3,Divorced,3,No Complaint,15.0,2.0,2.0,3.0,171.49,Active,New (0-6 months),0
53041,0,16.0,Mobile Phone,Tier 2,9.0,COD,Male,3.0,4,Mobile Phone,3,Married,2,Complained,12.0,2.0,2.0,1.0,151.96,Active,Loyal (12+ months),2
53042,0,6.0,Phone,Tier 1,9.0,Credit Card,Female,4.0,4,Mobile Phone,4,Divorced,3,No Complaint,14.0,1.0,2.0,8.0,148.7,Active,New (0-6 months),0
53043,0,22.0,Mobile Phone,Tier 3,36.0,Credit Card,Female,4.0,4,Fashion,3,Divorced,5,No Complaint,22.0,1.0,2.0,1.0,250.04,Active,Loyal (12+ months),0
53044,0,11.0,Mobile Phone,Tier 1,13.0,Credit Card,Male,3.0,3,Laptop & Accessory,5,Married,6,Complained,14.0,3.0,7.0,8.0,184.74,Active,Mid (6-12 months),2
53045,0,4.0,Computer,Tier 3,32.0,COD,Female,3.0,4,Laptop & Accessory,3,Divorced,9,Complained,13.0,2.0,3.0,3.0,172.36,Active,New (0-6 months),2
53046,0,1.0,Mobile Phone,Tier 3,7.0,Debit Card,Male,3.0,4,Laptop & Accessory,3,Divorced,3,No Complaint,18.0,3.0,8.0,8.0,177.96,Active,New (0-6 months),0
53047,0,16.0,Mobile Phone,Tier 1,9.0,UPI,Male,4.0,5,Laptop & Accessory,2,Single,5,No Complaint,24.0,1.0,2.0,1.0,192.81,Active,Loyal (12+ months),1
53048,1,1.0,Computer,Tier 3,7.0,COD,Female,3.0,5,Mobile Phone,4,Single,3,Complained,12.0,2.0,2.0,3.0,146.74,Churned,New (0-6 months),2
53049,0,10.0,Computer,Tier 3,7.0,Credit Card,Female,3.0,4,Laptop & Accessory,2,Single,6,No Complaint,16.0,2.0,2.0,1.0,191.53,Active,Mid (6-12 months),1
53050,0,10.0,Computer,Tier 3,10.0,Credit Card,Male,3.0,5,Fashion,2,Divorced,6,No Complaint,12.0,1.0,2.0,3.0,221.99,Active,Mid (6-12 months),1
53051,0,31.0,Mobile Phone,Tier 1,7.0,Credit Card,Male,3.0,4,Laptop & Accessory,3,Divorced,4,No Complaint,12.0,2.0,2.0,3.0,192.55,Active,Loyal (12+ months),0
53052,0,14.0,Phone,Tier 1,17.0,Debit Card,Female,3.0,3,Mobile Phone,3,Divorced,5,Complained,14.0,1.0,2.0,8.0,147.13,Active,Loyal (12+ months),2
53053,0,1.0,Computer,Tier 3,16.0,Credit Card,Male,3.0,4,Mobile Phone,2,Single,3,No Complaint,25.0,1.0,3.0,3.0,151.1,Active,New (0-6 months),1
53054,1,1.0,Mobile Phone,Tier 3,12.0,E wallet,Female,3.0,4,Mobile Phone,3,Single,3,Complained,14.0,2.0,2.0,1.0,153.51,Churned,New (0-6 months),2
53055,0,11.0,Mobile Phone,Tier 1,17.0,Credit Card,Female,4.0,4,Mobile Phone,5,Divorced,8,No Complaint,21.0,2.0,2.0,4.0,159.52,Active,Mid (6-12 months),0
53056,0,20.0,Computer,Tier 1,14.0,Credit Card,Female,2.0,4,Laptop & Accessory,3,Divorced,4,No Complaint,15.0,1.0,2.0,1.0,177.58,Active,Loyal (12+ months),0
53057,1,5.0,Computer,Tier 3,11.0,E wallet,Male,3.0,4,Laptop & Accessory,4,Single,3,No Complaint,19.0,8.0,8.0,3.0,218.55,Churned,New (0-6 months),0
53058,0,24.0,Mobile Phone,Tier 1,17.0,Cash on Delivery,Male,4.0,5,Fashion,2,Single,8,No Complaint,16.0,1.0,2.0,3.0,229.96,Active,Loyal (12+ months),1
53059,1,4.0,Mobile Phone,Tier 3,29.0,E wallet,Male,4.0,5,Laptop & Accessory,3,Divorced,4,Complained,13.0,2.0,2.0,1.0,188.8,Churned,New (0-6 months),2
53060,0,5.0,Mobile Phone,Tier 1,16.0,Debit Card,Male,3.0,5,Mobile Phone,4,Single,2,Complained,17.0,2.0,3.0,3.0,151.57,Active,New (0-6 months),2
53061,1,1.0,Mobile Phone,Tier 3,19.0,Debit Card,Female,3.0,3,Mobile Phone,4,Single,3,No Complaint,16.0,1.0,2.0,1.0,152.16,Churned,New (0-6 months),0
53062,0,3.0,Phone,Tier 1,30.0,Debit Card,Male,3.0,4,Mobile Phone,2,Single,11,No Complaint,17.0,2.0,2.0,3.0,147.01,Active,New (0-6 months),1
53063,0,9.0,Mobile Phone,Tier 1,16.0,Debit Card,Male,4.0,5,Laptop & Accessory,4,Single,11,No Complaint,20.0,2.0,2.0,1.0,190.4,Active,Mid (6-12 months),0
53064,0,1.0,Mobile Phone,Tier 1,7.0,Credit Card,Male,3.0,4,Mobile Phone,4,Married,3,No Complaint,12.0,1.0,2.0,5.0,163.16,Active,New (0-6 months),0
53065,0,2.0,Mobile Phone,Tier 3,16.0,Debit Card,Male,4.0,4,Laptop & Accessory,2,Single,3,No Complaint,17.0,2.0,2.0,8.0,177.53,Active,New (0-6 months),1
53066,0,23.0,Mobile Phone,Tier 1,14.0,UPI,Male,3.0,5,Fashion,3,Single,10,No Complaint,25.0,2.0,2.0,1.0,170.0,Active,Loyal (12+ months),0
53067,0,25.0,Mobile Phone,Tier 3,21.0,Debit Card,Female,3.0,4,Laptop & Accessory,2,Divorced,6,No Complaint,12.0,1.0,2.0,8.0,174.36,Active,Loyal (12+ months),1
53068,0,10.0,Mobile Phone,Tier 1,9.0,Debit Card,Female,4.0,4,Mobile Phone,3,Divorced,6,No Complaint,14.0,2.0,3.0,3.0,150.43,Active,Mid (6-12 months),0
53069,1,1.0,Computer,Tier 3,26.0,E wallet,Male,4.0,3,Laptop & Accessory,2,Single,10,Complained,14.0,2.0,2.0,5.0,178.04,Churned,New (0-6 months),3
53070,0,29.0,Mobile Phone,Tier 1,9.0,Debit Card,Female,4.0,4,Grocery,2,Single,4,Complained,14.0,1.0,2.0,3.0,291.59,Active,Loyal (12+ months),3
53071,0,1.0,Mobile Phone,Tier 3,17.0,E wallet,Female,4.0,4,Laptop & Accessory,3,Married,3,Complained,13.0,1.0,2.0,4.0,167.6,Active,New (0-6 months),2
53072,0,4.0,Mobile Phone,Tier 3,9.0,COD,Male,4.0,4,Mobile Phone,4,Divorced,3,No Complaint,19.0,2.0,2.0,1.0,149.76,Active,New (0-6 months),0
53073,1,1.0,Computer,Tier 1,10.0,COD,Male,4.0,4,Mobile Phone,5,Single,2,No Complaint,23.0,1.0,2.0,5.0,156.02,Churned,New (0-6 months),0
53074,0,1.0,Phone,Tier 1,18.0,Credit Card,Female,3.0,4,Mobile Phone,4,Divorced,3,No Complaint,14.0,2.0,2.0,3.0,147.44,Active,New (0-6 months),0
53075,0,10.0,Mobile Phone,Tier 3,9.0,Credit Card,Male,4.0,5,Fashion,3,Divorced,3,No Complaint,14.0,10.0,10.0,1.0,200.96,Active,Mid (6-12 months),0
53076,1,1.0,Computer,Tier 1,11.0,COD,Male,3.0,4,Mobile Phone,2,Single,20,Complained,24.0,2.0,2.0,1.0,147.85,Churned,New (0-6 months),3
53077,0,11.0,Mobile Phone,Tier 1,21.0,Debit Card,Female,4.0,4,Mobile Phone,5,Married,3,No Complaint,13.0,4.0,13.0,18.0,155.34,Active,Mid (6-12 months),0
53078,0,14.0,Mobile Phone,Tier 3,9.0,E wallet,Female,3.0,4,Laptop & Accessory,4,Married,9,No Complaint,13.0,1.0,2.0,4.0,182.15,Active,Loyal (12+ months),0
53079,0,16.0,Mobile Phone,Tier 1,7.0,Debit Card,Female,4.0,4,Mobile Phone,5,Married,5,No Complaint,17.0,2.0,2.0,3.0,150.76,Active,Loyal (12+ months),0
53080,0,11.0,Mobile Phone,Tier 1,17.0,Debit Card,Male,3.0,4,Laptop & Accessory,4,Single,4,Complained,13.0,1.0,2.0,2.0,166.97,Active,Mid (6-12 months),2
53081,0,17.0,Mobile Phone,Tier 1,19.0,Debit Card,Male,3.0,5,Grocery,4,Married,3,No Complaint,12.0,1.0,4.0,10.0,268.36,Active,Loyal (12+ months),0
53082,0,14.0,Mobile Phone,Tier 1,9.0,Credit Card,Female,4.0,5,Laptop & Accessory,3,Divorced,8,No Complaint,23.0,2.0,2.0,1.0,159.48,Active,Loyal (12+ months),0
53083,0,28.0,Mobile Phone,Tier 1,12.0,Credit Card,Male,3.0,4,Others,5,Divorced,6,No Complaint,15.0,2.0,2.0,3.0,319.06,Active,Loyal (12+ months),0
53084,0,8.0,Computer,Tier 3,11.0,E wallet,Female,4.0,4,Laptop & Accessory,3,Divorced,11,No Complaint,16.0,2.0,2.0,3.0,190.38,Active,Mid (6-12 months),0
53085,0,5.0,Mobile Phone,Tier 1,14.0,Credit Card,Female,3.0,4,Laptop & Accessory,5,Divorced,3,No Complaint,13.0,4.0,4.0,13.0,168.06,Active,New (0-6 months),0
53086,0,17.0,Computer,Tier 1,28.0,Credit Card,Male,4.0,4,Mobile Phone,2,Divorced,9,No Complaint,21.0,1.0,2.0,3.0,147.58,Active,Loyal (12+ months),1
53087,0,17.0,Mobile Phone,Tier 1,15.0,UPI,Female,4.0,4,Laptop & Accessory,3,Married,6,Complained,15.0,1.0,2.0,3.0,170.22,Active,Loyal (12+ months),2
53088,0,1.0,Mobile Phone,Tier 3,11.0,Debit Card,Female,3.0,5,Laptop & Accessory,2,Single,3,Complained,12.0,1.0,2.0,4.0,169.87,Active,New (0-6 months),3
53089,0,11.0,Computer,Tier 1,32.0,Credit Card,Female,4.0,4,Laptop & Accessory,3,Divorced,5,Complained,16.0,4.0,11.0,8.0,169.49,Active,Mid (6-12 months),2
53090,0,5.0,Phone,Tier 1,7.0,Debit Card,Male,4.0,5,Mobile Phone,5,Divorced,3,No Complaint,13.0,1.0,4.0,3.0,147.18,Active,New (0-6 months),0
53091,0,13.0,Computer,Tier 1,7.0,Debit Card,Male,3.0,4,Others,3,Married,3,Complained,15.0,1.0,2.0,7.0,316.97,Active,Loyal (12+ months),2
53092,0,30.0,Computer,Tier 3,13.0,Debit Card,Female,3.0,3,Grocery,5,Divorced,11,No Complaint,12.0,3.0,2.0,8.0,257.12,Active,Loyal (12+ months),0
53093,0,4.0,Mobile Phone,Tier 3,19.0,COD,Female,3.0,4,Laptop & Accessory,3,Single,2,No Complaint,12.0,4.0,5.0,5.0,190.77,Active,New (0-6 months),0
53094,0,15.0,Mobile Phone,Tier 3,7.0,E wallet,Male,3.0,3,Fashion,5,Divorced,3,No Complaint,17.0,2.0,2.0,8.0,208.92,Active,Loyal (12+ months),0
53095,0,2.0,Mobile Phone,Tier 1,24.0,Credit Card,Male,4.0,4,Laptop & Accessory,5,Married,3,No Complaint,13.0,1.0,2.0,9.0,170.58,Active,New (0-6 months),0
53096,1,1.0,Mobile Phone,Tier 1,10.0,Credit Card,Male,4.0,4,Mobile Phone,5,Divorced,7,No Complaint,14.0,2.0,2.0,3.0,165.31,Churned,New (0-6 months),0
53097,0,26.0,Mobile Phone,Tier 1,10.0,Credit Card,Male,3.0,5,Fashion,3,Divorced,4,Complained,15.0,1.0,2.0,5.0,204.69,Active,Loyal (12+ months),2
53098,0,19.0,Mobile Phone,Tier 1,17.0,Debit Card,Male,4.0,4,Mobile Phone,2,Divorced,5,No Complaint,22.0,2.0,2.0,3.0,151.54,Active,Loyal (12+ months),1
53099,0,26.0,Mobile Phone,Tier 1,11.0,Debit Card,Female,2.0,4,Grocery,2,Divorced,4,No Complaint,14.0,1.0,2.0,5.0,290.55,Active,Loyal (12+ months),1
53100,0,16.0,Computer,Tier 1,36.0,Debit Card,Female,4.0,4,Laptop & Accessory,3,Married,4,No Complaint,12.0,2.0,2.0,3.0,170.56,Active,Loyal (12+ months),0
53101,0,4.0,Mobile Phone,Tier 1,9.0,Debit Card,Female,3.0,6,Laptop & Accessory,2,Single,4,No Complaint,21.0,1.0,2.0,3.0,185.91,Active,New (0-6 months),1
53102,0,31.0,Mobile Phone,Tier 1,14.0,Debit Card,Female,3.0,4,Others,5,Divorced,7,No Complaint,15.0,1.0,12.0,11.0,320.66,Active,Loyal (12+ months),0
53103,0,20.0,Mobile Phone,Tier 1,25.0,Credit Card,Female,3.0,4,Laptop & Accessory,3,Married,4,No Complaint,15.0,1.0,2.0,9.0,173.1,Active,Loyal (12+ months),0
53104,0,16.0,Computer,Tier 1,35.0,COD,Female,3.0,5,Laptop & Accessory,2,Divorced,2,No Complaint,12.0,1.0,2.0,5.0,170.23,Active,Loyal (12+ months),1
53105,1,1.0,Mobile Phone,Tier 3,7.0,COD,Female,4.0,4,Mobile Phone,4,Single,3,Complained,17.0,2.0,2.0,5.0,157.02,Churned,New (0-6 months),2
53106,1,1.0,Computer,Tier 3,13.0,E wallet,Female,3.0,6,Mobile Phone,3,Married,2,No Complaint,17.0,2.0,2.0,1.0,148.51,Churned,New (0-6 months),0
53107,0,12.0,Computer,Tier 1,9.0,Debit Card,Male,3.0,4,Mobile Phone,2,Divorced,3,Complained,24.0,2.0,2.0,1.0,142.02,Active,Mid (6-12 months),3
53108,0,14.0,Mobile Phone,Tier 3,9.0,Debit Card,Female,4.0,4,Others,3,Divorced,2,No Complaint,15.0,1.0,2.0,13.0,305.41,Active,Loyal (12+ months),0
53109,0,1.0,Mobile Phone,Tier 1,30.0,Debit Card,Female,3.0,4,Mobile Phone,2,Married,3,No Complaint,23.0,2.0,2.0,3.0,153.86,Active,New (0-6 months),1
53110,0,4.0,Computer,Tier 1,10.0,Debit Card,Male,3.0,4,Mobile Phone,2,Divorced,6,No Complaint,16.0,1.0,2.0,5.0,145.97,Active,New (0-6 months),1
53111,0,3.0,Mobile Phone,Tier 1,10.0,Credit Card,Male,4.0,5,Fashion,3,Divorced,3,No Complaint,19.0,2.0,2.0,8.0,244.35,Active,New (0-6 months),0
53112,1,1.0,Mobile Phone,Tier 1,32.0,COD,Female,4.0,5,Mobile Phone,4,Divorced,7,No Complaint,17.0,1.0,2.0,2.0,150.46,Churned,New (0-6 months),0
53113,1,1.0,Mobile Phone,Tier 2,9.0,COD,Male,3.0,5,Mobile Phone,2,Single,3,No Complaint,13.0,2.0,2.0,1.0,150.64,Churned,New (0-6 months),1
53114,0,4.0,Computer,Tier 3,29.0,UPI,Female,4.0,4,Fashion,5,Divorced,2,No Complaint,12.0,3.0,8.0,9.0,209.12,Active,New (0-6 months),0
53115,0,31.0,Mobile Phone,Tier 3,36.0,E wallet,Male,3.0,5,Grocery,2,Married,5,No Complaint,13.0,1.0,2.0,1.0,266.18,Active,Loyal (12+ months),1
53116,0,24.0,Mobile Phone,Tier 1,36.0,Debit Card,Male,3.0,5,Grocery,3,Divorced,2,No Complaint,15.0,12.0,16.0,8.0,295.46,Active,Loyal (12+ months),0
53117,0,4.0,Computer,Tier 1,9.0,Credit Card,Female,3.0,4,Mobile Phone,2,Single,2,No Complaint,15.0,6.0,7.0,8.0,150.64,Active,New (0-6 months),1
53118,0,31.0,Computer,Tier 3,35.0,E wallet,Female,4.0,5,Fashion,5,Divorced,6,No Complaint,20.0,14.0,14.0,3.0,227.66,Active,Loyal (12+ months),0
53119,0,21.0,Mobile Phone,Tier 1,9.0,Credit Card,Female,4.0,4,Laptop & Accessory,2,Married,7,No Complaint,14.0,1.0,2.0,5.0,175.7,Active,Loyal (12+ months),1
53120,0,20.0,Mobile Phone,Tier 1,9.0,Debit Card,Male,3.0,4,Grocery,3,Divorced,8,No Complaint,15.0,1.0,2.0,2.0,303.61,Active,Loyal (12+ months),0
53121,0,9.0,Mobile Phone,Tier 1,29.0,Debit Card,Male,3.0,6,Mobile Phone,3,Single,2,No Complaint,16.0,3.0,5.0,4.0,167.3,Active,Mid (6-12 months),0
53122,0,28.0,Mobile Phone,Tier 1,15.0,Debit Card,Female,3.0,4,Laptop & Accessory,3,Single,9,No Complaint,12.0,2.0,2.0,1.0,162.8,Active,Loyal (12+ months),0
53123,0,8.0,Mobile Phone,Tier 1,9.0,Debit Card,Male,4.0,5,Mobile Phone,3,Married,5,No Complaint,13.0,6.0,6.0,8.0,152.68,Active,Mid (6-12 months),0
53124,0,20.0,Mobile Phone,Tier 3,17.0,E wallet,Female,4.0,5,Fashion,2,Divorced,4,Complained,20.0,2.0,2.0,3.0,215.71,Active,Loyal (12+ months),3
53125,0,5.0,Mobile Phone,Tier 1,16.0,Debit Card,Male,3.0,4,Fashion,4,Married,3,No Complaint,26.0,2.0,2.0,9.0,231.48,Active,New (0-6 months),0
53126,1,1.0,Mobile Phone,Tier 1,22.0,Credit Card,Male,3.0,4,Fashion,3,Divorced,9,Complained,13.0,1.0,8.0,8.0,261.1,Churned,New (0-6 months),2
53127,1,1.0,Mobile Phone,Tier 1,17.0,Credit Card,Male,3.0,6,Mobile Phone,2,Married,9,No Complaint,14.0,1.0,2.0,4.0,159.08,Churned,New (0-6 months),1
53128,0,4.0,Mobile Phone,Tier 3,14.0,E wallet,Male,3.0,4,Mobile Phone,4,Single,2,No Complaint,15.0,2.0,2.0,3.0,154.83,Active,New (0-6 months),0
53129,0,9.0,Mobile Phone,Tier 1,23.0,Debit Card,Male,4.0,4,Fashion,3,Divorced,6,Complained,13.0,1.0,2.0,1.0,201.32,Active,Mid (6-12 months),2
53130,1,1.0,Computer,Tier 1,27.0,Debit Card,Male,4.0,4,Fashion,3,Divorced,5,No Complaint,13.0,2.0,2.0,3.0,223.24,Churned,New (0-6 months),0
53131,1,1.0,Computer,Tier 2,30.0,UPI,Female,3.0,4,Fashion,5,Married,11,Complained,16.0,2.0,2.0,3.0,224.5,Churned,New (0-6 months),2
53132,0,16.0,Computer,Tier 1,12.0,UPI,Male,4.0,4,Mobile Phone,3,Divorced,6,No Complaint,18.0,3.0,3.0,1.0,145.93,Active,Loyal (12+ months),0
53133,0,10.0,Computer,Tier 3,17.0,Credit Card,Male,3.0,4,Fashion,2,Single,3,No Complaint,15.0,2.0,10.0,3.0,224.8,Active,Mid (6-12 months),1
53134,1,1.0,Computer,Tier 1,11.0,COD,Male,3.0,5,Mobile Phone,3,Single,7,No Complaint,17.0,2.0,2.0,3.0,163.94,Churned,New (0-6 months),0
53135,0,22.0,Mobile Phone,Tier 3,9.0,E wallet,Female,3.0,4,Laptop & Accessory,2,Divorced,4,No Complaint,15.0,5.0,7.0,8.0,165.51,Active,Loyal (12+ months),1
53136,0,29.0,Mobile Phone,Tier 3,25.0,Debit Card,Female,3.0,4,Grocery,4,Single,5,No Complaint,15.0,1.0,8.0,8.0,293.35,Active,Loyal (12+ months),0
53137,0,15.0,Computer,Tier 3,17.0,Debit Card,Male,3.0,4,Laptop & Accessory,2,Single,9,No Complaint,15.0,1.0,2.0,11.0,187.3,Active,Loyal (12+ months),1
53138,0,9.0,Mobile Phone,Tier 3,7.0,E wallet,Male,3.0,4,Laptop & Accessory,3,Divorced,11,No Complaint,12.0,4.0,7.0,10.0,172.17,Active,Mid (6-12 months),0
53139,0,14.0,Mobile Phone,Tier 1,13.0,Debit Card,Female,4.0,4,Grocery,3,Single,9,No Complaint,16.0,5.0,2.0,14.0,257.37,Active,Loyal (12+ months),0
53140,0,13.0,Computer,Tier 1,15.0,Debit Card,Female,3.0,4,Mobile Phone,3,Divorced,3,No Complaint,12.0,1.0,2.0,8.0,162.55,Active,Loyal (12+ months),0
53141,0,5.0,Mobile Phone,Tier 3,9.0,Debit Card,Male,4.0,4,Laptop & Accessory,2,Single,6,Complained,14.0,2.0,2.0,6.0,190.82,Active,New (0-6 months),3
53142,0,16.0,Mobile Phone,Tier 1,31.0,Credit Card,Male,3.0,4,Fashion,5,Divorced,3,Complained,22.0,5.0,6.0,9.0,199.06,Active,Loyal (12+ months),2
53143,0,19.0,Mobile Phone,Tier 3,9.0,UPI,Male,4.0,4,Laptop & Accessory,4,Divorced,2,No Complaint,20.0,4.0,4.0,8.0,173.05,Active,Loyal (12+ months),0
53144,1,1.0,Computer,Tier 2,24.0,Debit Card,Female,3.0,4,Mobile Phone,3,Married,2,Complained,12.0,1.0,2.0,1.0,152.41,Churned,New (0-6 months),2
53145,0,3.0,Mobile Phone,Tier 1,26.0,COD,Male,3.0,4,Laptop & Accessory,2,Married,6,No Complaint,13.0,1.0,2.0,3.0,167.62,Active,New (0-6 months),1
53146,0,7.0,Mobile Phone,Tier 1,7.0,Credit Card,Female,4.0,3,Grocery,3,Married,6,No Complaint,20.0,1.0,2.0,6.0,286.84,Active,Mid (6-12 months),0
53147,0,1.0,Mobile Phone,Tier 3,14.0,Debit Card,Male,3.0,5,Fashion,2,Married,11,No Complaint,22.0,2.0,2.0,2.0,240.57,Active,New (0-6 months),1
53148,1,1.0,Computer,Tier 3,12.0,E wallet,Male,4.0,4,Mobile Phone,4,Single,3,Complained,15.0,2.0,2.0,1.0,143.78,Churned,New (0-6 months),2
53149,0,14.0,Computer,Tier 3,35.0,UPI,Male,3.0,6,Fashion,5,Married,5,No Complaint,16.0,2.0,2.0,2.0,234.32,Active,Loyal (12+ months),0
53150,0,15.0,Computer,Tier 1,9.0,UPI,Female,4.0,5,Laptop & Accessory,3,Single,4,Complained,18.0,1.0,2.0,8.0,193.11,Active,Loyal (12+ months),2
53151,0,1.0,Mobile Phone,Tier 3,36.0,Credit Card,Male,3.0,4,Laptop & Accessory,3,Married,7,No Complaint,13.0,2.0,2.0,1.0,168.06,Active,New (0-6 months),0
53152,0,9.0,Mobile Phone,Tier 3,7.0,Credit Card,Female,4.0,4,Laptop & Accessory,3,Single,3,No Complaint,17.0,1.0,2.0,4.0,173.59,Active,Mid (6-12 months),0
53153,0,8.0,Mobile Phone,Tier 3,28.0,Debit Card,Male,4.0,3,Laptop & Accessory,2,Single,3,No Complaint,13.0,6.0,6.0,8.0,178.37,Active,Mid (6-12 months),1
53154,1,1.0,Phone,Tier 1,31.0,COD,Male,4.0,6,Mobile Phone,2,Single,3,Complained,19.0,2.0,2.0,1.0,148.4,Churned,New (0-6 months),3
53155,0,11.0,Mobile Phone,Tier 1,7.0,Cash on Delivery,Female,3.0,4,Fashion,2,Single,6,No Complaint,18.0,2.0,2.0,3.0,199.91,Active,Mid (6-12 months),1
53156,0,20.0,Computer,Tier 1,25.0,Credit Card,Female,3.0,4,Fashion,3,Divorced,7,No Complaint,12.0,2.0,2.0,3.0,230.27,Active,Loyal (12+ months),0
53157,0,15.0,Mobile Phone,Tier 3,9.0,Debit Card,Female,4.0,4,Grocery,5,Divorced,9,No Complaint,17.0,1.0,12.0,9.0,290.95,Active,Loyal (12+ months),0
53158,0,11.0,Computer,Tier 3,16.0,Credit Card,Male,4.0,4,Fashion,4,Married,3,No Complaint,14.0,7.0,8.0,3.0,213.34,Active,Mid (6-12 months),0
53159,0,26.0,Mobile Phone,Tier 1,13.0,COD,Male,4.0,4,Laptop & Accessory,5,Married,5,Complained,13.0,3.0,7.0,10.0,180.77,Active,Loyal (12+ months),2
53160,1,1.0,Computer,Tier 3,18.0,UPI,Male,3.0,3,Laptop & Accessory,3,Divorced,10,No Complaint,13.0,2.0,2.0,3.0,172.07,Churned,New (0-6 months),0
53161,0,1.0,Computer,Tier 3,31.0,Credit Card,Male,3.0,4,Mobile Phone,2,Divorced,2,No Complaint,14.0,1.0,3.0,2.0,149.0,Active,New (0-6 months),1
53162,0,12.0,Mobile Phone,Tier 1,17.0,Credit Card,Female,4.0,4,Laptop & Accessory,3,Divorced,5,No Complaint,20.0,2.0,2.0,3.0,223.24,Active,Mid (6-12 months),0
53163,0,11.0,Mobile Phone,Tier 1,7.0,Debit Card,Female,4.0,4,Laptop & Accessory,4,Divorced,8,No Complaint,13.0,4.0,5.0,4.0,189.47,Active,Mid (6-12 months),0
53164,0,23.0,Mobile Phone,Tier 1,25.0,Debit Card,Male,3.0,5,Others,3,Married,3,Complained,15.0,1.0,2.0,10.0,320.02,Active,Loyal (12+ months),2
53165,0,1.0,Mobile Phone,Tier 1,30.0,Credit Card,Male,3.0,3,Mobile Phone,2,Divorced,3,Complained,12.0,1.0,2.0,5.0,152.25,Active,New (0-6 months),3
53166,0,1.0,Mobile Phone,Tier 3,35.0,E wallet,Male,4.0,4,Laptop & Accessory,4,Divorced,3,No Complaint,21.0,2.0,2.0,5.0,187.72,Active,New (0-6 months),0
53167,0,1.0,Phone,Tier 1,24.0,UPI,Male,4.0,5,Mobile Phone,4,Divorced,3,No Complaint,22.0,2.0,2.0,1.0,146.27,Active,New (0-6 months),0
53168,0,24.0,Computer,Tier 2,10.0,Credit Card,Male,3.0,4,Others,4,Divorced,3,No Complaint,15.0,7.0,11.0,8.0,307.0,Active,Loyal (12+ months),0
53169,0,1.0,Phone,Tier 3,20.0,Credit Card,Male,3.0,4,Mobile Phone,3,Divorced,3,No Complaint,12.0,2.0,2.0,7.0,145.96,Active,New (0-6 months),0
53170,1,1.0,Computer,Tier 1,14.0,Debit Card,Female,3.0,4,Mobile Phone,3,Divorced,3,Complained,17.0,1.0,2.0,3.0,153.86,Churned,New (0-6 months),2
53171,1,1.0,Computer,Tier 3,19.0,Debit Card,Male,4.0,5,Mobile Phone,5,Divorced,3,No Complaint,19.0,2.0,2.0,1.0,145.33,Churned,New (0-6 months),0
53172,0,8.0,Mobile Phone,Tier 1,7.0,Debit Card,Male,3.0,5,Mobile Phone,2,Divorced,3,Complained,14.0,1.0,2.0,4.0,161.22,Active,Mid (6-12 months),3
53173,1,1.0,Mobile Phone,Tier 3,20.0,Credit Card,Male,3.0,4,Laptop & Accessory,5,Married,4,No Complaint,18.0,1.0,2.0,3.0,167.33,Churned,New (0-6 months),0
53174,0,9.0,Mobile Phone,Tier 1,32.0,UPI,Male,3.0,5,Laptop & Accessory,2,Single,6,No Complaint,15.0,1.0,2.0,3.0,161.81,Active,Mid (6-12 months),1
53175,0,5.0,Mobile Phone,Tier 3,13.0,Credit Card,Male,4.0,3,Laptop & Accessory,2,Married,6,No Complaint,23.0,4.0,6.0,8.0,179.6,Active,New (0-6 months),1
53176,0,1.0,Phone,Tier 1,13.0,Credit Card,Female,4.0,5,Mobile Phone,3,Married,2,No Complaint,13.0,2.0,2.0,4.0,146.87,Active,New (0-6 months),0
53177,0,11.0,Mobile Phone,Tier 3,9.0,E wallet,Male,4.0,4,Laptop & Accessory,3,Divorced,6,Complained,12.0,1.0,2.0,3.0,221.02,Active,Mid (6-12 months),2
53178,0,1.0,Mobile Phone,Tier 1,7.0,Debit Card,Female,3.0,5,Mobile Phone,4,Single,3,No Complaint,14.0,2.0,2.0,1.0,153.36,Active,New (0-6 months),0
53179,0,16.0,Mobile Phone,Tier 1,9.0,Debit Card,Female,3.0,4,Laptop & Accessory,2,Divorced,3,No Complaint,14.0,3.0,3.0,3.0,165.89,Active,Loyal (12+ months),1
53180,0,17.0,Mobile Phone,Tier 1,13.0,UPI,Male,3.0,5,Grocery,2,Married,6,Complained,15.0,1.0,2.0,1.0,291.27,Active,Loyal (12+ months),3
53181,0,12.0,Mobile Phone,Tier 1,7.0,Debit Card,Female,3.0,4,Mobile Phone,5,Single,5,No Complaint,18.0,2.0,2.0,1.0,151.19,Active,Mid (6-12 months),0
53182,0,17.0,Computer,Tier 1,16.0,Credit Card,Male,4.0,4,Laptop & Accessory,3,Married,5,Complained,14.0,3.0,5.0,8.0,181.79,Active,Loyal (12+ months),2
53183,0,22.0,Mobile Phone,Tier 1,7.0,Debit Card,Female,3.0,5,Grocery,5,Divorced,9,No Complaint,12.0,1.0,2.0,3.0,279.02,Active,Loyal (12+ months),0
53184,0,18.0,Mobile Phone,Tier 2,7.0,Debit Card,Female,3.0,5,Laptop & Accessory,3,Single,6,No Complaint,12.0,2.0,2.0,3.0,184.85,Active,Loyal (12+ months),0
53185,0,8.0,Mobile Phone,Tier 3,21.0,COD,Female,3.0,4,Mobile Phone,3,Married,3,Complained,19.0,2.0,2.0,7.0,150.79,Active,Mid (6-12 months),2
53186,1,1.0,Mobile Phone,Tier 3,9.0,E wallet,Male,3.0,4,Mobile Phone,5,Married,2,No Complaint,12.0,1.0,2.0,3.0,155.41,Churned,New (0-6 months),0
53187,0,1.0,Mobile Phone,Tier 3,29.0,COD,Male,3.0,4,Mobile Phone,3,Single,3,No Complaint,12.0,2.0,2.0,3.0,159.47,Active,New (0-6 months),0
53188,0,18.0,Mobile Phone,Tier 1,10.0,UPI,Male,3.0,4,Others,2,Divorced,6,Complained,15.0,2.0,2.0,2.0,320.13,Active,Loyal (12+ months),3
53189,0,1.0,Mobile Phone,Tier 1,13.0,Credit Card,Male,4.0,4,Mobile Phone,3,Divorced,2,No Complaint,21.0,3.0,3.0,3.0,152.73,Active,New (0-6 months),0
53190,0,7.0,Mobile Phone,Tier 3,15.0,E wallet,Male,3.0,4,Laptop & Accessory,3,Married,2,No Complaint,13.0,2.0,2.0,3.0,196.04,Active,Mid (6-12 months),0
53191,0,6.0,Mobile Phone,Tier 1,16.0,Debit Card,Female,4.0,4,Laptop & Accessory,2,Divorced,3,Complained,13.0,2.0,2.0,6.0,188.22,Active,New (0-6 months),3
53192,0,4.0,Computer,Tier 1,10.0,Credit Card,Female,4.0,4,Mobile Phone,3,Married,3,No Complaint,21.0,2.0,2.0,1.0,145.83,Active,New (0-6 months),0
53193,0,27.0,Mobile Phone,Tier 3,7.0,Credit Card,Female,3.0,4,Laptop & Accessory,5,Single,9,No Complaint,21.0,7.0,9.0,11.0,208.81,Active,Loyal (12+ months),0
53194,0,8.0,Mobile Phone,Tier 1,7.0,Debit Card,Male,3.0,4,Mobile Phone,2,Divorced,3,No Complaint,13.0,7.0,9.0,9.0,151.91,Active,Mid (6-12 months),1
53195,1,9.0,Computer,Tier 3,33.0,Debit Card,Female,4.0,4,Laptop & Accessory,5,Divorced,4,No Complaint,15.0,1.0,2.0,1.0,167.86,Churned,Mid (6-12 months),0
53196,0,1.0,Mobile Phone,Tier 1,13.0,Debit Card,Female,4.0,4,Mobile Phone,2,Divorced,3,Complained,14.0,1.0,2.0,3.0,151.59,Active,New (0-6 months),3
53197,0,11.0,Mobile Phone,Tier 1,10.0,UPI,Male,3.0,4,Fashion,3,Divorced,3,No Complaint,16.0,7.0,8.0,3.0,219.34,Active,Mid (6-12 months),0
53198,0,3.0,Mobile Phone,Tier 3,10.0,Credit Card,Female,4.0,4,Laptop & Accessory,3,Divorced,3,No Complaint,15.0,1.0,2.0,3.0,180.61,Active,New (0-6 months),0
53199,0,9.0,Mobile Phone,Tier 1,13.0,Debit Card,Male,3.0,6,Laptop & Accessory,2,Single,3,No Complaint,14.0,12.0,12.0,9.0,191.46,Active,Mid (6-12 months),1
53200,0,7.0,Computer,Tier 1,13.0,Debit Card,Male,2.0,4,Laptop & Accessory,2,Married,5,No Complaint,24.0,5.0,5.0,8.0,202.25,Active,Mid (6-12 months),1
53201,0,28.0,Mobile Phone,Tier 2,26.0,Credit Card,Male,3.0,4,Fashion,4,Divorced,4,No Complaint,16.0,4.0,2.0,2.0,232.25,Active,Loyal (12+ months),0
53202,0,10.0,Mobile Phone,Tier 1,16.0,Credit Card,Male,3.0,5,Laptop & Accessory,4,Married,4,Complained,12.0,2.0,2.0,3.0,213.47,Active,Mid (6-12 months),2
53203,0,1.0,Phone,Tier 1,10.0,Credit Card,Male,3.0,5,Mobile Phone,2,Single,2,No Complaint,14.0,1.0,2.0,2.0,145.45,Active,New (0-6 months),1
53204,1,1.0,Phone,Tier 1,17.0,Credit Card,Male,3.0,4,Mobile,3,Single,3,Complained,12.0,1.0,2.0,2.0,135.09,Churned,New (0-6 months),2
53205,1,1.0,Computer,Tier 1,10.0,Debit Card,Male,4.0,4,Mobile Phone,5,Single,3,Complained,12.0,10.0,10.0,8.0,158.48,Churned,New (0-6 months),2
53206,0,9.0,Computer,Tier 1,10.0,Debit Card,Male,3.0,5,Mobile Phone,3,Divorced,3,No Complaint,19.0,2.0,2.0,1.0,137.81,Active,Mid (6-12 months),0
53207,0,1.0,Mobile Phone,Tier 1,11.0,Credit Card,Male,3.0,3,Mobile Phone,5,Divorced,4,No Complaint,17.0,1.0,2.0,3.0,153.19,Active,New (0-6 months),0
53208,0,1.0,Mobile Phone,Tier 3,15.0,Debit Card,Male,3.0,3,Laptop & Accessory,4,Divorced,2,No Complaint,23.0,1.0,2.0,3.0,173.51,Active,New (0-6 months),0
53209,0,12.0,Mobile Phone,Tier 3,14.0,E wallet,Female,3.0,5,Laptop & Accessory,2,Single,2,No Complaint,21.0,2.0,2.0,6.0,165.28,Active,Mid (6-12 months),1
53210,0,3.0,Computer,Tier 1,7.0,Debit Card,Male,4.0,6,Mobile Phone,2,Married,3,No Complaint,19.0,3.0,3.0,9.0,152.2,Active,New (0-6 months),1
53211,0,22.0,Mobile Phone,Tier 3,9.0,E wallet,Male,3.0,3,Laptop & Accessory,4,Divorced,5,No Complaint,13.0,3.0,3.0,3.0,206.2,Active,Loyal (12+ months),0
53212,0,1.0,Computer,Tier 3,10.0,Credit Card,Female,4.0,3,Laptop & Accessory,2,Married,3,Complained,21.0,2.0,2.0,5.0,171.47,Active,New (0-6 months),3
53213,0,11.0,Mobile Phone,Tier 1,17.0,Debit Card,Male,4.0,3,Mobile Phone,2,Single,5,No Complaint,18.0,2.0,2.0,1.0,171.8,Active,Mid (6-12 months),1
53214,0,24.0,Mobile Phone,Tier 1,35.0,Credit Card,Male,4.0,3,Mobile Phone,3,Divorced,3,Complained,12.0,4.0,4.0,9.0,157.21,Active,Loyal (12+ months),2
53215,0,8.0,Mobile Phone,Tier 1,16.0,Credit Card,Female,3.0,5,Fashion,4,Single,3,No Complaint,15.0,5.0,8.0,3.0,211.21,Active,Mid (6-12 months),0
53216,1,1.0,Mobile Phone,Tier 3,10.0,Debit Card,Female,4.0,4,Laptop & Accessory,3,Single,11,No Complaint,15.0,2.0,3.0,1.0,170.77,Churned,New (0-6 months),0
53217,0,13.0,Mobile Phone,Tier 1,9.0,COD,Female,4.0,5,Laptop & Accessory,3,Single,3,No Complaint,12.0,3.0,12.0,11.0,170.53,Active,Loyal (12+ months),0
53218,0,6.0,Mobile Phone,Tier 3,17.0,E wallet,Male,3.0,4,Laptop & Accessory,2,Single,3,No Complaint,13.0,1.0,2.0,9.0,178.96,Active,New (0-6 months),1
53219,1,14.0,Computer,Tier 3,15.0,COD,Male,3.0,4,Laptop & Accessory,3,Divorced,5,Complained,15.0,2.0,2.0,4.0,192.96,Churned,Loyal (12+ months),2
53220,0,12.0,Mobile Phone,Tier 1,7.0,Debit Card,Female,3.0,3,Laptop & Accessory,2,Single,2,No Complaint,14.0,2.0,2.0,9.0,201.25,Active,Mid (6-12 months),1
53221,0,1.0,Mobile Phone,Tier 1,7.0,Debit Card,Female,4.0,4,Fashion,5,Divorced,3,No Complaint,12.0,2.0,2.0,8.0,199.12,Active,New (0-6 months),0
53222,0,6.0,Mobile Phone,Tier 1,10.0,Debit Card,Female,3.0,4,Fashion,2,Single,5,No Complaint,16.0,4.0,2.0,8.0,236.59,Active,New (0-6 months),1
53223,0,21.0,Mobile Phone,Tier 3,21.0,E wallet,Male,3.0,4,Laptop & Accessory,5,Single,4,No Complaint,13.0,1.0,2.0,8.0,174.6,Active,Loyal (12+ months),0
53224,0,14.0,Computer,Tier 3,12.0,Debit Card,Male,3.0,5,Fashion,5,Divorced,7,Complained,22.0,1.0,2.0,3.0,229.75,Active,Loyal (12+ months),2
53225,0,27.0,Mobile Phone,Tier 1,14.0,Debit Card,Male,3.0,3,Grocery,3,Divorced,5,No Complaint,20.0,1.0,2.0,4.0,273.14,Active,Loyal (12+ months),0
53226,0,15.0,Mobile Phone,Tier 2,17.0,UPI,Male,4.0,5,Others,2,Married,5,No Complaint,15.0,13.0,13.0,7.0,316.41,Active,Loyal (12+ months),1
53227,0,31.0,Mobile Phone,Tier 3,23.0,E wallet,Male,3.0,4,Laptop & Accessory,5,Single,10,No Complaint,15.0,2.0,3.0,3.0,179.05,Active,Loyal (12+ months),0
53228,0,1.0,Computer,Tier 1,17.0,Debit Card,Male,3.0,4,Fashion,5,Married,3,No Complaint,22.0,2.0,2.0,3.0,212.93,Active,New (0-6 months),0
53229,0,15.0,Mobile Phone,Tier 2,7.0,UPI,Male,3.0,5,Others,3,Divorced,3,No Complaint,15.0,3.0,3.0,11.0,316.89,Active,Loyal (12+ months),0
53230,0,24.0,Mobile Phone,Tier 3,15.0,E wallet,Male,3.0,4,Mobile Phone,4,Divorced,9,No Complaint,16.0,2.0,3.0,3.0,163.75,Active,Loyal (12+ months),0
53231,1,1.0,Phone,Tier 1,7.0,Debit Card,Female,4.0,6,Mobile Phone,4,Single,9,Complained,14.0,2.0,4.0,8.0,147.16,Churned,New (0-6 months),2
53232,0,10.0,Computer,Tier 1,15.0,Debit Card,Female,4.0,3,Fashion,5,Divorced,11,No Complaint,15.0,1.0,2.0,6.0,242.13,Active,Mid (6-12 months),0
53233,0,12.0,Mobile Phone,Tier 1,7.0,Debit Card,Female,3.0,4,Fashion,3,Single,6,Complained,15.0,1.0,2.0,1.0,203.61,Active,Mid (6-12 months),2
53234,0,18.0,Computer,Tier 1,31.0,Credit Card,Male,3.0,6,Mobile Phone,3,Single,4,No Complaint,15.0,1.0,2.0,5.0,162.08,Active,Loyal (12+ months),0
53235,0,21.0,Computer,Tier 3,10.0,Credit Card,Female,3.0,4,Grocery,3,Married,11,Complained,13.0,1.0,12.0,14.0,262.7,Active,Loyal (12+ months),2
53236,0,4.0,Mobile Phone,Tier 3,34.0,E wallet,Male,3.0,4,Laptop & Accessory,2,Married,9,No Complaint,24.0,5.0,8.0,8.0,178.04,Active,New (0-6 months),1
53237,0,3.0,Mobile Phone,Tier 3,17.0,Debit Card,Male,3.0,4,Mobile Phone,3,Single,3,No Complaint,12.0,1.0,2.0,1.0,151.42,Active,New (0-6 months),0
53238,1,6.0,Computer,Tier 1,26.0,Credit Card,Male,3.0,3,Mobile Phone,3,Married,8,Complained,13.0,3.0,3.0,3.0,152.59,Churned,New (0-6 months),2
53239,0,17.0,Computer,Tier 3,22.0,Debit Card,Male,3.0,5,Laptop & Accessory,2,Divorced,5,No Complaint,19.0,1.0,3.0,3.0,193.04,Active,Loyal (12+ months),1
53240,0,8.0,Mobile Phone,Tier 1,15.0,Credit Card,Female,4.0,4,Laptop & Accessory,3,Single,5,No Complaint,12.0,2.0,5.0,4.0,186.42,Active,Mid (6-12 months),0
53241,0,1.0,Mobile Phone,Tier 1,16.0,Credit Card,Male,3.0,4,Mobile Phone,5,Divorced,3,No Complaint,15.0,1.0,2.0,3.0,150.0,Active,New (0-6 months),0
53242,0,13.0,Mobile Phone,Tier 2,10.0,UPI,Female,3.0,3,Laptop & Accessory,4,Divorced,11,No Complaint,16.0,4.0,4.0,7.0,188.89,Active,Loyal (12+ months),0
53243,0,30.0,Mobile Phone,Tier 1,16.0,Credit Card,Male,3.0,4,Grocery,2,Divorced,9,No Complaint,12.0,1.0,2.0,2.0,236.03,Active,Loyal (12+ months),1
53244,0,14.0,Phone,Tier 1,9.0,Credit Card,Female,3.0,5,Mobile Phone,2,Single,2,Complained,21.0,3.0,3.0,4.0,148.42,Active,Loyal (12+ months),3
53245,0,1.0,Mobile Phone,Tier 1,14.0,Credit Card,Female,3.0,5,Laptop & Accessory,5,Single,10,No Complaint,20.0,2.0,2.0,8.0,193.11,Active,New (0-6 months),0
53246,0,3.0,Phone,Tier 3,17.0,E wallet,Male,3.0,4,Mobile Phone,4,Married,3,No Complaint,15.0,1.0,3.0,3.0,147.97,Active,New (0-6 months),0
53247,0,27.0,Phone,Tier 1,13.0,Debit Card,Male,3.0,4,Laptop & Accessory,2,Single,4,No Complaint,18.0,2.0,3.0,3.0,149.5,Active,Loyal (12+ months),1
53248,0,9.0,Computer,Tier 1,9.0,Debit Card,Female,4.0,4,Laptop & Accessory,5,Married,4,No Complaint,12.0,1.0,2.0,1.0,175.93,Active,Mid (6-12 months),0
53249,0,6.0,Computer,Tier 1,31.0,Debit Card,Male,4.0,4,Laptop & Accessory,2,Divorced,3,No Complaint,16.0,3.0,5.0,8.0,178.09,Active,New (0-6 months),1
53250,0,12.0,Mobile Phone,Tier 1,9.0,Credit Card,Male,4.0,4,Mobile Phone,3,Divorced,8,Complained,14.0,1.0,2.0,2.0,155.57,Active,Mid (6-12 months),2
53251,0,8.0,Mobile Phone,Tier 1,15.0,Debit Card,Female,3.0,4,Laptop & Accessory,5,Married,5,No Complaint,15.0,2.0,2.0,1.0,176.21,Active,Mid (6-12 months),0
53252,0,26.0,Mobile Phone,Tier 3,10.0,E wallet,Male,3.0,5,Grocery,5,Divorced,3,No Complaint,15.0,2.0,2.0,17.0,293.56,Active,Loyal (12+ months),0
53253,1,1.0,Mobile Phone,Tier 1,7.0,UPI,Male,4.0,4,Mobile Phone,2,Single,3,Complained,14.0,6.0,8.0,9.0,151.86,Churned,New (0-6 months),3
53254,0,1.0,Mobile Phone,Tier 3,33.0,Credit Card,Female,3.0,4,Laptop & Accessory,2,Single,3,No Complaint,24.0,1.0,2.0,5.0,186.8,Active,New (0-6 months),1
53255,0,19.0,Mobile Phone,Tier 3,9.0,COD,Male,3.0,6,Laptop & Accessory,3,Single,2,No Complaint,14.0,1.0,4.0,2.0,191.32,Active,Loyal (12+ months),0
53256,0,1.0,Mobile Phone,Tier 1,17.0,Credit Card,Male,4.0,3,Mobile Phone,3,Single,3,No Complaint,19.0,2.0,2.0,3.0,160.05,Active,New (0-6 months),0
53257,1,11.0,Computer,Tier 3,34.0,Debit Card,Female,4.0,2,Laptop & Accessory,3,Single,6,Complained,13.0,2.0,2.0,4.0,188.97,Churned,Mid (6-12 months),2
53258,0,8.0,Mobile Phone,Tier 3,9.0,UPI,Male,3.0,4,Laptop & Accessory,2,Single,3,No Complaint,23.0,1.0,2.0,5.0,187.74,Active,Mid (6-12 months),1
53259,1,19.0,Mobile Phone,Tier 1,9.0,Credit Card,Male,4.0,4,Others,5,Divorced,7,Complained,14.0,2.0,2.0,5.0,323.59,Churned,Loyal (12+ months),2
53260,0,10.0,Computer,Tier 3,15.0,Debit Card,Male,4.0,5,Fashion,5,Single,3,No Complaint,16.0,1.0,2.0,10.0,200.87,Active,Mid (6-12 months),0
53261,0,26.0,Computer,Tier 1,26.0,Credit Card,Male,3.0,4,Mobile Phone,2,Divorced,2,No Complaint,19.0,2.0,2.0,3.0,167.58,Active,Loyal (12+ months),1
53262,0,1.0,Computer,Tier 1,7.0,Debit Card,Female,4.0,6,Mobile Phone,2,Married,5,No Complaint,15.0,3.0,3.0,1.0,168.64,Active,New (0-6 months),1
53263,0,3.0,Mobile Phone,Tier 1,34.0,Credit Card,Female,4.0,4,Laptop & Accessory,3,Divorced,6,No Complaint,13.0,2.0,2.0,2.0,168.35,Active,New (0-6 months),0
53264,1,1.0,Mobile Phone,Tier 3,15.0,COD,Male,3.0,5,Laptop & Accessory,5,Single,8,No Complaint,18.0,2.0,2.0,3.0,178.26,Churned,New (0-6 months),0
53265,0,8.0,Mobile Phone,Tier 1,7.0,Debit Card,Female,4.0,2,Mobile Phone,2,Single,4,No Complaint,17.0,1.0,2.0,4.0,157.8,Active,Mid (6-12 months),1
53266,0,28.0,Mobile Phone,Tier 1,26.0,Credit Card,Female,4.0,4,Laptop & Accessory,5,Married,11,Complained,12.0,1.0,2.0,5.0,179.85,Active,Loyal (12+ months),2
53267,0,3.0,Computer,Tier 3,6.0,E wallet,Male,3.0,4,Laptop & Accessory,2,Divorced,2,No Complaint,20.0,1.0,2.0,2.0,168.42,Active,New (0-6 months),1
53268,0,11.0,Mobile Phone,Tier 1,17.0,Debit Card,Female,3.0,4,Mobile Phone,5,Married,2,Complained,14.0,4.0,5.0,4.0,152.82,Active,Mid (6-12 months),2
53269,0,12.0,Computer,Tier 1,9.0,Debit Card,Female,4.0,2,Laptop & Accessory,5,Single,8,Complained,13.0,5.0,5.0,13.0,184.8,Active,Mid (6-12 months),2
53270,0,8.0,Mobile Phone,Tier 1,9.0,Credit Card,Female,3.0,5,Mobile Phone,5,Single,3,No Complaint,12.0,2.0,2.0,4.0,168.81,Active,Mid (6-12 months),0
53271,0,9.0,Mobile Phone,Tier 3,15.0,Debit Card,Female,4.0,4,Mobile Phone,2,Divorced,3,No Complaint,17.0,1.0,2.0,3.0,150.72,Active,Mid (6-12 months),1
53272,0,4.0,Mobile Phone,Tier 1,7.0,Debit Card,Male,3.0,6,Mobile Phone,3,Divorced,5,No Complaint,22.0,2.0,2.0,3.0,163.33,Active,New (0-6 months),0
53273,0,14.0,Computer,Tier 1,9.0,Credit Card,Female,3.0,2,Laptop & Accessory,4,Divorced,3,No Complaint,25.0,1.0,4.0,8.0,167.44,Active,Loyal (12+ months),0
53274,0,8.0,Mobile Phone,Tier 3,15.0,Debit Card,Female,4.0,4,Laptop & Accessory,5,Divorced,7,No Complaint,18.0,2.0,2.0,3.0,190.0,Active,Mid (6-12 months),0
53275,0,16.0,Computer,Tier 1,15.0,Debit Card,Male,4.0,4,Others,2,Married,3,No Complaint,15.0,1.0,15.0,10.0,309.3,Active,Loyal (12+ months),1
53276,1,1.0,Phone,Tier 1,13.0,Debit Card,Male,4.0,2,Mobile Phone,5,Divorced,3,Complained,22.0,2.0,2.0,1.0,141.01,Churned,New (0-6 months),2
53277,0,1.0,Computer,Tier 1,16.0,Debit Card,Male,3.0,5,Mobile Phone,4,Married,3,No Complaint,12.0,2.0,2.0,1.0,151.94,Active,New (0-6 months),0
53278,0,26.0,Mobile Phone,Tier 1,18.0,Debit Card,Female,3.0,4,Laptop & Accessory,3,Divorced,10,No Complaint,21.0,2.0,2.0,5.0,156.49,Active,Loyal (12+ months),0
53279,0,24.0,Mobile Phone,Tier 1,9.0,Credit Card,Male,4.0,4,Grocery,3,Divorced,7,No Complaint,15.0,1.0,2.0,4.0,301.39,Active,Loyal (12+ months),0
53280,1,1.0,Phone,Tier 1,7.0,Debit Card,Female,3.0,5,Mobile Phone,5,Divorced,3,Complained,12.0,1.0,2.0,1.0,148.19,Churned,New (0-6 months),2
53281,0,7.0,Mobile Phone,Tier 1,14.0,Credit Card,Male,3.0,4,Fashion,3,Divorced,2,No Complaint,12.0,1.0,2.0,8.0,241.91000000000005,Active,Mid (6-12 months),0
53282,1,1.0,Mobile Phone,Tier 3,23.0,E wallet,Female,4.0,4,Laptop & Accessory,5,Single,7,No Complaint,16.0,2.0,2.0,3.0,178.24,Churned,New (0-6 months),0
53283,0,21.0,Mobile Phone,Tier 1,9.0,UPI,Female,3.0,4,Grocery,2,Divorced,3,Complained,15.0,4.0,4.0,1.0,292.52,Active,Loyal (12+ months),3
53284,0,10.0,Mobile Phone,Tier 1,7.0,UPI,Female,3.0,4,Laptop & Accessory,4,Divorced,2,No Complaint,16.0,1.0,2.0,6.0,177.28,Active,Mid (6-12 months),0
53285,0,3.0,Mobile Phone,Tier 1,30.0,Debit Card,Male,3.0,2,Mobile Phone,3,Divorced,3,No Complaint,25.0,2.0,2.0,8.0,152.0,Active,New (0-6 months),0
53286,1,21.0,Mobile Phone,Tier 1,9.0,Debit Card,Male,3.0,4,Others,4,Single,9,Complained,15.0,6.0,14.0,9.0,317.46,Churned,Loyal (12+ months),2
53287,0,9.0,Mobile Phone,Tier 1,7.0,Debit Card,Female,3.0,2,Mobile Phone,3,Single,5,No Complaint,14.0,1.0,3.0,3.0,150.06,Active,Mid (6-12 months),0
53288,0,16.0,Mobile Phone,Tier 1,7.0,Debit Card,Female,3.0,5,Laptop & Accessory,2,Divorced,11,Complained,14.0,1.0,2.0,3.0,185.62,Active,Loyal (12+ months),3
53289,1,1.0,Mobile Phone,Tier 1,9.0,Credit Card,Male,3.0,4,Mobile Phone,3,Single,8,No Complaint,18.0,1.0,3.0,2.0,168.82,Churned,New (0-6 months),0
53290,0,10.0,Phone,Tier 2,20.0,UPI,Male,3.0,4,Mobile Phone,4,Divorced,5,No Complaint,14.0,2.0,2.0,5.0,146.43,Active,Mid (6-12 months),0
53291,0,6.0,Mobile Phone,Tier 1,11.0,Debit Card,Female,4.0,5,Laptop & Accessory,3,Divorced,3,No Complaint,13.0,2.0,7.0,9.0,186.62,Active,New (0-6 months),0
53292,0,14.0,Computer,Tier 1,23.0,Credit Card,Male,3.0,5,Laptop & Accessory,3,Single,8,No Complaint,15.0,2.0,2.0,1.0,175.94,Active,Loyal (12+ months),0
53293,0,4.0,Mobile Phone,Tier 1,9.0,Credit Card,Female,3.0,5,Laptop & Accessory,2,Single,7,Complained,25.0,2.0,2.0,1.0,193.77,Active,New (0-6 months),3
53294,0,19.0,Phone,Tier 1,9.0,Debit Card,Female,4.0,5,Mobile Phone,3,Single,3,No Complaint,15.0,2.0,2.0,1.0,147.74,Active,Loyal (12+ months),0
53295,0,16.0,Mobile Phone,Tier 1,36.0,Debit Card,Male,4.0,4,Laptop & Accessory,4,Divorced,3,No Complaint,14.0,3.0,8.0,9.0,169.34,Active,Loyal (12+ months),0
53296,0,12.0,Computer,Tier 1,19.0,Debit Card,Male,3.0,5,Laptop & Accessory,5,Married,4,No Complaint,16.0,2.0,2.0,3.0,187.88,Active,Mid (6-12 months),0
53297,0,8.0,Computer,Tier 1,23.0,Debit Card,Female,4.0,5,Mobile Phone,2,Single,3,No Complaint,17.0,2.0,2.0,4.0,150.53,Active,Mid (6-12 months),1
53298,1,13.0,Mobile Phone,Tier 3,18.0,E wallet,Female,3.0,4,Fashion,2,Divorced,3,No Complaint,19.0,1.0,8.0,8.0,201.54,Churned,Loyal (12+ months),1
53299,1,19.0,Mobile Phone,Tier 3,9.0,Credit Card,Male,3.0,4,Laptop & Accessory,2,Single,6,No Complaint,17.0,1.0,8.0,4.0,176.6,Churned,Loyal (12+ months),1
53300,0,17.0,Mobile Phone,Tier 1,21.0,Debit Card,Male,4.0,4,Grocery,5,Divorced,8,No Complaint,15.0,2.0,2.0,1.0,296.59,Active,Loyal (12+ months),0
53301,0,1.0,Mobile Phone,Tier 1,12.0,Cash on Delivery,Male,3.0,5,Fashion,2,Married,3,Complained,17.0,1.0,2.0,9.0,253.08,Active,New (0-6 months),3
53302,0,9.0,Mobile Phone,Tier 1,14.0,UPI,Male,3.0,4,Fashion,3,Single,5,No Complaint,22.0,1.0,2.0,3.0,227.21,Active,Mid (6-12 months),0
53303,0,2.0,Mobile Phone,Tier 3,9.0,E wallet,Female,3.0,4,Laptop & Accessory,4,Divorced,3,Complained,21.0,8.0,8.0,6.0,172.79,Active,New (0-6 months),2
53304,0,8.0,Mobile Phone,Tier 2,10.0,UPI,Male,3.0,4,Mobile Phone,2,Divorced,2,No Complaint,20.0,2.0,2.0,3.0,162.37,Active,Mid (6-12 months),1
53305,1,1.0,Computer,Tier 1,12.0,Credit Card,Female,3.0,5,Mobile Phone,3,Divorced,3,Complained,15.0,1.0,2.0,8.0,148.66,Churned,New (0-6 months),2
53306,0,1.0,Computer,Tier 1,10.0,Credit Card,Male,3.0,4,Mobile Phone,2,Divorced,3,No Complaint,12.0,2.0,2.0,1.0,142.06,Active,New (0-6 months),1
53307,0,25.0,Mobile Phone,Tier 3,33.0,E wallet,Female,4.0,4,Grocery,3,Divorced,4,No Complaint,15.0,1.0,5.0,18.0,288.07,Active,Loyal (12+ months),0
53308,0,18.0,Mobile Phone,Tier 1,11.0,Credit Card,Male,3.0,4,Laptop & Accessory,4,Single,11,No Complaint,13.0,2.0,3.0,4.0,184.33,Active,Loyal (12+ months),0
53309,0,1.0,Mobile Phone,Tier 1,9.0,Credit Card,Male,4.0,2,Mobile Phone,5,Single,9,No Complaint,14.0,2.0,2.0,2.0,159.24,Active,New (0-6 months),0
53310,0,7.0,Mobile Phone,Tier 3,7.0,Credit Card,Male,3.0,2,Laptop & Accessory,5,Married,3,No Complaint,23.0,1.0,2.0,9.0,165.37,Active,Mid (6-12 months),0
53311,0,9.0,Mobile Phone,Tier 1,34.0,Credit Card,Female,3.0,5,Mobile Phone,5,Single,3,No Complaint,12.0,2.0,2.0,2.0,150.59,Active,Mid (6-12 months),0
53312,0,10.0,Mobile Phone,Tier 3,7.0,Debit Card,Male,3.0,4,Laptop & Accessory,2,Divorced,3,Complained,15.0,3.0,5.0,12.0,187.01,Active,Mid (6-12 months),3
53313,0,6.0,Mobile Phone,Tier 3,20.0,Debit Card,Male,4.0,4,Laptop & Accessory,2,Married,4,No Complaint,12.0,1.0,2.0,4.0,169.03,Active,New (0-6 months),1
53314,0,4.0,Computer,Tier 1,12.0,Debit Card,Male,4.0,5,Mobile Phone,2,Married,11,No Complaint,13.0,1.0,2.0,4.0,162.61,Active,New (0-6 months),1
53315,0,27.0,Mobile Phone,Tier 3,14.0,E wallet,Female,4.0,5,Fashion,2,Divorced,9,Complained,19.0,1.0,2.0,5.0,234.34,Active,Loyal (12+ months),3
53316,0,19.0,Mobile Phone,Tier 3,16.0,E wallet,Male,4.0,4,Fashion,5,Married,6,Complained,13.0,2.0,2.0,3.0,232.61,Active,Loyal (12+ months),2
53317,0,6.0,Mobile Phone,Tier 1,15.0,Credit Card,Female,4.0,2,Laptop & Accessory,3,Divorced,7,No Complaint,13.0,2.0,2.0,4.0,176.75,Active,New (0-6 months),0
53318,0,26.0,Computer,Tier 1,32.0,Credit Card,Female,3.0,5,Grocery,2,Divorced,5,No Complaint,23.0,1.0,2.0,1.0,263.26,Active,Loyal (12+ months),1
53319,0,11.0,Mobile Phone,Tier 3,23.0,E wallet,Male,4.0,5,Laptop & Accessory,3,Married,6,No Complaint,20.0,2.0,2.0,1.0,188.34,Active,Mid (6-12 months),0
53320,0,2.0,Mobile Phone,Tier 2,15.0,Credit Card,Male,4.0,5,Mobile Phone,2,Married,3,No Complaint,14.0,1.0,2.0,5.0,174.36,Active,New (0-6 months),1
53321,0,1.0,Mobile Phone,Tier 1,7.0,Debit Card,Male,3.0,5,Laptop & Accessory,2,Divorced,8,No Complaint,23.0,3.0,3.0,3.0,172.75,Active,New (0-6 months),1
53322,0,18.0,Mobile Phone,Tier 1,15.0,Debit Card,Male,4.0,2,Mobile Phone,2,Divorced,4,Complained,25.0,2.0,2.0,3.0,153.18,Active,Loyal (12+ months),3
53323,0,16.0,Computer,Tier 1,9.0,Credit Card,Male,3.0,4,Mobile Phone,2,Single,7,Complained,15.0,1.0,3.0,3.0,150.15,Active,Loyal (12+ months),3
53324,0,10.0,Phone,Tier 2,15.0,Debit Card,Male,4.0,5,Mobile Phone,5,Divorced,2,No Complaint,22.0,2.0,2.0,4.0,148.42,Active,Mid (6-12 months),0
53325,0,1.0,Mobile Phone,Tier 3,10.0,UPI,Male,4.0,4,Laptop & Accessory,5,Divorced,3,Complained,19.0,2.0,2.0,4.0,166.94,Active,New (0-6 months),2
53326,0,9.0,Mobile Phone,Tier 1,16.0,Debit Card,Female,4.0,5,Fashion,3,Divorced,3,Complained,21.0,3.0,2.0,16.0,231.85,Active,Mid (6-12 months),2
53327,1,1.0,Computer,Tier 1,32.0,Debit Card,Female,4.0,4,Mobile Phone,4,Married,3,Complained,20.0,1.0,8.0,9.0,145.22,Churned,New (0-6 months),2
53328,0,6.0,Computer,Tier 1,7.0,Debit Card,Male,4.0,4,Mobile Phone,2,Married,2,No Complaint,13.0,1.0,2.0,3.0,148.14,Active,New (0-6 months),1
53329,0,1.0,Mobile Phone,Tier 3,11.0,E wallet,Male,3.0,5,Laptop & Accessory,5,Divorced,3,No Complaint,13.0,2.0,2.0,4.0,167.56,Active,New (0-6 months),0
53330,0,23.0,Mobile Phone,Tier 1,7.0,COD,Female,3.0,4,Mobile Phone,5,Divorced,4,No Complaint,17.0,2.0,2.0,3.0,160.8,Active,Loyal (12+ months),0
53331,0,1.0,Computer,Tier 1,11.0,Debit Card,Male,3.0,5,Mobile Phone,2,Divorced,2,No Complaint,18.0,1.0,4.0,5.0,156.62,Active,New (0-6 months),1
53332,0,6.0,Computer,Tier 3,12.0,Debit Card,Male,3.0,4,Laptop & Accessory,4,Divorced,3,No Complaint,15.0,3.0,6.0,4.0,190.24,Active,New (0-6 months),0
53333,0,12.0,Mobile Phone,Tier 3,16.0,E wallet,Male,4.0,5,Mobile Phone,4,Divorced,2,No Complaint,20.0,1.0,2.0,3.0,153.99,Active,Mid (6-12 months),0
53334,0,16.0,Mobile Phone,Tier 1,10.0,Debit Card,Female,4.0,2,Laptop & Accessory,2,Divorced,4,Complained,14.0,1.0,2.0,4.0,177.31,Active,Loyal (12+ months),3
53335,0,5.0,Phone,Tier 1,18.0,Debit Card,Male,3.0,4,Mobile Phone,2,Divorced,5,Complained,20.0,2.0,2.0,3.0,148.56,Active,New (0-6 months),3
53336,1,1.0,Mobile Phone,Tier 3,7.0,Credit Card,Female,3.0,5,Mobile Phone,3,Married,8,Complained,20.0,1.0,2.0,3.0,153.0,Churned,New (0-6 months),2
53337,0,27.0,Mobile Phone,Tier 3,15.0,E wallet,Male,4.0,4,Grocery,2,Divorced,7,No Complaint,15.0,1.0,2.0,3.0,243.36,Active,Loyal (12+ months),1
53338,0,9.0,Mobile Phone,Tier 1,32.0,Cash on Delivery,Male,4.0,5,Fashion,4,Divorced,5,No Complaint,17.0,4.0,2.0,9.0,234.03,Active,Mid (6-12 months),0
53339,0,11.0,Computer,Tier 3,28.0,Credit Card,Female,3.0,4,Mobile Phone,2,Divorced,7,No Complaint,16.0,2.0,2.0,1.0,154.73,Active,Mid (6-12 months),1
53340,0,27.0,Mobile Phone,Tier 1,30.0,Debit Card,Female,4.0,4,Grocery,2,Single,8,No Complaint,19.0,1.0,4.0,9.0,267.75,Active,Loyal (12+ months),1
53341,0,17.0,Computer,Tier 1,7.0,Debit Card,Female,3.0,4,Laptop & Accessory,2,Divorced,6,No Complaint,14.0,2.0,3.0,3.0,180.62,Active,Loyal (12+ months),1
53342,0,21.0,Mobile Phone,Tier 3,9.0,E wallet,Female,3.0,4,Laptop & Accessory,2,Divorced,2,Complained,23.0,6.0,8.0,8.0,170.37,Active,Loyal (12+ months),3
53343,0,11.0,Computer,Tier 3,26.0,Credit Card,Male,3.0,4,Fashion,4,Single,3,Complained,14.0,1.0,2.0,10.0,201.42,Active,Mid (6-12 months),2
53344,0,24.0,Computer,Tier 1,9.0,Debit Card,Male,4.0,4,Grocery,5,Married,3,No Complaint,15.0,14.0,15.0,8.0,304.24,Active,Loyal (12+ months),0
53345,0,13.0,Mobile Phone,Tier 2,9.0,Debit Card,Female,3.0,5,Laptop & Accessory,2,Divorced,10,No Complaint,12.0,1.0,2.0,5.0,177.04,Active,Loyal (12+ months),1
53346,0,7.0,Phone,Tier 2,10.0,UPI,Male,3.0,4,Mobile Phone,4,Married,5,Complained,12.0,1.0,2.0,4.0,147.77,Active,Mid (6-12 months),2
53347,1,1.0,Mobile Phone,Tier 1,32.0,Debit Card,Male,3.0,4,Mobile Phone,2,Single,3,Complained,25.0,2.0,2.0,2.0,152.95,Churned,New (0-6 months),3
53348,0,3.0,Mobile Phone,Tier 1,14.0,Credit Card,Female,4.0,5,Mobile Phone,2,Married,8,No Complaint,15.0,2.0,2.0,4.0,150.32,Active,New (0-6 months),1
53349,0,18.0,Mobile Phone,Tier 1,16.0,Debit Card,Male,4.0,4,Mobile Phone,5,Divorced,3,Complained,14.0,3.0,8.0,2.0,150.59,Active,Loyal (12+ months),2
53350,0,2.0,Mobile Phone,Tier 3,12.0,Credit Card,Male,4.0,4,Laptop & Accessory,2,Single,3,No Complaint,15.0,2.0,2.0,3.0,174.08,Active,New (0-6 months),1
53351,1,21.0,Computer,Tier 1,9.0,Debit Card,Male,3.0,5,Mobile Phone,2,Married,11,Complained,15.0,1.0,2.0,1.0,148.8,Churned,Loyal (12+ months),3
53352,0,17.0,Mobile Phone,Tier 1,15.0,Debit Card,Female,3.0,4,Laptop & Accessory,4,Married,6,No Complaint,22.0,2.0,2.0,1.0,172.65,Active,Loyal (12+ months),0
53353,1,1.0,Phone,Tier 3,9.0,Credit Card,Female,3.0,5,Mobile Phone,3,Single,3,No Complaint,14.0,1.0,2.0,3.0,145.44,Churned,New (0-6 months),0
53354,1,1.0,Mobile Phone,Tier 1,25.0,UPI,Female,4.0,4,Mobile Phone,2,Single,3,No Complaint,20.0,2.0,2.0,1.0,151.93,Churned,New (0-6 months),1
53355,0,10.0,Mobile Phone,Tier 1,21.0,Debit Card,Male,4.0,4,Laptop & Accessory,2,Divorced,2,Complained,18.0,5.0,5.0,12.0,190.86,Active,Mid (6-12 months),3
53356,0,21.0,Mobile Phone,Tier 3,9.0,Debit Card,Female,4.0,5,Mobile Phone,2,Single,3,Complained,19.0,2.0,2.0,3.0,157.94,Active,Loyal (12+ months),3
53357,1,1.0,Mobile Phone,Tier 1,10.0,Debit Card,Female,3.0,4,Laptop & Accessory,3,Divorced,2,Complained,20.0,2.0,2.0,3.0,166.71,Churned,New (0-6 months),2
53358,1,5.0,Mobile Phone,Tier 1,9.0,Debit Card,Female,3.0,6,Mobile Phone,2,Married,6,Complained,14.0,1.0,2.0,1.0,152.78,Churned,New (0-6 months),3
53359,0,2.0,Phone,Tier 1,16.0,Credit Card,Female,4.0,4,Mobile Phone,3,Married,7,No Complaint,19.0,3.0,3.0,3.0,148.77,Active,New (0-6 months),0
53360,1,3.0,Phone,Tier 1,13.0,Credit Card,Male,4.0,4,Mobile Phone,5,Divorced,9,Complained,22.0,2.0,3.0,3.0,149.04,Churned,New (0-6 months),2
53361,0,1.0,Phone,Tier 1,11.0,Debit Card,Female,4.0,4,Mobile Phone,3,Single,3,No Complaint,20.0,2.0,2.0,1.0,148.18,Active,New (0-6 months),0
53362,0,8.0,Phone,Tier 1,17.0,Debit Card,Male,3.0,4,Mobile Phone,4,Married,3,No Complaint,15.0,2.0,2.0,1.0,145.08,Active,Mid (6-12 months),0
53363,0,16.0,Mobile Phone,Tier 3,21.0,Credit Card,Female,4.0,5,Laptop & Accessory,3,Single,9,No Complaint,18.0,1.0,2.0,4.0,187.44,Active,Loyal (12+ months),0
53364,0,7.0,Mobile Phone,Tier 1,7.0,UPI,Male,4.0,5,Mobile Phone,5,Single,5,Complained,12.0,1.0,2.0,3.0,152.99,Active,Mid (6-12 months),2
53365,0,31.0,Mobile Phone,Tier 1,12.0,Cash on Delivery,Female,3.0,5,Fashion,4,Married,4,Complained,14.0,2.0,2.0,3.0,230.52,Active,Loyal (12+ months),2
53366,0,5.0,Phone,Tier 3,14.0,Debit Card,Male,3.0,5,Mobile Phone,3,Divorced,5,No Complaint,16.0,4.0,6.0,3.0,148.29,Active,New (0-6 months),0
53367,0,9.0,Mobile Phone,Tier 1,28.0,Debit Card,Female,3.0,4,Laptop & Accessory,2,Divorced,3,Complained,26.0,1.0,2.0,8.0,165.14,Active,Mid (6-12 months),3
53368,0,23.0,Mobile Phone,Tier 1,15.0,UPI,Female,3.0,4,Fashion,4,Divorced,6,No Complaint,12.0,1.0,2.0,8.0,199.03,Active,Loyal (12+ months),0
53369,0,22.0,Phone,Tier 1,27.0,Credit Card,Male,3.0,4,Mobile Phone,3,Divorced,6,No Complaint,18.0,1.0,2.0,1.0,147.59,Active,Loyal (12+ months),0
53370,0,5.0,Computer,Tier 3,27.0,E wallet,Female,3.0,4,Laptop & Accessory,3,Divorced,3,No Complaint,14.0,2.0,2.0,1.0,194.32,Active,New (0-6 months),0
53371,0,10.0,Mobile Phone,Tier 1,14.0,UPI,Male,4.0,4,Mobile Phone,2,Single,4,No Complaint,19.0,1.0,2.0,2.0,171.78,Active,Mid (6-12 months),1
53372,0,12.0,Mobile Phone,Tier 1,7.0,Cash on Delivery,Female,4.0,4,Fashion,5,Divorced,3,No Complaint,14.0,4.0,6.0,12.0,260.82,Active,Mid (6-12 months),0
53373,0,6.0,Computer,Tier 1,7.0,Debit Card,Female,4.0,5,Mobile Phone,4,Divorced,8,No Complaint,21.0,2.0,2.0,3.0,148.32,Active,New (0-6 months),0
53374,1,1.0,Phone,Tier 3,26.0,E wallet,Male,3.0,5,Mobile Phone,4,Divorced,3,Complained,19.0,1.0,2.0,1.0,149.13,Churned,New (0-6 months),2
53375,0,14.0,Mobile Phone,Tier 3,17.0,E wallet,Male,4.0,5,Fashion,4,Married,4,No Complaint,13.0,2.0,2.0,3.0,222.05,Active,Loyal (12+ months),0
53376,0,1.0,Computer,Tier 3,7.0,Credit Card,Male,3.0,5,Laptop & Accessory,5,Single,3,No Complaint,13.0,2.0,2.0,8.0,167.94,Active,New (0-6 months),0
53377,0,15.0,Mobile Phone,Tier 1,13.0,Credit Card,Male,3.0,4,Mobile Phone,5,Single,4,Complained,14.0,2.0,3.0,18.0,172.21,Active,Loyal (12+ months),2
53378,0,10.0,Mobile Phone,Tier 1,9.0,Credit Card,Male,4.0,4,Mobile Phone,3,Single,6,No Complaint,22.0,3.0,4.0,10.0,150.19,Active,Mid (6-12 months),0
53379,1,1.0,Phone,Tier 3,28.0,UPI,Male,3.0,5,Mobile Phone,4,Single,3,Complained,14.0,1.0,2.0,1.0,146.21,Churned,New (0-6 months),2
53380,1,1.0,Mobile Phone,Tier 1,11.0,COD,Male,3.0,4,Mobile Phone,5,Single,3,No Complaint,20.0,2.0,2.0,1.0,154.73,Churned,New (0-6 months),0
53381,0,5.0,Mobile Phone,Tier 1,19.0,Credit Card,Female,3.0,4,Laptop & Accessory,2,Divorced,2,Complained,12.0,1.0,9.0,6.0,183.55,Active,New (0-6 months),3
53382,0,14.0,Computer,Tier 1,16.0,Credit Card,Male,3.0,4,Mobile Phone,4,Married,10,Complained,15.0,1.0,2.0,1.0,161.17,Active,Loyal (12+ months),2
53383,0,6.0,Mobile Phone,Tier 1,10.0,Credit Card,Female,4.0,4,Laptop & Accessory,5,Divorced,3,No Complaint,13.0,7.0,7.0,4.0,192.25,Active,New (0-6 months),0
53384,1,1.0,Mobile Phone,Tier 3,10.0,Debit Card,Male,3.0,5,Fashion,2,Divorced,3,Complained,12.0,4.0,4.0,3.0,228.25,Churned,New (0-6 months),3
53385,0,7.0,Mobile Phone,Tier 1,7.0,Debit Card,Female,3.0,5,Laptop & Accessory,2,Single,2,No Complaint,15.0,1.0,2.0,5.0,194.49,Active,Mid (6-12 months),1
53386,1,1.0,Mobile Phone,Tier 3,7.0,Debit Card,Male,3.0,5,Fashion,3,Divorced,7,No Complaint,12.0,2.0,12.0,3.0,231.09,Churned,New (0-6 months),0
53387,0,19.0,Computer,Tier 1,11.0,Debit Card,Male,3.0,4,Laptop & Accessory,4,Divorced,3,No Complaint,13.0,2.0,2.0,9.0,169.47,Active,Loyal (12+ months),0
53388,0,3.0,Computer,Tier 3,27.0,COD,Female,3.0,4,Mobile Phone,2,Divorced,3,No Complaint,16.0,1.0,2.0,3.0,146.57,Active,New (0-6 months),1
53389,0,9.0,Mobile Phone,Tier 3,25.0,Credit Card,Female,3.0,4,Laptop & Accessory,3,Divorced,3,No Complaint,17.0,2.0,2.0,1.0,171.01,Active,Mid (6-12 months),0
53390,0,26.0,Mobile Phone,Tier 1,7.0,Debit Card,Male,4.0,4,Grocery,2,Divorced,4,No Complaint,15.0,8.0,8.0,9.0,295.99,Active,Loyal (12+ months),1
53391,1,21.0,Mobile Phone,Tier 1,9.0,COD,Male,3.0,4,Mobile Phone,3,Single,6,No Complaint,25.0,2.0,2.0,1.0,149.79,Churned,Loyal (12+ months),0
53392,0,27.0,Mobile Phone,Tier 3,9.0,Credit Card,Male,3.0,4,Grocery,3,Married,8,No Complaint,14.0,1.0,16.0,3.0,273.52,Active,Loyal (12+ months),0
53393,0,4.0,Mobile Phone,Tier 3,15.0,UPI,Male,4.0,4,Fashion,3,Married,7,No Complaint,12.0,5.0,8.0,8.0,197.64,Active,New (0-6 months),0
53394,0,12.0,Computer,Tier 3,17.0,COD,Female,3.0,4,Laptop & Accessory,2,Single,3,Complained,14.0,1.0,2.0,4.0,181.66,Active,Mid (6-12 months),3
53395,0,9.0,Mobile Phone,Tier 3,10.0,Debit Card,Male,4.0,4,Fashion,2,Married,8,No Complaint,14.0,1.0,2.0,9.0,203.23,Active,Mid (6-12 months),1
53396,0,13.0,Mobile Phone,Tier 3,9.0,Debit Card,Male,3.0,2,Fashion,3,Single,2,No Complaint,19.0,2.0,2.0,8.0,203.8,Active,Loyal (12+ months),0
53397,1,4.0,Computer,Tier 3,31.0,Debit Card,Female,4.0,2,Grocery,4,Single,6,Complained,17.0,2.0,2.0,1.0,256.94,Churned,New (0-6 months),2
53398,0,21.0,Computer,Tier 1,23.0,Credit Card,Male,4.0,2,Laptop & Accessory,3,Married,3,Complained,20.0,1.0,3.0,8.0,175.67,Active,Loyal (12+ months),2
53399,0,10.0,Computer,Tier 3,15.0,COD,Male,3.0,4,Laptop & Accessory,2,Married,6,No Complaint,14.0,2.0,2.0,8.0,175.79,Active,Mid (6-12 months),1
53400,1,1.0,Computer,Tier 1,16.0,Credit Card,Male,3.0,5,Mobile Phone,5,Single,2,Complained,23.0,2.0,2.0,3.0,148.21,Churned,New (0-6 months),2
53401,0,7.0,Computer,Tier 3,24.0,Debit Card,Male,3.0,4,Grocery,3,Single,3,No Complaint,15.0,6.0,7.0,1.0,299.44,Active,Mid (6-12 months),0
53402,1,1.0,Phone,Tier 1,17.0,Debit Card,Female,4.0,5,Mobile Phone,5,Single,8,Complained,21.0,2.0,2.0,1.0,149.04,Churned,New (0-6 months),2
53403,0,7.0,Mobile Phone,Tier 1,20.0,Debit Card,Female,3.0,4,Mobile Phone,2,Single,5,No Complaint,19.0,2.0,2.0,3.0,159.52,Active,Mid (6-12 months),1
53404,0,19.0,Phone,Tier 1,7.0,Credit Card,Female,4.0,4,Mobile Phone,2,Married,5,No Complaint,15.0,1.0,2.0,3.0,147.7,Active,Loyal (12+ months),1
53405,0,24.0,Mobile Phone,Tier 1,7.0,Credit Card,Male,4.0,4,Grocery,2,Married,11,No Complaint,15.0,1.0,2.0,4.0,298.99,Active,Loyal (12+ months),1
53406,0,7.0,Computer,Tier 1,7.0,UPI,Female,3.0,2,Laptop & Accessory,4,Divorced,3,Complained,14.0,1.0,2.0,3.0,179.88,Active,Mid (6-12 months),2
53407,0,15.0,Computer,Tier 1,16.0,Credit Card,Male,4.0,4,Others,3,Married,4,No Complaint,15.0,2.0,2.0,12.0,319.19,Active,Loyal (12+ months),0
53408,0,1.0,Mobile Phone,Tier 1,23.0,COD,Female,3.0,4,Mobile Phone,4,Divorced,11,No Complaint,15.0,3.0,3.0,3.0,153.11,Active,New (0-6 months),0
53409,0,19.0,Computer,Tier 1,30.0,Debit Card,Male,3.0,4,Laptop & Accessory,5,Divorced,3,Complained,16.0,2.0,2.0,9.0,161.33,Active,Loyal (12+ months),2
53410,0,21.0,Mobile Phone,Tier 3,11.0,Debit Card,Female,3.0,4,Laptop & Accessory,2,Single,3,Complained,18.0,2.0,2.0,8.0,166.63,Active,Loyal (12+ months),3
53411,1,1.0,Phone,Tier 1,29.0,Debit Card,Female,3.0,4,Mobile Phone,3,Divorced,6,Complained,12.0,1.0,2.0,2.0,146.32,Churned,New (0-6 months),2
53412,0,24.0,Mobile Phone,Tier 1,31.0,Debit Card,Male,4.0,4,Grocery,3,Divorced,5,Complained,19.0,1.0,2.0,6.0,264.73,Active,Loyal (12+ months),2
53413,0,12.0,Computer,Tier 1,17.0,Credit Card,Male,4.0,4,Mobile Phone,3,Divorced,2,No Complaint,18.0,1.0,2.0,3.0,151.84,Active,Mid (6-12 months),0
53414,0,20.0,Mobile Phone,Tier 1,14.0,Credit Card,Male,4.0,4,Fashion,3,Married,8,No Complaint,14.0,1.0,2.0,8.0,233.45,Active,Loyal (12+ months),0
53415,0,1.0,Mobile Phone,Tier 1,24.0,Credit Card,Female,3.0,5,Laptop & Accessory,3,Married,3,No Complaint,16.0,3.0,4.0,3.0,168.77,Active,New (0-6 months),0
53416,1,1.0,Mobile Phone,Tier 1,21.0,UPI,Male,3.0,5,Mobile Phone,4,Married,3,Complained,25.0,2.0,2.0,3.0,162.43,Churned,New (0-6 months),2
53417,0,5.0,Computer,Tier 1,7.0,Debit Card,Female,4.0,4,Laptop & Accessory,5,Divorced,3,No Complaint,13.0,2.0,2.0,4.0,166.48,Active,New (0-6 months),0
53418,0,1.0,Computer,Tier 1,12.0,Debit Card,Male,4.0,4,Mobile,2,Single,3,No Complaint,16.0,2.0,2.0,1.0,135.51,Active,New (0-6 months),1
53419,0,28.0,Mobile Phone,Tier 1,24.0,Cash on Delivery,Female,3.0,4,Fashion,3,Divorced,10,No Complaint,12.0,2.0,2.0,9.0,232.39,Active,Loyal (12+ months),0
53420,0,9.0,Mobile Phone,Tier 1,32.0,Credit Card,Female,3.0,4,Fashion,3,Married,3,Complained,12.0,3.0,11.0,3.0,228.88,Active,Mid (6-12 months),2
53421,0,4.0,Mobile Phone,Tier 1,15.0,Debit Card,Female,4.0,2,Fashion,5,Divorced,2,Complained,13.0,1.0,2.0,8.0,239.16000000000005,Active,New (0-6 months),2
53422,1,1.0,Mobile Phone,Tier 1,18.0,Credit Card,Female,4.0,5,Mobile Phone,5,Single,3,Complained,16.0,1.0,2.0,1.0,151.0,Churned,New (0-6 months),2
53423,1,1.0,Computer,Tier 1,12.0,Credit Card,Female,3.0,4,Mobile Phone,4,Single,2,No Complaint,18.0,1.0,2.0,3.0,149.22,Churned,New (0-6 months),0
53424,0,1.0,Mobile Phone,Tier 1,9.0,Credit Card,Male,3.0,2,Laptop & Accessory,2,Divorced,3,No Complaint,13.0,2.0,2.0,4.0,179.72,Active,New (0-6 months),1
53425,0,1.0,Phone,Tier 1,15.0,Debit Card,Male,4.0,6,Mobile Phone,5,Divorced,3,No Complaint,16.0,2.0,2.0,2.0,149.51,Active,New (0-6 months),0
53426,0,22.0,Mobile Phone,Tier 1,13.0,Debit Card,Male,4.0,5,Laptop & Accessory,3,Single,4,No Complaint,14.0,1.0,3.0,3.0,167.4,Active,Loyal (12+ months),0
53427,0,22.0,Mobile Phone,Tier 1,11.0,Debit Card,Male,4.0,5,Fashion,3,Single,9,No Complaint,15.0,2.0,2.0,9.0,234.99,Active,Loyal (12+ months),0
53428,0,15.0,Mobile Phone,Tier 1,14.0,Credit Card,Female,3.0,4,Laptop & Accessory,3,Single,8,No Complaint,15.0,2.0,3.0,2.0,175.03,Active,Loyal (12+ months),0
53429,0,13.0,Mobile Phone,Tier 1,7.0,Debit Card,Female,4.0,5,Grocery,2,Divorced,3,No Complaint,17.0,1.0,2.0,9.0,252.42,Active,Loyal (12+ months),1
53430,0,1.0,Mobile Phone,Tier 1,9.0,Debit Card,Female,3.0,4,Laptop & Accessory,2,Divorced,2,No Complaint,19.0,1.0,3.0,3.0,167.27,Active,New (0-6 months),1
53431,0,9.0,Mobile Phone,Tier 1,17.0,UPI,Male,3.0,4,Mobile Phone,2,Married,3,No Complaint,21.0,2.0,2.0,3.0,164.17,Active,Mid (6-12 months),1
53432,0,16.0,Mobile Phone,Tier 3,12.0,E wallet,Male,3.0,4,Others,3,Divorced,8,No Complaint,15.0,1.0,2.0,1.0,308.03,Active,Loyal (12+ months),0
53433,0,24.0,Phone,Tier 1,16.0,Debit Card,Male,4.0,4,Mobile Phone,2,Divorced,6,No Complaint,19.0,2.0,2.0,1.0,148.8,Active,Loyal (12+ months),1
53434,0,31.0,Mobile Phone,Tier 1,9.0,Debit Card,Female,4.0,5,Grocery,2,Single,5,Complained,14.0,1.0,5.0,4.0,262.26,Active,Loyal (12+ months),3
53435,1,1.0,Mobile Phone,Tier 1,18.0,Credit Card,Female,4.0,6,Laptop & Accessory,4,Divorced,7,No Complaint,16.0,2.0,2.0,1.0,172.77,Churned,New (0-6 months),0
53436,0,29.0,Computer,Tier 1,25.0,Credit Card,Male,4.0,4,Laptop & Accessory,4,Divorced,5,Complained,15.0,7.0,7.0,8.0,188.85,Active,Loyal (12+ months),2
53437,0,15.0,Computer,Tier 1,14.0,Debit Card,Female,3.0,6,Others,3,Married,3,No Complaint,23.0,2.0,6.0,11.0,324.73,Active,Loyal (12+ months),0
53438,0,12.0,Mobile Phone,Tier 3,10.0,Debit Card,Male,3.0,4,Laptop & Accessory,2,Single,10,Complained,13.0,2.0,2.0,1.0,193.61,Active,Mid (6-12 months),3
53439,1,1.0,Computer,Tier 3,36.0,Credit Card,Male,4.0,6,Laptop & Accessory,5,Single,10,No Complaint,19.0,1.0,3.0,3.0,174.69,Churned,New (0-6 months),0
53440,1,16.0,Mobile Phone,Tier 3,9.0,E wallet,Female,3.0,6,Others,2,Divorced,3,No Complaint,16.0,6.0,7.0,10.0,323.45,Churned,Loyal (12+ months),1
53441,0,18.0,Mobile Phone,Tier 3,35.0,Credit Card,Female,3.0,2,Grocery,2,Divorced,5,Complained,19.0,2.0,2.0,12.0,258.2,Active,Loyal (12+ months),3
53442,0,24.0,Computer,Tier 3,7.0,Debit Card,Female,4.0,4,Laptop & Accessory,3,Divorced,2,No Complaint,13.0,2.0,2.0,14.0,188.47,Active,Loyal (12+ months),0
53443,1,1.0,Mobile Phone,Tier 1,23.0,Debit Card,Female,3.0,2,Mobile Phone,5,Single,3,No Complaint,17.0,16.0,16.0,15.0,152.43,Churned,New (0-6 months),0
53444,0,13.0,Computer,Tier 1,29.0,Credit Card,Female,3.0,4,Fashion,5,Single,3,Complained,14.0,2.0,2.0,9.0,233.8,Active,Loyal (12+ months),2
53445,0,7.0,Computer,Tier 3,15.0,Debit Card,Female,3.0,5,Mobile Phone,2,Single,2,No Complaint,20.0,3.0,3.0,3.0,148.42,Active,Mid (6-12 months),1
53446,0,19.0,Mobile Phone,Tier 3,18.0,Debit Card,Female,3.0,4,Grocery,2,Divorced,5,No Complaint,15.0,2.0,2.0,2.0,301.5,Active,Loyal (12+ months),1
53447,0,6.0,Computer,Tier 1,36.0,Credit Card,Female,4.0,4,Mobile Phone,3,Single,11,No Complaint,13.0,6.0,8.0,8.0,165.25,Active,New (0-6 months),0
53448,0,8.0,Mobile Phone,Tier 3,7.0,E wallet,Male,4.0,2,Laptop & Accessory,2,Married,2,No Complaint,12.0,2.0,2.0,3.0,222.25,Active,Mid (6-12 months),1
53449,0,31.0,Mobile Phone,Tier 3,7.0,Cash on Delivery,Male,4.0,4,Fashion,2,Divorced,5,Complained,15.0,1.0,2.0,5.0,244.04,Active,Loyal (12+ months),3
53450,0,19.0,Phone,Tier 2,31.0,Credit Card,Male,3.0,4,Mobile Phone,4,Single,3,No Complaint,17.0,1.0,2.0,5.0,146.77,Active,Loyal (12+ months),0
53451,0,27.0,Computer,Tier 3,9.0,E wallet,Female,3.0,5,Fashion,4,Divorced,4,No Complaint,13.0,1.0,7.0,13.0,200.25,Active,Loyal (12+ months),0
53452,1,1.0,Mobile Phone,Tier 1,22.0,UPI,Male,3.0,4,Laptop & Accessory,3,Married,9,No Complaint,15.0,1.0,2.0,1.0,173.34,Churned,New (0-6 months),0
53453,1,1.0,Computer,Tier 1,9.0,Debit Card,Male,3.0,4,Mobile Phone,5,Divorced,8,Complained,15.0,2.0,2.0,3.0,145.42,Churned,New (0-6 months),2
53454,0,8.0,Phone,Tier 3,17.0,Debit Card,Female,3.0,4,Mobile Phone,3,Divorced,3,Complained,20.0,1.0,2.0,1.0,147.2,Active,Mid (6-12 months),2
53455,0,2.0,Phone,Tier 3,17.0,Credit Card,Male,4.0,4,Mobile Phone,4,Divorced,3,No Complaint,23.0,2.0,2.0,1.0,135.52,Active,New (0-6 months),0
53456,0,12.0,Computer,Tier 1,10.0,UPI,Male,3.0,4,Mobile Phone,3,Divorced,5,No Complaint,17.0,3.0,3.0,3.0,153.21,Active,Mid (6-12 months),0
53457,0,24.0,Mobile Phone,Tier 1,9.0,Credit Card,Male,4.0,4,Others,3,Divorced,4,Complained,15.0,8.0,8.0,8.0,317.37,Active,Loyal (12+ months),2
53458,0,11.0,Mobile Phone,Tier 1,10.0,UPI,Female,3.0,4,Laptop & Accessory,4,Single,5,No Complaint,16.0,2.0,2.0,2.0,166.07,Active,Mid (6-12 months),0
53459,0,14.0,Mobile Phone,Tier 3,33.0,E wallet,Male,4.0,4,Laptop & Accessory,5,Divorced,3,No Complaint,15.0,6.0,8.0,6.0,208.96,Active,Loyal (12+ months),0
53460,0,1.0,Computer,Tier 1,7.0,Credit Card,Female,4.0,5,Mobile Phone,3,Married,3,No Complaint,14.0,2.0,2.0,4.0,145.07,Active,New (0-6 months),0
53461,0,20.0,Mobile Phone,Tier 1,7.0,Credit Card,Male,3.0,4,Others,2,Married,11,No Complaint,15.0,2.0,3.0,3.0,321.27,Active,Loyal (12+ months),1
53462,0,28.0,Mobile Phone,Tier 3,9.0,Debit Card,Female,3.0,5,Fashion,3,Divorced,8,No Complaint,12.0,7.0,2.0,1.0,231.86,Active,Loyal (12+ months),0
53463,0,30.0,Computer,Tier 1,16.0,Credit Card,Female,4.0,4,Mobile Phone,3,Divorced,4,No Complaint,20.0,1.0,2.0,4.0,154.42,Active,Loyal (12+ months),0
53464,0,10.0,Mobile Phone,Tier 1,19.0,Credit Card,Female,3.0,5,Fashion,2,Single,2,No Complaint,12.0,6.0,8.0,3.0,213.58,Active,Mid (6-12 months),1
53465,0,29.0,Computer,Tier 1,9.0,Credit Card,Male,3.0,5,Grocery,5,Single,9,No Complaint,15.0,4.0,7.0,3.0,292.56,Active,Loyal (12+ months),0
53466,0,17.0,Mobile Phone,Tier 3,32.0,Credit Card,Male,4.0,5,Fashion,2,Married,7,No Complaint,14.0,2.0,2.0,1.0,259.0,Active,Loyal (12+ months),1
53467,1,1.0,Computer,Tier 3,16.0,E wallet,Female,3.0,4,Mobile Phone,2,Single,3,Complained,15.0,1.0,2.0,3.0,148.23,Churned,New (0-6 months),3
53468,1,1.0,Phone,Tier 1,17.0,Debit Card,Female,3.0,5,Mobile Phone,5,Single,3,No Complaint,14.0,2.0,2.0,1.0,139.16,Churned,New (0-6 months),0
53469,0,20.0,Mobile Phone,Tier 1,15.0,Debit Card,Female,4.0,5,Laptop & Accessory,5,Married,10,Complained,24.0,2.0,2.0,8.0,171.15,Active,Loyal (12+ months),2
53470,1,15.0,Mobile Phone,Tier 1,11.0,Debit Card,Male,3.0,4,Mobile Phone,3,Divorced,11,Complained,13.0,2.0,3.0,8.0,149.61,Churned,Loyal (12+ months),2
53471,1,1.0,Computer,Tier 1,31.0,Cash on Delivery,Male,4.0,5,Fashion,5,Single,3,No Complaint,13.0,1.0,2.0,3.0,212.22,Churned,New (0-6 months),0
53472,0,1.0,Mobile Phone,Tier 1,7.0,Credit Card,Male,3.0,5,Mobile Phone,5,Divorced,3,No Complaint,17.0,1.0,2.0,4.0,164.55,Active,New (0-6 months),0
53473,0,4.0,Mobile Phone,Tier 1,27.0,UPI,Male,3.0,4,Laptop & Accessory,5,Divorced,2,No Complaint,16.0,2.0,2.0,3.0,224.57,Active,New (0-6 months),0
53474,0,15.0,Mobile Phone,Tier 1,14.0,COD,Female,3.0,2,Mobile Phone,3,Divorced,3,No Complaint,14.0,2.0,2.0,9.0,158.76,Active,Loyal (12+ months),0
53475,0,12.0,Mobile Phone,Tier 1,24.0,Debit Card,Female,4.0,5,Fashion,3,Divorced,2,No Complaint,19.0,1.0,2.0,3.0,213.23,Active,Mid (6-12 months),0
53476,0,14.0,Mobile Phone,Tier 1,27.0,Cash on Delivery,Male,4.0,4,Fashion,2,Divorced,6,No Complaint,21.0,5.0,12.0,3.0,228.22,Active,Loyal (12+ months),1
53477,0,1.0,Computer,Tier 1,15.0,Debit Card,Male,3.0,6,Mobile Phone,3,Divorced,3,No Complaint,20.0,2.0,2.0,3.0,171.21,Active,New (0-6 months),0
53478,0,29.0,Computer,Tier 1,9.0,Debit Card,Male,4.0,4,Fashion,4,Divorced,5,No Complaint,19.0,2.0,2.0,3.0,234.76,Active,Loyal (12+ months),0
53479,0,2.0,Mobile Phone,Tier 1,17.0,UPI,Female,3.0,4,Laptop & Accessory,3,Single,5,No Complaint,14.0,2.0,2.0,8.0,161.6,Active,New (0-6 months),0
53480,1,8.0,Mobile Phone,Tier 2,7.0,Credit Card,Male,4.0,5,Fashion,5,Divorced,11,No Complaint,15.0,3.0,4.0,3.0,229.82,Churned,Mid (6-12 months),0
53481,0,7.0,Mobile Phone,Tier 1,12.0,Debit Card,Male,3.0,5,Fashion,2,Married,6,No Complaint,16.0,1.0,2.0,3.0,196.19,Active,Mid (6-12 months),1
53482,1,1.0,Mobile Phone,Tier 3,11.0,Cash on Delivery,Male,3.0,4,Fashion,5,Single,2,Complained,23.0,4.0,5.0,3.0,220.82,Churned,New (0-6 months),2
53483,1,1.0,Computer,Tier 1,36.0,Credit Card,Female,3.0,5,Laptop & Accessory,3,Single,3,No Complaint,23.0,4.0,4.0,9.0,170.08,Churned,New (0-6 months),0
53484,0,2.0,Phone,Tier 1,22.0,Debit Card,Male,3.0,4,Mobile Phone,3,Married,3,No Complaint,17.0,3.0,3.0,3.0,147.07,Active,New (0-6 months),0
53485,0,8.0,Computer,Tier 1,10.0,Debit Card,Male,3.0,4,Laptop & Accessory,2,Single,2,No Complaint,18.0,2.0,2.0,5.0,202.56,Active,Mid (6-12 months),1
53486,0,11.0,Mobile Phone,Tier 3,17.0,Debit Card,Female,3.0,5,Laptop & Accessory,2,Married,4,Complained,15.0,1.0,2.0,1.0,191.94,Active,Mid (6-12 months),3
53487,1,1.0,Mobile Phone,Tier 1,11.0,COD,Male,3.0,4,Mobile Phone,2,Divorced,3,Complained,16.0,6.0,6.0,7.0,161.91,Churned,New (0-6 months),3
53488,1,1.0,Phone,Tier 1,28.0,Credit Card,Male,3.0,4,Mobile Phone,3,Married,3,No Complaint,21.0,2.0,2.0,1.0,148.77,Churned,New (0-6 months),0
53489,1,1.0,Phone,Tier 1,32.0,Credit Card,Male,3.0,5,Mobile Phone,4,Single,6,Complained,21.0,1.0,3.0,3.0,148.13,Churned,New (0-6 months),2
53490,0,16.0,Mobile Phone,Tier 1,9.0,Credit Card,Male,3.0,4,Grocery,5,Divorced,2,No Complaint,15.0,6.0,14.0,8.0,301.65,Active,Loyal (12+ months),0
53491,1,1.0,Computer,Tier 1,5.0,Credit Card,Male,3.0,5,Mobile Phone,4,Married,3,No Complaint,16.0,1.0,2.0,1.0,150.96,Churned,New (0-6 months),0
53492,1,14.0,Computer,Tier 3,7.0,UPI,Male,3.0,4,Laptop & Accessory,3,Single,5,Complained,15.0,1.0,2.0,1.0,172.28,Churned,Loyal (12+ months),2
53493,0,7.0,Computer,Tier 3,14.0,Debit Card,Female,2.0,4,Laptop & Accessory,4,Divorced,2,No Complaint,18.0,2.0,2.0,3.0,168.02,Active,Mid (6-12 months),0
53494,0,8.0,Computer,Tier 1,10.0,Debit Card,Male,3.0,5,Mobile Phone,2,Divorced,5,No Complaint,18.0,2.0,2.0,1.0,154.79,Active,Mid (6-12 months),1
53495,0,22.0,Computer,Tier 1,7.0,Credit Card,Male,3.0,2,Grocery,2,Single,4,No Complaint,15.0,1.0,3.0,2.0,293.85,Active,Loyal (12+ months),1
53496,0,19.0,Computer,Tier 3,16.0,Debit Card,Female,4.0,5,Laptop & Accessory,3,Divorced,3,No Complaint,14.0,1.0,5.0,13.0,180.93,Active,Loyal (12+ months),0
53497,0,26.0,Mobile Phone,Tier 1,14.0,Debit Card,Male,3.0,4,Fashion,4,Single,9,No Complaint,20.0,4.0,5.0,3.0,229.45,Active,Loyal (12+ months),0
53498,0,12.0,Mobile Phone,Tier 3,17.0,E wallet,Male,4.0,5,Fashion,3,Married,2,Complained,15.0,3.0,3.0,3.0,212.4,Active,Mid (6-12 months),2
53499,0,3.0,Mobile Phone,Tier 1,35.0,Debit Card,Female,4.0,4,Mobile Phone,2,Married,6,No Complaint,23.0,1.0,2.0,8.0,150.14,Active,New (0-6 months),1
53500,0,2.0,Mobile Phone,Tier 1,10.0,Credit Card,Female,4.0,4,Fashion,4,Married,2,No Complaint,18.0,1.0,2.0,8.0,201.55,Active,New (0-6 months),0
53501,0,20.0,Mobile Phone,Tier 3,10.0,E wallet,Male,3.0,4,Grocery,3,Divorced,5,No Complaint,15.0,2.0,5.0,10.0,299.65,Active,Loyal (12+ months),0
53502,0,12.0,Mobile Phone,Tier 3,9.0,E wallet,Male,3.0,4,Fashion,4,Single,9,No Complaint,17.0,2.0,2.0,1.0,198.51,Active,Mid (6-12 months),0
53503,0,17.0,Computer,Tier 1,34.0,Debit Card,Female,3.0,4,Fashion,5,Divorced,10,No Complaint,12.0,1.0,2.0,2.0,233.2,Active,Loyal (12+ months),0
53504,1,3.0,Computer,Tier 1,9.0,Debit Card,Male,3.0,4,Grocery,2,Married,9,No Complaint,12.0,8.0,2.0,6.0,246.69,Churned,New (0-6 months),1
53505,0,14.0,Mobile Phone,Tier 1,21.0,Credit Card,Male,3.0,5,Others,3,Single,3,No Complaint,15.0,5.0,5.0,10.0,321.26,Active,Loyal (12+ months),0
53506,0,1.0,Phone,Tier 1,7.0,COD,Female,4.0,5,Mobile Phone,4,Single,3,Complained,12.0,1.0,3.0,3.0,145.7,Active,New (0-6 months),2
53507,0,13.0,Computer,Tier 1,16.0,Debit Card,Male,4.0,4,Laptop & Accessory,4,Single,22,No Complaint,16.0,2.0,2.0,4.0,192.82,Active,Loyal (12+ months),0
53508,0,10.0,Computer,Tier 1,25.0,Debit Card,Male,4.0,4,Laptop & Accessory,2,Single,4,No Complaint,21.0,2.0,2.0,10.0,202.79,Active,Mid (6-12 months),1
53509,0,5.0,Computer,Tier 3,27.0,Debit Card,Male,4.0,2,Mobile Phone,2,Divorced,2,No Complaint,13.0,2.0,3.0,3.0,152.91,Active,New (0-6 months),1
53510,0,2.0,Mobile Phone,Tier 1,9.0,Debit Card,Male,4.0,5,Mobile Phone,4,Divorced,2,No Complaint,18.0,1.0,2.0,5.0,157.01,Active,New (0-6 months),0
53511,0,9.0,Computer,Tier 3,18.0,E wallet,Male,3.0,4,Laptop & Accessory,2,Married,3,No Complaint,12.0,1.0,2.0,3.0,174.68,Active,Mid (6-12 months),1
53512,0,23.0,Mobile Phone,Tier 3,15.0,Cash on Delivery,Male,3.0,5,Grocery,4,Divorced,8,No Complaint,18.0,2.0,2.0,4.0,256.2,Active,Loyal (12+ months),0
53513,0,8.0,Computer,Tier 1,9.0,Debit Card,Male,4.0,4,Laptop & Accessory,3,Single,4,No Complaint,12.0,2.0,2.0,3.0,165.33,Active,Mid (6-12 months),0
53514,0,3.0,Computer,Tier 1,17.0,Debit Card,Female,4.0,4,Mobile Phone,4,Married,2,No Complaint,15.0,2.0,2.0,2.0,157.91,Active,New (0-6 months),0
53515,0,16.0,Mobile Phone,Tier 1,36.0,Credit Card,Male,3.0,6,Laptop & Accessory,2,Single,6,No Complaint,20.0,2.0,2.0,1.0,167.72,Active,Loyal (12+ months),1
53516,0,3.0,Mobile Phone,Tier 1,15.0,Credit Card,Male,4.0,5,Laptop & Accessory,2,Divorced,3,Complained,14.0,1.0,2.0,3.0,175.56,Active,New (0-6 months),3
53517,0,12.0,Mobile Phone,Tier 2,7.0,UPI,Male,3.0,2,Mobile Phone,3,Divorced,3,No Complaint,14.0,2.0,6.0,1.0,153.44,Active,Mid (6-12 months),0
53518,0,5.0,Computer,Tier 1,13.0,Debit Card,Male,3.0,5,Mobile Phone,3,Married,3,Complained,15.0,2.0,2.0,3.0,152.03,Active,New (0-6 months),2
53519,1,1.0,Computer,Tier 1,15.0,Credit Card,Male,4.0,4,Mobile Phone,3,Single,3,No Complaint,13.0,1.0,2.0,1.0,144.04,Churned,New (0-6 months),0
53520,1,1.0,Mobile Phone,Tier 3,16.0,E wallet,Female,4.0,4,Laptop & Accessory,5,Single,2,Complained,18.0,1.0,2.0,4.0,207.24,Churned,New (0-6 months),2
53521,0,15.0,Mobile Phone,Tier 1,19.0,Debit Card,Male,3.0,4,Mobile Phone,2,Divorced,5,Complained,12.0,2.0,2.0,1.0,172.66,Active,Loyal (12+ months),3
53522,1,1.0,Computer,Tier 1,22.0,Credit Card,Male,4.0,4,Mobile Phone,3,Divorced,3,No Complaint,13.0,3.0,3.0,3.0,151.1,Churned,New (0-6 months),0
53523,0,11.0,Mobile Phone,Tier 1,32.0,Credit Card,Female,3.0,5,Laptop & Accessory,2,Married,9,No Complaint,14.0,1.0,2.0,4.0,182.31,Active,Mid (6-12 months),1
53524,0,1.0,Mobile Phone,Tier 1,13.0,Debit Card,Male,3.0,5,Mobile Phone,3,Divorced,3,No Complaint,14.0,3.0,3.0,3.0,150.39,Active,New (0-6 months),0
53525,0,8.0,Mobile Phone,Tier 3,16.0,Debit Card,Female,4.0,4,Laptop & Accessory,3,Divorced,3,No Complaint,21.0,2.0,2.0,4.0,182.14,Active,Mid (6-12 months),0
53526,0,9.0,Mobile Phone,Tier 2,15.0,COD,Male,4.0,4,Mobile Phone,3,Single,3,No Complaint,18.0,1.0,2.0,5.0,168.23,Active,Mid (6-12 months),0
53527,1,1.0,Mobile Phone,Tier 3,30.0,Debit Card,Female,3.0,5,Fashion,5,Divorced,3,No Complaint,14.0,1.0,4.0,11.0,198.36,Churned,New (0-6 months),0
53528,0,14.0,Computer,Tier 1,16.0,Credit Card,Female,3.0,4,Fashion,3,Single,11,No Complaint,18.0,1.0,2.0,14.0,259.99,Active,Loyal (12+ months),0
53529,1,6.0,Computer,Tier 3,19.0,Debit Card,Male,3.0,4,Grocery,5,Single,2,Complained,13.0,1.0,14.0,15.0,262.58,Churned,New (0-6 months),2
53530,0,16.0,Mobile Phone,Tier 3,11.0,E wallet,Male,3.0,4,Laptop & Accessory,5,Single,9,No Complaint,14.0,2.0,2.0,6.0,176.55,Active,Loyal (12+ months),0
53531,0,9.0,Phone,Tier 1,7.0,Credit Card,Male,3.0,5,Mobile Phone,3,Divorced,8,No Complaint,13.0,2.0,2.0,8.0,147.58,Active,Mid (6-12 months),0
53532,0,1.0,Mobile Phone,Tier 1,31.0,Credit Card,Male,3.0,4,Mobile Phone,4,Single,10,No Complaint,23.0,2.0,2.0,3.0,160.97,Active,New (0-6 months),0
53533,1,1.0,Mobile Phone,Tier 1,19.0,Debit Card,Female,4.0,4,Mobile Phone,2,Divorced,3,Complained,12.0,2.0,2.0,1.0,150.15,Churned,New (0-6 months),3
53534,0,1.0,Mobile Phone,Tier 1,10.0,Credit Card,Male,3.0,2,Mobile Phone,2,Divorced,3,No Complaint,23.0,2.0,2.0,8.0,169.2,Active,New (0-6 months),1
53535,0,4.0,Mobile Phone,Tier 3,17.0,E wallet,Male,4.0,5,Laptop & Accessory,3,Divorced,3,No Complaint,19.0,2.0,2.0,5.0,190.78,Active,New (0-6 months),0
53536,0,14.0,Computer,Tier 1,33.0,Credit Card,Female,4.0,5,Laptop & Accessory,2,Divorced,5,Complained,14.0,2.0,2.0,1.0,169.22,Active,Loyal (12+ months),3
53537,0,9.0,Mobile Phone,Tier 1,9.0,Debit Card,Male,3.0,5,Fashion,4,Married,4,No Complaint,19.0,7.0,7.0,3.0,227.74,Active,Mid (6-12 months),0
53538,0,8.0,Computer,Tier 1,7.0,Credit Card,Male,4.0,5,Laptop & Accessory,5,Single,2,No Complaint,21.0,2.0,5.0,10.0,178.43,Active,Mid (6-12 months),0
53539,0,9.0,Computer,Tier 1,11.0,UPI,Male,3.0,5,Mobile Phone,2,Divorced,3,No Complaint,14.0,3.0,3.0,3.0,148.76,Active,Mid (6-12 months),1
53540,1,7.0,Mobile Phone,Tier 3,16.0,E wallet,Female,3.0,6,Laptop & Accessory,3,Single,10,No Complaint,14.0,2.0,2.0,4.0,178.46,Churned,Mid (6-12 months),0
53541,0,6.0,Computer,Tier 3,9.0,Debit Card,Female,4.0,4,Mobile Phone,5,Married,3,No Complaint,13.0,1.0,2.0,1.0,153.27,Active,New (0-6 months),0
53542,0,30.0,Mobile Phone,Tier 1,11.0,Cash on Delivery,Female,4.0,4,Others,5,Married,6,No Complaint,14.0,1.0,5.0,3.0,324.43,Active,Loyal (12+ months),0
53543,0,3.0,Mobile Phone,Tier 1,13.0,Credit Card,Female,3.0,4,Mobile Phone,2,Divorced,3,No Complaint,14.0,1.0,2.0,9.0,156.31,Active,New (0-6 months),1
53544,0,1.0,Mobile Phone,Tier 1,16.0,Debit Card,Male,3.0,4,Mobile Phone,5,Single,3,No Complaint,26.0,1.0,2.0,1.0,150.52,Active,New (0-6 months),0
53545,0,19.0,Mobile Phone,Tier 1,14.0,Credit Card,Female,3.0,4,Mobile Phone,3,Divorced,6,Complained,20.0,2.0,2.0,3.0,169.77,Active,Loyal (12+ months),2
53546,0,11.0,Mobile Phone,Tier 1,7.0,Debit Card,Female,3.0,5,Laptop & Accessory,2,Divorced,3,No Complaint,14.0,4.0,4.0,12.0,189.74,Active,Mid (6-12 months),1
53547,0,1.0,Mobile Phone,Tier 1,10.0,Debit Card,Male,3.0,5,Mobile Phone,3,Single,3,No Complaint,13.0,1.0,2.0,3.0,155.33,Active,New (0-6 months),0
53548,1,8.0,Mobile Phone,Tier 1,17.0,Debit Card,Male,4.0,4,Mobile Phone,3,Single,3,Complained,12.0,2.0,2.0,3.0,154.36,Churned,Mid (6-12 months),2
53549,0,27.0,Mobile Phone,Tier 1,14.0,Credit Card,Female,3.0,4,Others,3,Married,5,No Complaint,15.0,5.0,5.0,8.0,311.06,Active,Loyal (12+ months),0
53550,0,3.0,Phone,Tier 1,22.0,Debit Card,Female,4.0,6,Mobile Phone,2,Divorced,2,Complained,19.0,2.0,2.0,4.0,146.68,Active,New (0-6 months),3
53551,1,1.0,Computer,Tier 1,10.0,Debit Card,Male,3.0,5,Mobile Phone,2,Divorced,2,Complained,12.0,1.0,2.0,1.0,153.53,Churned,New (0-6 months),3
53552,0,20.0,Mobile Phone,Tier 3,9.0,E wallet,Female,4.0,4,Grocery,5,Divorced,10,No Complaint,15.0,13.0,16.0,10.0,295.48,Active,Loyal (12+ months),0
53553,0,18.0,Computer,Tier 1,24.0,Debit Card,Male,4.0,6,Mobile Phone,3,Single,4,No Complaint,14.0,2.0,2.0,1.0,147.9,Active,Loyal (12+ months),0
53554,0,7.0,Mobile Phone,Tier 2,9.0,UPI,Male,3.0,4,Mobile Phone,3,Divorced,3,No Complaint,14.0,1.0,2.0,5.0,161.0,Active,Mid (6-12 months),0
53555,1,5.0,Computer,Tier 1,12.0,Debit Card,Male,4.0,5,Mobile Phone,5,Married,8,No Complaint,18.0,2.0,2.0,1.0,146.07,Churned,New (0-6 months),0
53556,0,4.0,Mobile Phone,Tier 3,36.0,Debit Card,Male,4.0,4,Laptop & Accessory,5,Married,10,No Complaint,20.0,2.0,2.0,4.0,166.15,Active,New (0-6 months),0
53557,0,14.0,Computer,Tier 3,9.0,Credit Card,Male,4.0,4,Laptop & Accessory,4,Divorced,7,No Complaint,13.0,2.0,2.0,1.0,168.27,Active,Loyal (12+ months),0
53558,0,24.0,Computer,Tier 1,9.0,Credit Card,Female,2.0,4,Grocery,5,Divorced,4,No Complaint,15.0,3.0,3.0,3.0,303.56,Active,Loyal (12+ months),0
53559,0,2.0,Mobile Phone,Tier 1,26.0,Credit Card,Male,4.0,5,Mobile Phone,5,Divorced,3,No Complaint,13.0,2.0,4.0,4.0,156.96,Active,New (0-6 months),0
53560,0,20.0,Mobile Phone,Tier 1,22.0,Debit Card,Male,3.0,4,Others,4,Divorced,7,No Complaint,15.0,2.0,2.0,4.0,315.81,Active,Loyal (12+ months),0
53561,0,9.0,Mobile Phone,Tier 3,24.0,Debit Card,Male,4.0,4,Laptop & Accessory,5,Divorced,5,Complained,16.0,2.0,2.0,3.0,214.66,Active,Mid (6-12 months),2
53562,1,1.0,Phone,Tier 1,24.0,Debit Card,Female,4.0,4,Mobile Phone,4,Divorced,3,No Complaint,14.0,1.0,2.0,1.0,147.1,Churned,New (0-6 months),0
53563,0,7.0,Computer,Tier 3,32.0,Credit Card,Female,3.0,4,Laptop & Accessory,3,Divorced,3,No Complaint,13.0,1.0,2.0,2.0,170.39,Active,Mid (6-12 months),0
53564,0,10.0,Mobile Phone,Tier 1,13.0,Debit Card,Male,3.0,6,Mobile Phone,3,Married,3,No Complaint,15.0,1.0,2.0,8.0,152.41,Active,Mid (6-12 months),0
53565,0,4.0,Mobile Phone,Tier 1,14.0,Debit Card,Male,3.0,4,Laptop & Accessory,3,Married,3,No Complaint,14.0,9.0,9.0,10.0,159.91,Active,New (0-6 months),0
53566,0,18.0,Mobile Phone,Tier 1,36.0,UPI,Male,3.0,4,Laptop & Accessory,2,Single,3,No Complaint,26.0,2.0,2.0,18.0,170.41,Active,Loyal (12+ months),1
53567,0,1.0,Mobile Phone,Tier 3,28.0,E wallet,Male,3.0,2,Mobile Phone,2,Single,3,No Complaint,18.0,1.0,3.0,3.0,151.78,Active,New (0-6 months),1
53568,0,20.0,Mobile Phone,Tier 1,9.0,Cash on Delivery,Male,3.0,4,Laptop & Accessory,2,Married,4,No Complaint,12.0,2.0,2.0,5.0,198.79,Active,Loyal (12+ months),1
53569,0,16.0,Computer,Tier 2,9.0,Credit Card,Male,4.0,2,Laptop & Accessory,5,Divorced,9,No Complaint,17.0,1.0,2.0,4.0,187.72,Active,Loyal (12+ months),0
53570,0,31.0,Mobile Phone,Tier 3,14.0,E wallet,Male,3.0,2,Laptop & Accessory,2,Married,2,Complained,19.0,1.0,2.0,10.0,177.2,Active,Loyal (12+ months),3
53571,0,6.0,Computer,Tier 1,20.0,UPI,Female,4.0,5,Mobile Phone,4,Divorced,3,No Complaint,21.0,1.0,3.0,3.0,152.43,Active,New (0-6 months),0
53572,0,6.0,Computer,Tier 1,9.0,Debit Card,Female,3.0,4,Laptop & Accessory,3,Single,6,Complained,15.0,2.0,2.0,8.0,174.98,Active,New (0-6 months),2
53573,0,10.0,Mobile Phone,Tier 1,7.0,Cash on Delivery,Female,4.0,6,Fashion,5,Married,4,Complained,22.0,6.0,8.0,3.0,227.52,Active,Mid (6-12 months),2
53574,0,7.0,Mobile Phone,Tier 1,16.0,Credit Card,Male,3.0,4,Mobile Phone,2,Divorced,2,No Complaint,14.0,2.0,5.0,11.0,152.81,Active,Mid (6-12 months),1
53575,0,14.0,Mobile Phone,Tier 3,17.0,Cash on Delivery,Female,3.0,5,Laptop & Accessory,4,Married,9,No Complaint,13.0,2.0,2.0,4.0,193.52,Active,Loyal (12+ months),0
53576,0,1.0,Mobile Phone,Tier 3,17.0,Debit Card,Male,3.0,4,Laptop & Accessory,2,Single,2,No Complaint,15.0,1.0,2.0,2.0,174.5,Active,New (0-6 months),1
53577,0,4.0,Mobile Phone,Tier 1,7.0,Credit Card,Male,4.0,4,Mobile Phone,4,Divorced,2,Complained,22.0,2.0,6.0,8.0,160.79,Active,New (0-6 months),2
53578,0,16.0,Computer,Tier 1,33.0,Credit Card,Female,3.0,4,Fashion,5,Divorced,5,Complained,18.0,1.0,2.0,1.0,256.91,Active,Loyal (12+ months),2
53579,0,9.0,Computer,Tier 3,15.0,E wallet,Female,4.0,5,Fashion,2,Divorced,6,Complained,12.0,3.0,5.0,3.0,228.77,Active,Mid (6-12 months),3
53580,0,1.0,Phone,Tier 1,21.0,Debit Card,Male,3.0,4,Mobile Phone,5,Divorced,3,Complained,15.0,3.0,7.0,9.0,147.35,Active,New (0-6 months),2
53581,0,28.0,Computer,Tier 1,7.0,Debit Card,Female,3.0,4,Fashion,3,Married,9,No Complaint,18.0,2.0,2.0,3.0,230.02,Active,Loyal (12+ months),0
53582,0,18.0,Phone,Tier 1,9.0,Debit Card,Female,4.0,2,Mobile Phone,2,Divorced,3,No Complaint,14.0,7.0,8.0,8.0,145.11,Active,Loyal (12+ months),1
53583,1,1.0,Computer,Tier 1,17.0,Credit Card,Female,4.0,5,Mobile Phone,4,Single,3,Complained,26.0,2.0,2.0,1.0,143.59,Churned,New (0-6 months),2
53584,0,3.0,Mobile Phone,Tier 1,7.0,Debit Card,Female,4.0,4,Mobile Phone,2,Married,3,No Complaint,16.0,1.0,2.0,3.0,162.6,Active,New (0-6 months),1
53585,0,28.0,Mobile Phone,Tier 1,10.0,Debit Card,Male,3.0,4,Grocery,2,Divorced,5,No Complaint,15.0,2.0,2.0,10.0,302.79,Active,Loyal (12+ months),1
53586,0,5.0,Mobile Phone,Tier 1,18.0,Credit Card,Male,4.0,4,Laptop & Accessory,5,Divorced,3,Complained,13.0,1.0,2.0,2.0,193.33,Active,New (0-6 months),2
53587,0,5.0,Mobile Phone,Tier 1,31.0,Credit Card,Female,4.0,5,Laptop & Accessory,5,Single,3,No Complaint,20.0,1.0,2.0,9.0,193.12,Active,New (0-6 months),0
53588,0,31.0,Mobile Phone,Tier 3,10.0,Debit Card,Female,3.0,5,Laptop & Accessory,2,Single,7,No Complaint,18.0,1.0,2.0,6.0,176.71,Active,Loyal (12+ months),1
53589,0,17.0,Mobile Phone,Tier 1,10.0,Debit Card,Male,4.0,6,Others,2,Divorced,5,No Complaint,15.0,2.0,2.0,8.0,322.4,Active,Loyal (12+ months),1
53590,0,23.0,Mobile Phone,Tier 1,11.0,Credit Card,Male,3.0,5,Others,3,Divorced,4,No Complaint,15.0,1.0,2.0,1.0,312.11,Active,Loyal (12+ months),0
53591,0,10.0,Computer,Tier 1,10.0,COD,Male,3.0,4,Mobile Phone,4,Divorced,3,No Complaint,13.0,2.0,2.0,8.0,161.92,Active,Mid (6-12 months),0
53592,0,22.0,Mobile Phone,Tier 1,9.0,COD,Male,4.0,2,Mobile Phone,4,Single,7,No Complaint,12.0,1.0,2.0,1.0,150.59,Active,Loyal (12+ months),0
53593,0,1.0,Mobile Phone,Tier 1,11.0,Debit Card,Male,4.0,4,Mobile Phone,3,Married,3,No Complaint,12.0,2.0,2.0,4.0,150.17,Active,New (0-6 months),0
53594,0,3.0,Mobile Phone,Tier 1,14.0,Debit Card,Male,3.0,4,Laptop & Accessory,2,Married,3,Complained,12.0,1.0,2.0,1.0,191.23,Active,New (0-6 months),3
53595,0,22.0,Mobile Phone,Tier 1,7.0,Debit Card,Male,4.0,5,Others,2,Single,8,No Complaint,15.0,2.0,2.0,1.0,307.65,Active,Loyal (12+ months),1
53596,0,3.0,Mobile Phone,Tier 1,7.0,Debit Card,Female,3.0,5,Grocery,2,Married,5,No Complaint,15.0,1.0,2.0,8.0,286.24,Active,New (0-6 months),1
53597,0,8.0,Mobile Phone,Tier 1,27.0,COD,Female,3.0,2,Mobile Phone,3,Divorced,2,No Complaint,18.0,2.0,2.0,1.0,150.85,Active,Mid (6-12 months),0
53598,0,18.0,Mobile Phone,Tier 3,12.0,E wallet,Male,3.0,4,Others,4,Divorced,9,No Complaint,15.0,2.0,4.0,11.0,307.13,Active,Loyal (12+ months),0
53599,0,7.0,Mobile Phone,Tier 3,17.0,E wallet,Male,3.0,2,Fashion,3,Married,2,Complained,15.0,2.0,2.0,9.0,208.8,Active,Mid (6-12 months),2
53600,0,1.0,Mobile Phone,Tier 1,32.0,Debit Card,Female,3.0,2,Mobile Phone,2,Single,3,Complained,13.0,2.0,2.0,2.0,154.94,Active,New (0-6 months),3
53601,0,1.0,Phone,Tier 1,7.0,Debit Card,Male,3.0,4,Mobile Phone,3,Divorced,3,No Complaint,23.0,1.0,2.0,2.0,137.23,Active,New (0-6 months),0
53602,1,1.0,Computer,Tier 3,31.0,Debit Card,Male,4.0,6,Mobile Phone,2,Single,3,Complained,15.0,2.0,2.0,1.0,136.18,Churned,New (0-6 months),3
53603,0,1.0,Mobile Phone,Tier 1,11.0,Debit Card,Male,3.0,4,Mobile Phone,2,Single,3,Complained,21.0,1.0,3.0,3.0,153.75,Active,New (0-6 months),3
53604,1,9.0,Mobile Phone,Tier 3,9.0,E wallet,Female,4.0,6,Others,4,Single,4,Complained,15.0,1.0,2.0,12.0,313.24,Churned,Mid (6-12 months),2
53605,0,29.0,Computer,Tier 1,15.0,Credit Card,Male,3.0,5,Grocery,4,Married,3,Complained,16.0,4.0,16.0,1.0,260.77,Active,Loyal (12+ months),2
53606,1,1.0,Computer,Tier 1,17.0,Debit Card,Female,3.0,5,Mobile Phone,3,Single,3,No Complaint,21.0,3.0,3.0,3.0,151.25,Churned,New (0-6 months),0
53607,0,20.0,Mobile Phone,Tier 3,11.0,E wallet,Female,3.0,5,Others,4,Divorced,4,No Complaint,15.0,2.0,2.0,9.0,312.89,Active,Loyal (12+ months),0
53608,0,8.0,Mobile Phone,Tier 3,9.0,E wallet,Female,3.0,4,Laptop & Accessory,5,Single,2,Complained,13.0,2.0,2.0,3.0,170.38,Active,Mid (6-12 months),2
53609,0,25.0,Computer,Tier 3,16.0,Debit Card,Male,3.0,4,Others,4,Married,6,Complained,25.0,3.0,12.0,11.0,323.47,Active,Loyal (12+ months),2
53610,0,31.0,Mobile Phone,Tier 1,25.0,Credit Card,Male,4.0,4,Fashion,2,Single,8,No Complaint,13.0,2.0,6.0,3.0,230.12,Active,Loyal (12+ months),1
53611,0,8.0,Computer,Tier 1,26.0,Credit Card,Female,3.0,4,Laptop & Accessory,4,Married,6,No Complaint,14.0,4.0,6.0,11.0,169.44,Active,Mid (6-12 months),0
53612,0,2.0,Computer,Tier 1,7.0,Credit Card,Male,3.0,4,Mobile Phone,3,Single,2,Complained,12.0,1.0,2.0,3.0,146.54,Active,New (0-6 months),2
53613,0,18.0,Mobile Phone,Tier 1,11.0,Debit Card,Male,4.0,2,Others,5,Married,3,No Complaint,15.0,2.0,15.0,14.0,316.9,Active,Loyal (12+ months),0
53614,0,8.0,Computer,Tier 2,18.0,Debit Card,Male,3.0,5,Laptop & Accessory,4,Divorced,6,No Complaint,12.0,1.0,2.0,9.0,169.9,Active,Mid (6-12 months),0
53615,0,9.0,Mobile Phone,Tier 1,13.0,Debit Card,Male,4.0,4,Mobile Phone,3,Divorced,2,Complained,15.0,2.0,3.0,3.0,160.06,Active,Mid (6-12 months),2
53616,0,16.0,Phone,Tier 1,14.0,Credit Card,Female,4.0,2,Laptop & Accessory,4,Divorced,8,Complained,17.0,1.0,2.0,1.0,148.72,Active,Loyal (12+ months),2
53617,0,17.0,Mobile Phone,Tier 3,11.0,E wallet,Female,3.0,5,Fashion,2,Single,5,No Complaint,15.0,11.0,16.0,3.0,227.31,Active,Loyal (12+ months),1
53618,0,10.0,Mobile Phone,Tier 1,9.0,Debit Card,Female,3.0,4,Laptop & Accessory,4,Single,11,Complained,12.0,5.0,6.0,13.0,179.1,Active,Mid (6-12 months),2
53619,1,8.0,Mobile Phone,Tier 1,22.0,Credit Card,Female,4.0,4,Fashion,2,Divorced,3,No Complaint,12.0,1.0,2.0,6.0,204.78,Churned,Mid (6-12 months),1
53620,0,2.0,Computer,Tier 1,9.0,Debit Card,Male,3.0,5,Mobile Phone,2,Divorced,3,Complained,13.0,3.0,3.0,3.0,163.67,Active,New (0-6 months),3
53621,0,25.0,Computer,Tier 1,13.0,Credit Card,Female,3.0,5,Mobile Phone,3,Single,2,No Complaint,15.0,8.0,8.0,8.0,153.38,Active,Loyal (12+ months),0
53622,0,4.0,Computer,Tier 1,16.0,Credit Card,Female,4.0,4,Laptop & Accessory,3,Single,9,Complained,19.0,2.0,2.0,8.0,171.95,Active,New (0-6 months),2
53623,1,1.0,Mobile Phone,Tier 1,14.0,COD,Female,3.0,4,Mobile Phone,3,Married,5,Complained,14.0,2.0,8.0,8.0,158.39,Churned,New (0-6 months),2
53624,0,2.0,Phone,Tier 1,7.0,COD,Male,3.0,4,Mobile Phone,5,Single,4,No Complaint,12.0,1.0,2.0,3.0,145.8,Active,New (0-6 months),0
53625,0,1.0,Phone,Tier 1,7.0,Credit Card,Female,3.0,4,Mobile Phone,4,Single,3,No Complaint,19.0,2.0,3.0,2.0,145.96,Active,New (0-6 months),0
53626,0,6.0,Mobile Phone,Tier 3,15.0,Credit Card,Male,3.0,2,Laptop & Accessory,2,Divorced,3,No Complaint,16.0,1.0,2.0,9.0,187.09,Active,New (0-6 months),1
53627,0,19.0,Computer,Tier 1,32.0,Credit Card,Female,3.0,4,Others,4,Single,5,No Complaint,15.0,2.0,2.0,1.0,305.61,Active,Loyal (12+ months),0
53628,0,13.0,Mobile Phone,Tier 1,20.0,Credit Card,Female,4.0,5,Grocery,4,Married,8,Complained,15.0,14.0,16.0,3.0,296.23,Active,Loyal (12+ months),2
53629,0,31.0,Phone,Tier 1,30.0,Debit Card,Male,3.0,4,Mobile Phone,3,Married,3,No Complaint,13.0,3.0,3.0,3.0,148.72,Active,Loyal (12+ months),0
53630,1,1.0,Mobile Phone,Tier 1,14.0,Debit Card,Male,4.0,4,Laptop & Accessory,3,Divorced,3,No Complaint,19.0,2.0,2.0,2.0,173.83,Churned,New (0-6 months),0
53631,1,3.0,Mobile Phone,Tier 1,30.0,Credit Card,Male,4.0,4,Mobile Phone,5,Single,2,No Complaint,14.0,1.0,2.0,4.0,164.04,Churned,New (0-6 months),0
53632,0,4.0,Mobile Phone,Tier 1,13.0,COD,Female,3.0,5,Laptop & Accessory,2,Divorced,2,No Complaint,13.0,6.0,7.0,8.0,171.27,Active,New (0-6 months),1
53633,0,10.0,Mobile Phone,Tier 1,17.0,Cash on Delivery,Female,4.0,4,Fashion,3,Divorced,5,No Complaint,13.0,1.0,2.0,8.0,195.94,Active,Mid (6-12 months),0
53634,0,20.0,Mobile Phone,Tier 2,7.0,Debit Card,Female,3.0,4,Mobile Phone,5,Single,8,No Complaint,13.0,4.0,6.0,8.0,159.23,Active,Loyal (12+ months),0
53635,0,2.0,Computer,Tier 1,7.0,Debit Card,Female,3.0,6,Laptop & Accessory,2,Divorced,2,No Complaint,12.0,8.0,8.0,6.0,191.74,Active,New (0-6 months),1
53636,0,24.0,Mobile Phone,Tier 1,35.0,Debit Card,Female,3.0,4,Grocery,5,Divorced,6,Complained,15.0,1.0,2.0,3.0,293.8,Active,Loyal (12+ months),2
53637,1,4.0,Mobile Phone,Tier 3,32.0,E wallet,Male,3.0,5,Fashion,4,Single,4,Complained,13.0,1.0,2.0,3.0,215.94,Churned,New (0-6 months),2
53638,1,16.0,Mobile Phone,Tier 3,12.0,Debit Card,Male,4.0,4,Fashion,4,Single,11,Complained,20.0,6.0,8.0,3.0,209.46,Churned,Loyal (12+ months),2
53639,0,4.0,Mobile Phone,Tier 1,24.0,Credit Card,Female,4.0,4,Fashion,5,Divorced,3,Complained,24.0,1.0,2.0,9.0,244.16000000000005,Active,New (0-6 months),2
53640,0,13.0,Mobile Phone,Tier 1,25.0,Debit Card,Male,3.0,4,Laptop & Accessory,3,Single,2,No Complaint,12.0,1.0,2.0,8.0,170.34,Active,Loyal (12+ months),0
53641,0,5.0,Computer,Tier 3,9.0,Debit Card,Female,3.0,4,Fashion,3,Married,3,Complained,20.0,4.0,10.0,3.0,223.52,Active,New (0-6 months),2
53642,0,15.0,Computer,Tier 3,17.0,Credit Card,Male,3.0,6,Laptop & Accessory,4,Single,3,No Complaint,14.0,4.0,12.0,10.0,186.51,Active,Loyal (12+ months),0
53643,1,1.0,Computer,Tier 3,7.0,Debit Card,Female,3.0,4,Mobile Phone,4,Single,3,Complained,12.0,2.0,3.0,3.0,148.02,Churned,New (0-6 months),2
53644,1,8.0,Phone,Tier 1,10.0,Debit Card,Male,3.0,4,Mobile Phone,5,Divorced,6,No Complaint,13.0,2.0,2.0,3.0,148.62,Churned,Mid (6-12 months),0
53645,0,16.0,Computer,Tier 1,9.0,Debit Card,Male,3.0,4,Grocery,3,Divorced,2,Complained,15.0,1.0,3.0,11.0,303.61,Active,Loyal (12+ months),2
53646,0,29.0,Mobile Phone,Tier 1,9.0,Credit Card,Female,3.0,6,Others,3,Divorced,6,No Complaint,15.0,6.0,10.0,12.0,316.87,Active,Loyal (12+ months),0
53647,0,30.0,Mobile Phone,Tier 2,15.0,Debit Card,Male,3.0,4,Others,4,Single,8,No Complaint,15.0,2.0,8.0,8.0,322.17,Active,Loyal (12+ months),0
53648,0,14.0,Computer,Tier 1,23.0,Debit Card,Male,4.0,4,Mobile Phone,3,Married,11,No Complaint,17.0,2.0,2.0,1.0,160.44,Active,Loyal (12+ months),0
53649,0,8.0,Mobile Phone,Tier 1,16.0,Debit Card,Male,3.0,4,Fashion,2,Married,2,No Complaint,12.0,2.0,2.0,3.0,210.0,Active,Mid (6-12 months),1
53650,0,14.0,Mobile Phone,Tier 1,9.0,Debit Card,Male,4.0,4,Laptop & Accessory,2,Single,3,No Complaint,14.0,4.0,9.0,9.0,171.61,Active,Loyal (12+ months),1
53651,0,15.0,Computer,Tier 3,7.0,E wallet,Female,4.0,4,Laptop & Accessory,5,Married,2,No Complaint,18.0,1.0,2.0,8.0,166.03,Active,Loyal (12+ months),0
53652,0,9.0,Computer,Tier 1,11.0,Debit Card,Male,3.0,4,Laptop & Accessory,3,Single,3,Complained,12.0,2.0,2.0,2.0,167.49,Active,Mid (6-12 months),2
53653,0,25.0,Mobile Phone,Tier 2,12.0,Debit Card,Male,3.0,4,Grocery,4,Married,3,Complained,12.0,1.0,2.0,11.0,265.26,Active,Loyal (12+ months),2
53654,0,12.0,Mobile Phone,Tier 3,9.0,Debit Card,Female,3.0,4,Laptop & Accessory,5,Married,5,No Complaint,16.0,1.0,2.0,8.0,193.93,Active,Mid (6-12 months),0
53655,0,8.0,Mobile Phone,Tier 3,22.0,Credit Card,Female,4.0,4,Laptop & Accessory,5,Single,3,No Complaint,13.0,2.0,10.0,7.0,186.25,Active,Mid (6-12 months),0
53656,0,1.0,Mobile Phone,Tier 1,26.0,Credit Card,Male,4.0,4,Mobile Phone,2,Divorced,5,No Complaint,12.0,2.0,2.0,3.0,161.69,Active,New (0-6 months),1
53657,1,21.0,Mobile Phone,Tier 1,14.0,Credit Card,Female,3.0,5,Fashion,5,Divorced,9,Complained,15.0,5.0,6.0,3.0,225.08,Churned,Loyal (12+ months),2
53658,0,14.0,Phone,Tier 1,7.0,Debit Card,Male,3.0,4,Mobile Phone,4,Divorced,5,No Complaint,23.0,2.0,2.0,4.0,148.87,Active,Loyal (12+ months),0
53659,0,10.0,Computer,Tier 3,14.0,E wallet,Female,3.0,2,Laptop & Accessory,5,Divorced,4,No Complaint,17.0,6.0,7.0,14.0,171.39,Active,Mid (6-12 months),0
53660,0,22.0,Mobile Phone,Tier 1,11.0,Debit Card,Male,3.0,4,Fashion,2,Single,3,No Complaint,12.0,2.0,2.0,9.0,203.98,Active,Loyal (12+ months),1
53661,0,1.0,Mobile Phone,Tier 3,18.0,Credit Card,Female,4.0,2,Mobile Phone,2,Divorced,10,No Complaint,15.0,2.0,2.0,1.0,150.34,Active,New (0-6 months),1
53662,0,25.0,Mobile Phone,Tier 1,18.0,Cash on Delivery,Female,3.0,5,Grocery,4,Single,5,No Complaint,17.0,1.0,2.0,4.0,256.42,Active,Loyal (12+ months),0
53663,0,1.0,Computer,Tier 1,7.0,Debit Card,Female,4.0,4,Mobile Phone,2,Single,3,No Complaint,16.0,2.0,2.0,1.0,141.11,Active,New (0-6 months),1
53664,0,9.0,Mobile Phone,Tier 1,7.0,Credit Card,Female,3.0,5,Laptop & Accessory,2,Divorced,2,No Complaint,13.0,2.0,2.0,1.0,178.63,Active,Mid (6-12 months),1
53665,0,1.0,Computer,Tier 3,9.0,Debit Card,Male,3.0,6,Laptop & Accessory,2,Single,5,No Complaint,21.0,2.0,2.0,1.0,175.71,Active,New (0-6 months),1
53666,1,19.0,Mobile Phone,Tier 3,20.0,E wallet,Male,3.0,2,Grocery,3,Single,8,Complained,18.0,1.0,4.0,9.0,261.95,Churned,Loyal (12+ months),2
53667,0,30.0,Mobile Phone,Tier 1,30.0,Debit Card,Male,4.0,4,Grocery,4,Divorced,6,Complained,13.0,12.0,2.0,10.0,259.02,Active,Loyal (12+ months),2
53668,0,8.0,Computer,Tier 1,33.0,COD,Female,4.0,5,Mobile Phone,3,Married,3,No Complaint,21.0,2.0,2.0,1.0,145.29,Active,Mid (6-12 months),0
53669,0,14.0,Mobile Phone,Tier 1,9.0,Credit Card,Female,3.0,2,Laptop & Accessory,3,Married,7,No Complaint,21.0,6.0,12.0,9.0,188.77,Active,Loyal (12+ months),0
53670,0,8.0,Mobile Phone,Tier 1,36.0,Credit Card,Male,3.0,4,Laptop & Accessory,3,Divorced,6,No Complaint,14.0,1.0,8.0,8.0,179.29,Active,Mid (6-12 months),0
53671,1,1.0,Computer,Tier 3,9.0,Debit Card,Female,3.0,5,Mobile Phone,2,Single,9,No Complaint,15.0,1.0,2.0,1.0,152.85,Churned,New (0-6 months),1
53672,1,1.0,Computer,Tier 3,25.0,E wallet,Female,4.0,4,Laptop & Accessory,3,Divorced,2,Complained,19.0,4.0,4.0,3.0,171.14,Churned,New (0-6 months),2
53673,0,12.0,Computer,Tier 1,14.0,Debit Card,Male,3.0,2,Mobile Phone,3,Married,3,No Complaint,12.0,1.0,2.0,4.0,151.1,Active,Mid (6-12 months),0
53674,0,8.0,Mobile Phone,Tier 1,9.0,COD,Female,4.0,4,Laptop & Accessory,2,Single,3,No Complaint,12.0,2.0,5.0,12.0,191.87,Active,Mid (6-12 months),1
53675,0,2.0,Mobile Phone,Tier 3,33.0,Debit Card,Male,3.0,5,Laptop & Accessory,5,Divorced,3,No Complaint,12.0,2.0,2.0,5.0,172.24,Active,New (0-6 months),0
53676,1,1.0,Mobile Phone,Tier 1,29.0,Credit Card,Male,4.0,4,Laptop & Accessory,3,Divorced,3,Complained,16.0,4.0,7.0,8.0,186.79,Churned,New (0-6 months),2
53677,0,13.0,Mobile Phone,Tier 3,28.0,Debit Card,Male,3.0,5,Laptop & Accessory,2,Divorced,5,Complained,13.0,1.0,2.0,5.0,186.2,Active,Loyal (12+ months),3
53678,0,25.0,Computer,Tier 3,9.0,E wallet,Male,3.0,4,Fashion,4,Divorced,4,No Complaint,12.0,1.0,4.0,3.0,230.96,Active,Loyal (12+ months),0
53679,0,15.0,Computer,Tier 1,29.0,Debit Card,Female,4.0,4,Laptop & Accessory,2,Married,5,Complained,15.0,1.0,4.0,4.0,179.67,Active,Loyal (12+ months),3
53680,0,11.0,Mobile Phone,Tier 1,11.0,Debit Card,Male,3.0,4,Mobile Phone,3,Divorced,9,Complained,16.0,2.0,2.0,4.0,154.96,Active,Mid (6-12 months),2
53681,0,7.0,Computer,Tier 3,12.0,Debit Card,Male,4.0,4,Laptop & Accessory,2,Divorced,8,No Complaint,14.0,2.0,2.0,3.0,224.98,Active,Mid (6-12 months),1
53682,0,6.0,Mobile Phone,Tier 3,9.0,E wallet,Male,3.0,4,Laptop & Accessory,4,Divorced,2,Complained,14.0,1.0,2.0,3.0,165.78,Active,New (0-6 months),2
53683,0,13.0,Computer,Tier 1,32.0,Debit Card,Male,4.0,4,Fashion,3,Divorced,5,No Complaint,22.0,1.0,2.0,6.0,234.2,Active,Loyal (12+ months),0
53684,0,1.0,Mobile Phone,Tier 3,25.0,Debit Card,Male,4.0,2,Laptop & Accessory,3,Divorced,4,No Complaint,12.0,1.0,2.0,3.0,187.32,Active,New (0-6 months),0
53685,0,26.0,Computer,Tier 1,35.0,Credit Card,Female,3.0,2,Grocery,3,Divorced,4,Complained,12.0,1.0,2.0,3.0,257.47,Active,Loyal (12+ months),2
53686,0,17.0,Mobile Phone,Tier 1,13.0,Credit Card,Female,4.0,5,Laptop & Accessory,3,Single,3,Complained,15.0,2.0,2.0,9.0,165.81,Active,Loyal (12+ months),2
53687,0,1.0,Mobile Phone,Tier 3,17.0,E wallet,Female,4.0,5,Laptop & Accessory,2,Divorced,3,Complained,12.0,3.0,5.0,5.0,182.69,Active,New (0-6 months),3
53688,1,1.0,Phone,Tier 1,24.0,Debit Card,Female,3.0,4,Mobile Phone,3,Single,3,Complained,14.0,4.0,8.0,8.0,148.94,Churned,New (0-6 months),2
53689,0,1.0,Mobile Phone,Tier 1,9.0,Credit Card,Male,3.0,5,Mobile Phone,2,Single,2,No Complaint,13.0,1.0,2.0,2.0,164.04,Active,New (0-6 months),1
53690,0,16.0,Mobile Phone,Tier 2,17.0,UPI,Female,3.0,4,Grocery,5,Divorced,2,No Complaint,15.0,1.0,2.0,10.0,292.99,Active,Loyal (12+ months),0
53691,0,26.0,Mobile Phone,Tier 1,15.0,UPI,Female,3.0,4,Mobile Phone,5,Divorced,11,No Complaint,14.0,2.0,2.0,5.0,154.5,Active,Loyal (12+ months),0
53692,0,11.0,Mobile Phone,Tier 1,18.0,Credit Card,Female,4.0,4,Mobile Phone,3,Single,6,No Complaint,19.0,1.0,2.0,3.0,161.29,Active,Mid (6-12 months),0
53693,0,9.0,Computer,Tier 1,25.0,Debit Card,Male,3.0,4,Fashion,2,Single,4,No Complaint,12.0,1.0,3.0,3.0,218.62,Active,Mid (6-12 months),1
53694,0,1.0,Mobile Phone,Tier 1,7.0,COD,Male,3.0,4,Mobile Phone,2,Divorced,6,No Complaint,12.0,2.0,2.0,3.0,157.29,Active,New (0-6 months),1
53695,0,1.0,Mobile Phone,Tier 1,14.0,UPI,Male,4.0,2,Mobile Phone,5,Single,2,No Complaint,13.0,2.0,2.0,8.0,160.78,Active,New (0-6 months),0
53696,0,3.0,Mobile Phone,Tier 2,24.0,UPI,Male,3.0,5,Fashion,5,Single,3,No Complaint,14.0,1.0,2.0,10.0,204.88,Active,New (0-6 months),0
53697,1,1.0,Computer,Tier 1,35.0,Debit Card,Male,4.0,5,Laptop & Accessory,5,Single,5,No Complaint,21.0,1.0,2.0,4.0,167.84,Churned,New (0-6 months),0
53698,1,1.0,Computer,Tier 1,21.0,UPI,Female,3.0,4,Fashion,2,Single,2,Complained,13.0,3.0,8.0,8.0,200.53,Churned,New (0-6 months),3
53699,0,28.0,Mobile Phone,Tier 1,7.0,Credit Card,Female,3.0,4,Grocery,2,Single,8,No Complaint,15.0,6.0,13.0,8.0,298.28,Active,Loyal (12+ months),1
53700,0,31.0,Mobile Phone,Tier 1,7.0,Credit Card,Female,4.0,4,Others,5,Divorced,5,Complained,15.0,2.0,2.0,6.0,322.01,Active,Loyal (12+ months),2
53701,0,29.0,Mobile Phone,Tier 1,7.0,Credit Card,Male,3.0,2,Grocery,2,Married,4,No Complaint,14.0,1.0,2.0,1.0,272.32,Active,Loyal (12+ months),1
53702,0,10.0,Mobile Phone,Tier 3,10.0,E wallet,Female,3.0,4,Laptop & Accessory,4,Single,5,Complained,17.0,1.0,2.0,3.0,217.78,Active,Mid (6-12 months),2
53703,1,1.0,Computer,Tier 3,7.0,Debit Card,Female,3.0,6,Mobile Phone,3,Single,3,No Complaint,13.0,2.0,2.0,1.0,138.59,Churned,New (0-6 months),0
53704,0,4.0,Mobile Phone,Tier 3,14.0,E wallet,Female,4.0,4,Laptop & Accessory,5,Married,9,No Complaint,15.0,2.0,2.0,3.0,172.79,Active,New (0-6 months),0
53705,0,5.0,Mobile Phone,Tier 1,15.0,Debit Card,Female,4.0,4,Grocery,4,Single,5,No Complaint,12.0,1.0,2.0,1.0,289.22,Active,New (0-6 months),0
53706,0,8.0,Computer,Tier 1,7.0,UPI,Male,4.0,4,Mobile Phone,5,Married,7,No Complaint,15.0,2.0,2.0,4.0,154.96,Active,Mid (6-12 months),0
53707,1,1.0,Phone,Tier 1,15.0,Debit Card,Female,3.0,5,Mobile Phone,4,Single,3,No Complaint,13.0,1.0,2.0,1.0,137.61,Churned,New (0-6 months),0
53708,0,1.0,Phone,Tier 1,18.0,Debit Card,Male,4.0,4,Mobile Phone,5,Divorced,2,No Complaint,15.0,2.0,2.0,5.0,145.99,Active,New (0-6 months),0
53709,0,10.0,Mobile Phone,Tier 1,11.0,Debit Card,Male,3.0,5,Laptop & Accessory,2,Single,3,No Complaint,17.0,2.0,2.0,9.0,183.1,Active,Mid (6-12 months),1
53710,0,10.0,Mobile Phone,Tier 3,23.0,E wallet,Female,4.0,5,Laptop & Accessory,5,Divorced,6,No Complaint,14.0,2.0,2.0,3.0,181.47,Active,Mid (6-12 months),0
53711,0,21.0,Mobile Phone,Tier 1,7.0,COD,Male,4.0,4,Mobile Phone,2,Divorced,9,No Complaint,13.0,2.0,2.0,3.0,159.2,Active,Loyal (12+ months),1
53712,1,1.0,Mobile Phone,Tier 3,16.0,Debit Card,Male,4.0,5,Mobile Phone,5,Divorced,5,No Complaint,13.0,2.0,3.0,3.0,169.0,Churned,New (0-6 months),0
53713,0,11.0,Computer,Tier 1,12.0,COD,Male,3.0,2,Mobile Phone,3,Single,2,No Complaint,15.0,2.0,2.0,4.0,160.0,Active,Mid (6-12 months),0
53714,0,30.0,Phone,Tier 1,7.0,Debit Card,Female,3.0,4,Mobile Phone,5,Divorced,4,No Complaint,23.0,2.0,2.0,1.0,145.66,Active,Loyal (12+ months),0
53715,0,21.0,Mobile Phone,Tier 1,9.0,Credit Card,Female,3.0,4,Grocery,3,Divorced,5,No Complaint,15.0,4.0,6.0,7.0,296.69,Active,Loyal (12+ months),0
53716,0,1.0,Mobile Phone,Tier 3,11.0,Credit Card,Female,3.0,4,Laptop & Accessory,3,Divorced,3,Complained,13.0,2.0,2.0,4.0,166.62,Active,New (0-6 months),2
53717,0,6.0,Mobile Phone,Tier 3,14.0,E wallet,Male,4.0,4,Laptop & Accessory,2,Divorced,6,No Complaint,13.0,2.0,2.0,3.0,217.04,Active,New (0-6 months),1
53718,0,8.0,Mobile Phone,Tier 1,7.0,Debit Card,Female,3.0,5,Mobile Phone,4,Divorced,7,No Complaint,18.0,2.0,2.0,3.0,157.94,Active,Mid (6-12 months),0
53719,0,15.0,Phone,Tier 1,12.0,Credit Card,Male,3.0,2,Mobile Phone,3,Divorced,4,Complained,13.0,2.0,2.0,4.0,146.27,Active,Loyal (12+ months),2
53720,0,14.0,Computer,Tier 1,16.0,UPI,Male,3.0,4,Laptop & Accessory,3,Married,5,No Complaint,12.0,2.0,2.0,8.0,164.75,Active,Loyal (12+ months),0
53721,0,5.0,Mobile Phone,Tier 3,15.0,Debit Card,Male,3.0,4,Fashion,2,Married,3,No Complaint,19.0,3.0,2.0,10.0,232.93,Active,New (0-6 months),1
53722,1,10.0,Mobile Phone,Tier 3,16.0,E wallet,Male,3.0,4,Fashion,1,Married,6,No Complaint,12.0,1.0,5.0,3.0,225.96,Churned,Mid (6-12 months),1
53723,1,3.0,Computer,Tier 1,9.0,Debit Card,Female,3.0,5,Mobile Phone,5,Single,4,Complained,24.0,1.0,2.0,1.0,161.46,Churned,New (0-6 months),2
53724,1,1.0,Computer,Tier 1,7.0,Debit Card,Female,4.0,2,Fashion,4,Single,3,No Complaint,12.0,4.0,5.0,8.0,199.46,Churned,New (0-6 months),0
53725,0,19.0,Mobile Phone,Tier 1,27.0,Credit Card,Male,4.0,6,Fashion,5,Married,4,Complained,19.0,1.0,2.0,8.0,233.51,Active,Loyal (12+ months),2
53726,0,5.0,Phone,Tier 2,15.0,Credit Card,Female,4.0,2,Mobile Phone,4,Single,11,No Complaint,19.0,1.0,2.0,3.0,146.09,Active,New (0-6 months),0
53727,1,1.0,Computer,Tier 1,9.0,Debit Card,Male,4.0,4,Mobile Phone,1,Divorced,8,Complained,14.0,3.0,3.0,3.0,162.22,Churned,New (0-6 months),3
53728,0,19.0,Mobile Phone,Tier 1,36.0,Cash on Delivery,Male,3.0,4,Fashion,1,Divorced,6,Complained,19.0,2.0,2.0,3.0,218.8,Active,Loyal (12+ months),3
53729,0,22.0,Mobile Phone,Tier 3,14.0,E wallet,Male,4.0,4,Laptop & Accessory,5,Married,6,No Complaint,12.0,2.0,3.0,3.0,179.86,Active,Loyal (12+ months),0
53730,1,1.0,Mobile Phone,Tier 2,16.0,COD,Female,3.0,4,Mobile Phone,3,Divorced,3,No Complaint,16.0,2.0,3.0,3.0,152.42,Churned,New (0-6 months),0
53731,0,14.0,Computer,Tier 1,15.0,Credit Card,Male,3.0,5,Fashion,4,Married,4,No Complaint,12.0,1.0,5.0,9.0,262.57,Active,Loyal (12+ months),0
53732,0,2.0,Mobile Phone,Tier 3,12.0,Credit Card,Male,3.0,4,Laptop & Accessory,5,Single,2,No Complaint,19.0,2.0,2.0,3.0,209.63,Active,New (0-6 months),0
53733,0,18.0,Computer,Tier 1,12.0,Debit Card,Male,3.0,5,Mobile Phone,3,Single,5,No Complaint,15.0,1.0,2.0,4.0,156.62,Active,Loyal (12+ months),0
53734,0,27.0,Mobile Phone,Tier 1,9.0,Credit Card,Male,3.0,2,Grocery,4,Single,6,No Complaint,13.0,1.0,9.0,9.0,290.98,Active,Loyal (12+ months),0
53735,0,23.0,Mobile Phone,Tier 1,12.0,COD,Male,4.0,4,Laptop & Accessory,3,Divorced,4,No Complaint,15.0,1.0,2.0,3.0,191.51,Active,Loyal (12+ months),0
53736,0,14.0,Phone,Tier 1,9.0,Credit Card,Male,4.0,4,Mobile Phone,3,Married,4,No Complaint,15.0,1.0,2.0,3.0,148.45,Active,Loyal (12+ months),0
53737,0,18.0,Mobile Phone,Tier 1,27.0,Debit Card,Male,3.0,4,Mobile Phone,4,Single,3,No Complaint,14.0,2.0,2.0,4.0,159.2,Active,Loyal (12+ months),0
53738,0,7.0,Computer,Tier 3,14.0,Credit Card,Male,3.0,4,Laptop & Accessory,5,Divorced,2,No Complaint,15.0,1.0,2.0,4.0,168.73,Active,Mid (6-12 months),0
53739,0,8.0,Mobile Phone,Tier 3,10.0,UPI,Male,3.0,6,Laptop & Accessory,5,Single,5,No Complaint,19.0,3.0,4.0,13.0,172.59,Active,Mid (6-12 months),0
53740,0,4.0,Mobile Phone,Tier 3,23.0,Debit Card,Male,4.0,4,Laptop & Accessory,3,Divorced,10,No Complaint,16.0,1.0,3.0,3.0,178.01,Active,New (0-6 months),0
53741,0,16.0,Computer,Tier 1,16.0,Credit Card,Female,4.0,4,Mobile Phone,1,Single,3,No Complaint,14.0,5.0,6.0,9.0,161.73,Active,Loyal (12+ months),1
53742,0,18.0,Computer,Tier 3,7.0,E wallet,Female,4.0,4,Laptop & Accessory,3,Divorced,9,No Complaint,13.0,2.0,2.0,1.0,172.68,Active,Loyal (12+ months),0
53743,0,4.0,Computer,Tier 1,14.0,COD,Male,4.0,4,Mobile Phone,3,Married,3,No Complaint,14.0,1.0,2.0,1.0,137.74,Active,New (0-6 months),0
53744,0,51.0,Mobile Phone,Tier 1,7.0,Debit Card,Male,4.0,2,Laptop & Accessory,3,Divorced,2,No Complaint,25.0,2.0,3.0,9.0,174.0,Active,Loyal (12+ months),0
53745,0,23.0,Mobile Phone,Tier 1,14.0,Debit Card,Male,3.0,4,Fashion,4,Married,5,No Complaint,15.0,1.0,2.0,3.0,229.66,Active,Loyal (12+ months),0
53746,0,8.0,Computer,Tier 1,22.0,Credit Card,Male,4.0,4,Grocery,5,Married,9,No Complaint,15.0,3.0,7.0,10.0,295.07,Active,Mid (6-12 months),0
53747,1,1.0,Computer,Tier 3,7.0,COD,Male,4.0,4,Mobile Phone,3,Divorced,5,No Complaint,16.0,2.0,2.0,3.0,154.09,Churned,New (0-6 months),0
53748,1,1.0,Computer,Tier 3,20.0,COD,Female,3.0,4,Laptop & Accessory,4,Single,7,No Complaint,12.0,1.0,2.0,1.0,182.65,Churned,New (0-6 months),0
53749,1,1.0,Mobile Phone,Tier 3,31.0,Credit Card,Female,3.0,5,Laptop & Accessory,4,Single,2,Complained,24.0,3.0,11.0,11.0,170.99,Churned,New (0-6 months),2
53750,0,9.0,Phone,Tier 3,14.0,Debit Card,Male,4.0,4,Mobile Phone,3,Divorced,3,No Complaint,14.0,2.0,2.0,1.0,149.04,Active,Mid (6-12 months),0
53751,1,1.0,Computer,Tier 1,16.0,Credit Card,Male,3.0,4,Mobile Phone,5,Single,4,Complained,12.0,1.0,2.0,1.0,156.72,Churned,New (0-6 months),2
53752,0,1.0,Computer,Tier 3,20.0,Debit Card,Female,4.0,4,Mobile Phone,4,Divorced,3,No Complaint,14.0,1.0,2.0,1.0,145.33,Active,New (0-6 months),0
53753,0,18.0,Computer,Tier 1,9.0,Credit Card,Male,3.0,4,Fashion,3,Single,7,Complained,19.0,1.0,3.0,3.0,227.09,Active,Loyal (12+ months),2
53754,0,3.0,Mobile Phone,Tier 3,26.0,Debit Card,Male,4.0,5,Laptop & Accessory,3,Married,3,No Complaint,15.0,2.0,2.0,3.0,211.2,Active,New (0-6 months),0
53755,0,4.0,Phone,Tier 2,7.0,Debit Card,Male,3.0,4,Mobile Phone,3,Married,2,No Complaint,22.0,1.0,2.0,4.0,145.64,Active,New (0-6 months),0
53756,0,29.0,Mobile Phone,Tier 1,11.0,Debit Card,Male,2.0,4,Laptop & Accessory,3,Divorced,2,Complained,17.0,1.0,2.0,3.0,165.35,Active,Loyal (12+ months),2
53757,0,7.0,Mobile Phone,Tier 1,11.0,Credit Card,Female,3.0,5,Mobile Phone,4,Divorced,10,No Complaint,12.0,1.0,2.0,3.0,163.38,Active,Mid (6-12 months),0
53758,0,21.0,Mobile Phone,Tier 3,21.0,Credit Card,Female,4.0,4,Laptop & Accessory,3,Divorced,5,Complained,18.0,2.0,2.0,3.0,170.91,Active,Loyal (12+ months),2
53759,1,1.0,Computer,Tier 1,9.0,Credit Card,Male,3.0,5,Mobile Phone,5,Single,9,No Complaint,12.0,1.0,2.0,1.0,150.61,Churned,New (0-6 months),0
53760,0,2.0,Phone,Tier 1,7.0,Debit Card,Male,4.0,5,Mobile Phone,3,Married,3,No Complaint,15.0,1.0,2.0,1.0,140.63,Active,New (0-6 months),0
53761,0,2.0,Computer,Tier 3,14.0,Debit Card,Male,3.0,4,Laptop & Accessory,5,Single,2,No Complaint,15.0,2.0,2.0,4.0,173.98,Active,New (0-6 months),0
53762,0,23.0,Mobile Phone,Tier 1,10.0,Credit Card,Female,3.0,5,Laptop & Accessory,5,Divorced,6,No Complaint,26.0,2.0,2.0,3.0,172.89,Active,Loyal (12+ months),0
53763,0,3.0,Computer,Tier 1,9.0,Debit Card,Female,4.0,4,Mobile Phone,4,Divorced,2,No Complaint,14.0,1.0,2.0,3.0,156.8,Active,New (0-6 months),0
53764,0,2.0,Mobile Phone,Tier 1,36.0,Debit Card,Male,4.0,6,Laptop & Accessory,4,Divorced,3,No Complaint,15.0,2.0,2.0,8.0,190.49,Active,New (0-6 months),0
53765,0,7.0,Mobile Phone,Tier 1,15.0,Debit Card,Male,4.0,4,Laptop & Accessory,3,Single,4,Complained,18.0,1.0,2.0,1.0,188.88,Active,Mid (6-12 months),2
53766,0,6.0,Mobile Phone,Tier 1,17.0,Credit Card,Male,1.0,4,Fashion,1,Single,4,No Complaint,26.0,1.0,2.0,1.0,237.44,Active,New (0-6 months),1
53767,0,28.0,Computer,Tier 1,18.0,Credit Card,Female,3.0,4,Grocery,1,Married,5,No Complaint,21.0,1.0,2.0,13.0,285.32,Active,Loyal (12+ months),1
53768,1,1.0,Phone,Tier 1,7.0,COD,Male,4.0,5,Mobile Phone,5,Single,8,No Complaint,14.0,1.0,2.0,8.0,148.62,Churned,New (0-6 months),0
53769,0,18.0,Mobile Phone,Tier 1,35.0,Debit Card,Male,3.0,4,Grocery,5,Divorced,5,No Complaint,14.0,1.0,15.0,18.0,288.28,Active,Loyal (12+ months),0
53770,0,13.0,Mobile Phone,Tier 1,13.0,Debit Card,Female,3.0,4,Fashion,4,Single,6,No Complaint,19.0,1.0,3.0,3.0,208.76,Active,Loyal (12+ months),0
53771,0,20.0,Mobile Phone,Tier 3,10.0,Debit Card,Female,3.0,4,Grocery,4,Divorced,10,No Complaint,13.0,1.0,6.0,2.0,291.06,Active,Loyal (12+ months),0
53772,0,9.0,Mobile Phone,Tier 1,23.0,Debit Card,Female,4.0,5,Fashion,4,Single,3,No Complaint,20.0,2.0,4.0,3.0,211.06,Active,Mid (6-12 months),0
53773,0,1.0,Phone,Tier 1,27.0,Debit Card,Male,4.0,4,Laptop & Accessory,3,Single,2,No Complaint,15.0,2.0,2.0,3.0,147.72,Active,New (0-6 months),0
53774,1,4.0,Phone,Tier 1,16.0,Debit Card,Male,3.0,4,Mobile Phone,5,Single,5,No Complaint,15.0,2.0,2.0,1.0,145.18,Churned,New (0-6 months),0
53775,0,8.0,Mobile Phone,Tier 3,7.0,Cash on Delivery,Male,4.0,5,Fashion,3,Divorced,3,Complained,15.0,8.0,9.0,7.0,195.83,Active,Mid (6-12 months),2
53776,1,1.0,Computer,Tier 1,10.0,Debit Card,Female,3.0,4,Mobile Phone,3,Single,3,No Complaint,13.0,7.0,8.0,8.0,165.84,Churned,New (0-6 months),0
53777,0,24.0,Computer,Tier 1,29.0,Credit Card,Male,3.0,6,Grocery,1,Single,3,Complained,14.0,1.0,14.0,10.0,269.11,Active,Loyal (12+ months),3
53778,0,8.0,Phone,Tier 3,14.0,COD,Male,3.0,4,Mobile Phone,3,Married,2,Complained,26.0,1.0,6.0,8.0,148.08,Active,Mid (6-12 months),2
53779,0,16.0,Mobile Phone,Tier 1,9.0,Credit Card,Male,4.0,5,Mobile Phone,4,Married,6,No Complaint,15.0,2.0,2.0,1.0,173.41,Active,Loyal (12+ months),0
53780,0,11.0,Mobile Phone,Tier 1,20.0,Credit Card,Male,3.0,4,Laptop & Accessory,1,Married,3,No Complaint,18.0,1.0,4.0,8.0,167.85,Active,Mid (6-12 months),1
53781,0,3.0,Mobile Phone,Tier 1,15.0,UPI,Female,3.0,6,Laptop & Accessory,5,Married,5,No Complaint,14.0,1.0,2.0,3.0,222.15,Active,New (0-6 months),0
53782,0,7.0,Mobile Phone,Tier 1,32.0,Debit Card,Male,3.0,5,Laptop & Accessory,4,Single,3,No Complaint,14.0,1.0,2.0,3.0,168.2,Active,Mid (6-12 months),0
53783,0,19.0,Phone,Tier 1,35.0,COD,Male,4.0,4,Mobile Phone,1,Married,6,No Complaint,21.0,2.0,2.0,4.0,146.32,Active,Loyal (12+ months),1
53784,0,16.0,Computer,Tier 1,9.0,Debit Card,Male,3.0,4,Fashion,1,Married,4,Complained,15.0,13.0,14.0,3.0,226.24,Active,Loyal (12+ months),3
53785,0,14.0,Mobile Phone,Tier 3,16.0,Credit Card,Male,3.0,4,Laptop & Accessory,5,Married,2,No Complaint,13.0,3.0,8.0,2.0,179.73,Active,Loyal (12+ months),0
53786,0,7.0,Mobile Phone,Tier 1,35.0,Debit Card,Male,4.0,4,Laptop & Accessory,3,Married,3,Complained,13.0,2.0,6.0,8.0,177.07,Active,Mid (6-12 months),2
53787,0,14.0,Mobile Phone,Tier 2,13.0,Credit Card,Male,3.0,4,Grocery,1,Single,3,Complained,22.0,1.0,8.0,8.0,289.37,Active,Loyal (12+ months),3
53788,0,1.0,Phone,Tier 1,28.0,COD,Male,3.0,5,Mobile Phone,5,Married,2,No Complaint,15.0,1.0,2.0,1.0,147.96,Active,New (0-6 months),0
53789,0,14.0,Computer,Tier 1,15.0,Debit Card,Male,4.0,4,Laptop & Accessory,1,Married,5,Complained,19.0,3.0,3.0,3.0,165.69,Active,Loyal (12+ months),3
53790,0,19.0,Mobile Phone,Tier 1,7.0,Cash on Delivery,Male,4.0,4,Fashion,4,Married,3,No Complaint,13.0,7.0,8.0,8.0,199.41,Active,Loyal (12+ months),0
53791,0,9.0,Phone,Tier 3,7.0,Debit Card,Female,4.0,5,Mobile Phone,3,Married,2,No Complaint,24.0,3.0,5.0,3.0,149.3,Active,Mid (6-12 months),0
53792,0,6.0,Mobile Phone,Tier 1,12.0,Debit Card,Female,4.0,5,Laptop & Accessory,4,Married,5,No Complaint,13.0,2.0,3.0,6.0,183.78,Active,New (0-6 months),0
53793,0,10.0,Mobile Phone,Tier 3,9.0,Debit Card,Male,4.0,4,Mobile Phone,1,Single,5,Complained,22.0,1.0,2.0,3.0,151.44,Active,Mid (6-12 months),3
53794,0,22.0,Mobile Phone,Tier 3,23.0,Debit Card,Female,4.0,4,Laptop & Accessory,3,Married,10,No Complaint,15.0,2.0,8.0,8.0,189.39,Active,Loyal (12+ months),0
53795,0,3.0,Mobile Phone,Tier 1,16.0,Debit Card,Male,4.0,2,Mobile Phone,3,Married,8,No Complaint,19.0,2.0,2.0,1.0,149.51,Active,New (0-6 months),0
53796,0,7.0,Mobile Phone,Tier 3,15.0,Debit Card,Male,3.0,4,Laptop & Accessory,5,Married,4,No Complaint,14.0,3.0,3.0,3.0,188.92,Active,Mid (6-12 months),0
53797,1,1.0,Mobile Phone,Tier 3,7.0,Debit Card,Male,4.0,5,Laptop & Accessory,5,Married,3,No Complaint,12.0,4.0,7.0,3.0,222.14,Churned,New (0-6 months),0
53798,0,12.0,Computer,Tier 2,17.0,UPI,Male,4.0,4,Laptop & Accessory,3,Married,5,No Complaint,12.0,1.0,2.0,3.0,185.77,Active,Mid (6-12 months),0
53799,0,9.0,Phone,Tier 1,7.0,Credit Card,Male,4.0,5,Mobile Phone,5,Single,3,No Complaint,20.0,1.0,2.0,3.0,149.5,Active,Mid (6-12 months),0
53800,0,4.0,Mobile Phone,Tier 3,36.0,Cash on Delivery,Male,3.0,4,Fashion,4,Married,5,No Complaint,13.0,1.0,2.0,3.0,217.5,Active,New (0-6 months),0
53801,1,1.0,Phone,Tier 1,9.0,Debit Card,Female,4.0,4,Mobile Phone,5,Married,3,Complained,13.0,2.0,2.0,1.0,145.74,Churned,New (0-6 months),2
53802,1,17.0,Mobile Phone,Tier 1,9.0,Cash on Delivery,Female,4.0,5,Fashion,1,Married,2,No Complaint,17.0,2.0,2.0,3.0,226.69,Churned,Loyal (12+ months),1
53803,1,2.0,Mobile Phone,Tier 1,9.0,Credit Card,Male,3.0,4,Laptop & Accessory,4,Married,6,No Complaint,12.0,1.0,2.0,5.0,173.55,Churned,New (0-6 months),0
53804,0,6.0,Computer,Tier 1,7.0,COD,Male,4.0,4,Laptop & Accessory,5,Married,6,No Complaint,15.0,2.0,2.0,3.0,165.87,Active,New (0-6 months),0
53805,0,22.0,Phone,Tier 1,22.0,UPI,Female,4.0,4,Mobile Phone,5,Married,10,No Complaint,13.0,8.0,8.0,7.0,148.67,Active,Loyal (12+ months),0
53806,0,8.0,Mobile Phone,Tier 1,14.0,Credit Card,Male,3.0,4,Mobile Phone,1,Single,3,No Complaint,14.0,1.0,2.0,1.0,154.72,Active,Mid (6-12 months),1
53807,0,29.0,Mobile Phone,Tier 3,33.0,E wallet,Male,3.0,5,Others,1,Married,3,No Complaint,15.0,3.0,3.0,14.0,320.86,Active,Loyal (12+ months),1
53808,0,8.0,Mobile Phone,Tier 1,7.0,Debit Card,Male,3.0,4,Laptop & Accessory,1,Married,11,No Complaint,18.0,2.0,3.0,2.0,179.84,Active,Mid (6-12 months),1
53809,0,1.0,Phone,Tier 1,10.0,Debit Card,Female,3.0,4,Mobile Phone,1,Married,3,No Complaint,22.0,2.0,2.0,1.0,145.61,Active,New (0-6 months),1
53810,0,12.0,Mobile Phone,Tier 3,21.0,Debit Card,Male,4.0,4,Laptop & Accessory,4,Married,2,No Complaint,12.0,6.0,8.0,3.0,224.24,Active,Mid (6-12 months),0
53811,0,12.0,Mobile Phone,Tier 3,23.0,Debit Card,Female,3.0,4,Laptop & Accessory,4,Single,4,No Complaint,13.0,1.0,2.0,3.0,166.98,Active,Mid (6-12 months),0
53812,0,10.0,Mobile Phone,Tier 3,7.0,Debit Card,Female,4.0,4,Laptop & Accessory,3,Single,8,No Complaint,14.0,2.0,2.0,1.0,193.15,Active,Mid (6-12 months),0
53813,0,3.0,Mobile Phone,Tier 1,10.0,Credit Card,Male,3.0,4,Mobile Phone,5,Single,3,Complained,19.0,1.0,2.0,6.0,172.23,Active,New (0-6 months),2
53814,0,9.0,Mobile Phone,Tier 1,17.0,Credit Card,Female,3.0,4,Laptop & Accessory,3,Single,5,Complained,17.0,2.0,2.0,5.0,186.42,Active,Mid (6-12 months),2
53815,0,13.0,Mobile Phone,Tier 3,13.0,Credit Card,Male,3.0,2,Fashion,3,Married,4,No Complaint,12.0,5.0,8.0,7.0,207.37,Active,Loyal (12+ months),0
53816,0,3.0,Computer,Tier 1,9.0,Debit Card,Male,3.0,4,Laptop & Accessory,1,Married,3,No Complaint,20.0,1.0,2.0,3.0,213.53,Active,New (0-6 months),1
53817,0,24.0,Mobile Phone,Tier 3,6.0,E wallet,Male,3.0,4,Others,3,Married,6,Complained,15.0,1.0,2.0,1.0,318.31,Active,Loyal (12+ months),2
53818,0,1.0,Phone,Tier 1,17.0,COD,Male,3.0,2,Mobile Phone,3,Married,4,No Complaint,17.0,3.0,3.0,3.0,145.73,Active,New (0-6 months),0
53819,0,10.0,Computer,Tier 1,13.0,Debit Card,Male,4.0,2,Laptop & Accessory,5,Married,5,Complained,14.0,2.0,2.0,3.0,180.62,Active,Mid (6-12 months),2
53820,0,16.0,Mobile Phone,Tier 1,16.0,UPI,Male,4.0,5,Others,1,Single,10,No Complaint,15.0,2.0,2.0,2.0,321.13,Active,Loyal (12+ months),1
53821,0,9.0,Mobile Phone,Tier 1,35.0,Debit Card,Male,3.0,2,Laptop & Accessory,3,Married,3,No Complaint,18.0,6.0,7.0,9.0,159.07,Active,Mid (6-12 months),0
53822,0,8.0,Computer,Tier 1,17.0,COD,Male,4.0,5,Laptop & Accessory,3,Married,3,No Complaint,15.0,3.0,8.0,8.0,175.63,Active,Mid (6-12 months),0
53823,0,14.0,Mobile Phone,Tier 3,21.0,Debit Card,Female,3.0,4,Laptop & Accessory,5,Married,3,No Complaint,16.0,1.0,2.0,3.0,171.39,Active,Loyal (12+ months),0
53824,0,17.0,Mobile Phone,Tier 1,34.0,COD,Male,3.0,2,Mobile Phone,4,Married,7,No Complaint,13.0,2.0,2.0,3.0,173.76,Active,Loyal (12+ months),0
53825,0,9.0,Mobile Phone,Tier 1,14.0,Debit Card,Male,4.0,5,Mobile Phone,1,Married,3,No Complaint,19.0,2.0,2.0,2.0,151.9,Active,Mid (6-12 months),1
53826,0,20.0,Mobile Phone,Tier 3,7.0,Debit Card,Male,3.0,2,Grocery,5,Single,3,No Complaint,15.0,2.0,2.0,13.0,300.67,Active,Loyal (12+ months),0
53827,1,1.0,Phone,Tier 1,31.0,Credit Card,Male,3.0,4,Mobile Phone,4,Married,3,Complained,18.0,1.0,2.0,1.0,149.08,Churned,New (0-6 months),2
53828,0,1.0,Computer,Tier 1,33.0,UPI,Female,3.0,5,Mobile Phone,3,Married,3,Complained,15.0,1.0,2.0,4.0,153.14,Active,New (0-6 months),2
53829,0,24.0,Computer,Tier 1,27.0,Credit Card,Male,3.0,4,Grocery,3,Married,4,Complained,16.0,4.0,2.0,14.0,237.45,Active,Loyal (12+ months),2
53830,0,6.0,Mobile Phone,Tier 1,12.0,UPI,Female,3.0,2,Mobile Phone,1,Married,5,No Complaint,18.0,2.0,2.0,3.0,158.12,Active,New (0-6 months),1
53831,0,18.0,Mobile Phone,Tier 1,14.0,Credit Card,Female,3.0,4,Others,1,Married,2,Complained,15.0,2.0,2.0,11.0,315.49,Active,Loyal (12+ months),3
53832,0,4.0,Phone,Tier 1,14.0,Credit Card,Male,3.0,5,Mobile Phone,4,Married,3,No Complaint,13.0,1.0,2.0,2.0,146.41,Active,New (0-6 months),0
53833,0,19.0,Mobile Phone,Tier 1,12.0,Credit Card,Female,3.0,6,Laptop & Accessory,5,Single,3,Complained,15.0,2.0,2.0,5.0,182.69,Active,Loyal (12+ months),2
53834,0,19.0,Computer,Tier 3,33.0,E wallet,Male,3.0,5,Laptop & Accessory,5,Married,3,No Complaint,16.0,1.0,5.0,6.0,168.85,Active,Loyal (12+ months),0
53835,0,5.0,Computer,Tier 3,9.0,UPI,Male,3.0,4,Laptop & Accessory,5,Single,9,No Complaint,14.0,1.0,2.0,4.0,178.32,Active,New (0-6 months),0
53836,0,10.0,Mobile Phone,Tier 1,19.0,Debit Card,Female,4.0,4,Laptop & Accessory,3,Married,11,Complained,13.0,1.0,2.0,2.0,171.63,Active,Mid (6-12 months),2
53837,0,8.0,Computer,Tier 1,17.0,Debit Card,Male,3.0,2,Laptop & Accessory,1,Married,3,No Complaint,14.0,6.0,8.0,3.0,172.24,Active,Mid (6-12 months),1
53838,0,23.0,Mobile Phone,Tier 1,32.0,Debit Card,Female,3.0,4,Mobile Phone,5,Married,3,No Complaint,15.0,1.0,2.0,5.0,157.11,Active,Loyal (12+ months),0
53839,0,13.0,Mobile Phone,Tier 1,17.0,Credit Card,Male,4.0,4,Laptop & Accessory,5,Married,4,No Complaint,14.0,5.0,8.0,8.0,178.77,Active,Loyal (12+ months),0
53840,0,1.0,Mobile Phone,Tier 1,26.0,UPI,Male,4.0,5,Mobile Phone,5,Married,3,No Complaint,12.0,1.0,2.0,8.0,165.66,Active,New (0-6 months),0
53841,0,9.0,Mobile Phone,Tier 1,25.0,Debit Card,Male,3.0,2,Laptop & Accessory,5,Married,3,No Complaint,12.0,1.0,2.0,11.0,177.08,Active,Mid (6-12 months),0
53842,0,2.0,Mobile Phone,Tier 1,34.0,Credit Card,Female,3.0,6,Laptop & Accessory,5,Married,2,No Complaint,22.0,2.0,2.0,1.0,25.0,Active,New (0-6 months),0
53843,0,1.0,Mobile Phone,Tier 1,12.0,Credit Card,Male,4.0,4,Mobile Phone,1,Single,3,No Complaint,19.0,2.0,3.0,3.0,156.17,Active,New (0-6 months),1
53844,1,1.0,Computer,Tier 3,10.0,Credit Card,Female,4.0,4,Mobile Phone,1,Single,3,Complained,13.0,1.0,2.0,1.0,140.69,Churned,New (0-6 months),3
53845,0,21.0,Mobile Phone,Tier 2,33.0,Debit Card,Female,4.0,4,Others,3,Married,5,No Complaint,15.0,2.0,2.0,1.0,321.58,Active,Loyal (12+ months),0
53846,0,13.0,Mobile Phone,Tier 1,10.0,Credit Card,Male,4.0,5,Laptop & Accessory,3,Married,2,No Complaint,16.0,1.0,2.0,8.0,155.69,Active,Loyal (12+ months),0
53847,0,14.0,Mobile Phone,Tier 1,22.0,Debit Card,Female,4.0,5,Fashion,3,Married,3,No Complaint,14.0,2.0,15.0,3.0,229.35,Active,Loyal (12+ months),0
53848,0,9.0,Computer,Tier 1,15.0,Debit Card,Female,3.0,4,Laptop & Accessory,3,Married,3,No Complaint,13.0,3.0,3.0,10.0,166.48,Active,Mid (6-12 months),0
53849,0,11.0,Mobile Phone,Tier 1,26.0,Debit Card,Male,3.0,4,Laptop & Accessory,3,Married,5,No Complaint,18.0,1.0,2.0,3.0,182.68,Active,Mid (6-12 months),0
53850,0,13.0,Computer,Tier 1,11.0,Credit Card,Female,3.0,4,Laptop & Accessory,3,Single,2,No Complaint,14.0,4.0,4.0,9.0,175.42,Active,Loyal (12+ months),0
53851,0,19.0,Mobile Phone,Tier 1,9.0,UPI,Female,3.0,5,Laptop & Accessory,1,Married,3,No Complaint,20.0,3.0,4.0,10.0,182.7,Active,Loyal (12+ months),1
53852,0,12.0,Mobile Phone,Tier 1,9.0,Credit Card,Female,3.0,5,Fashion,3,Married,5,Complained,20.0,2.0,2.0,3.0,202.56,Active,Mid (6-12 months),2
53853,1,1.0,Mobile Phone,Tier 3,17.0,Credit Card,Male,3.0,5,Fashion,5,Married,11,No Complaint,18.0,5.0,7.0,3.0,228.06,Churned,New (0-6 months),0
53854,0,11.0,Mobile Phone,Tier 1,17.0,Credit Card,Female,4.0,4,Mobile Phone,4,Married,3,No Complaint,12.0,2.0,8.0,8.0,164.36,Active,Mid (6-12 months),0
53855,0,14.0,Mobile Phone,Tier 1,23.0,Debit Card,Female,3.0,4,Fashion,1,Single,8,Complained,16.0,2.0,4.0,4.0,204.45,Active,Loyal (12+ months),3
53856,0,18.0,Computer,Tier 2,7.0,UPI,Male,3.0,4,Laptop & Accessory,1,Married,6,Complained,12.0,2.0,2.0,3.0,182.43,Active,Loyal (12+ months),3
53857,0,22.0,Computer,Tier 1,11.0,Credit Card,Male,3.0,5,Grocery,1,Married,4,No Complaint,26.0,1.0,3.0,3.0,277.02,Active,Loyal (12+ months),1
53858,1,1.0,Mobile Phone,Tier 3,22.0,Credit Card,Male,3.0,6,Laptop & Accessory,1,Married,8,Complained,15.0,2.0,3.0,3.0,179.4,Churned,New (0-6 months),3
53859,0,1.0,Computer,Tier 1,9.0,COD,Female,3.0,4,Mobile Phone,1,Single,3,Complained,14.0,2.0,2.0,4.0,162.6,Active,New (0-6 months),3
53860,0,1.0,Mobile Phone,Tier 1,15.0,Credit Card,Female,3.0,2,Mobile Phone,3,Married,9,No Complaint,18.0,1.0,2.0,3.0,160.17,Active,New (0-6 months),0
53861,0,1.0,Computer,Tier 1,9.0,Credit Card,Male,3.0,4,Mobile Phone,1,Single,4,No Complaint,14.0,1.0,2.0,3.0,150.8,Active,New (0-6 months),1
53862,1,4.0,Phone,Tier 1,14.0,Debit Card,Male,4.0,4,Mobile Phone,5,Single,5,Complained,15.0,1.0,2.0,4.0,146.66,Churned,New (0-6 months),2
53863,0,3.0,Mobile Phone,Tier 3,17.0,Credit Card,Male,3.0,5,Laptop & Accessory,3,Single,11,No Complaint,12.0,2.0,2.0,5.0,183.69,Active,New (0-6 months),0
53864,0,10.0,Mobile Phone,Tier 1,12.0,Debit Card,Female,3.0,4,Fashion,5,Married,6,No Complaint,13.0,2.0,2.0,3.0,205.08,Active,Mid (6-12 months),0
53865,0,1.0,Computer,Tier 1,9.0,Debit Card,Male,4.0,2,Laptop & Accessory,3,Married,3,No Complaint,18.0,1.0,2.0,8.0,177.06,Active,New (0-6 months),0
53866,0,13.0,Mobile Phone,Tier 1,19.0,Credit Card,Male,4.0,4,Laptop & Accessory,4,Married,6,No Complaint,22.0,2.0,2.0,1.0,177.95,Active,Loyal (12+ months),0
53867,0,23.0,Mobile Phone,Tier 1,29.0,UPI,Female,4.0,4,Grocery,4,Married,5,No Complaint,17.0,1.0,2.0,3.0,289.13,Active,Loyal (12+ months),0
53868,0,24.0,Mobile Phone,Tier 1,24.0,Debit Card,Female,3.0,5,Fashion,5,Married,7,No Complaint,16.0,2.0,2.0,12.0,257.69,Active,Loyal (12+ months),0
53869,0,1.0,Mobile Phone,Tier 3,9.0,Credit Card,Female,3.0,4,Mobile Phone,3,Single,3,No Complaint,20.0,1.0,3.0,3.0,152.83,Active,New (0-6 months),0
53870,0,8.0,Mobile Phone,Tier 1,10.0,Debit Card,Female,4.0,4,Laptop & Accessory,4,Married,3,No Complaint,13.0,8.0,8.0,10.0,179.33,Active,Mid (6-12 months),0
53871,0,10.0,Phone,Tier 1,14.0,Debit Card,Male,4.0,4,Mobile Phone,4,Single,4,No Complaint,12.0,1.0,2.0,4.0,145.13,Active,Mid (6-12 months),0
53872,0,23.0,Mobile Phone,Tier 1,13.0,Debit Card,Female,3.0,5,Grocery,3,Married,4,Complained,20.0,1.0,3.0,13.0,264.66,Active,Loyal (12+ months),2
53873,0,10.0,Computer,Tier 1,7.0,Credit Card,Female,3.0,5,Laptop & Accessory,3,Married,2,No Complaint,16.0,2.0,2.0,3.0,168.74,Active,Mid (6-12 months),0
53874,0,10.0,Mobile Phone,Tier 1,10.0,Debit Card,Male,4.0,2,Laptop & Accessory,5,Married,8,No Complaint,21.0,2.0,2.0,5.0,193.42,Active,Mid (6-12 months),0
53875,0,28.0,Mobile Phone,Tier 1,29.0,Credit Card,Female,4.0,4,Grocery,3,Married,5,No Complaint,15.0,3.0,5.0,8.0,299.26,Active,Loyal (12+ months),0
53876,0,17.0,Mobile Phone,Tier 1,22.0,Debit Card,Male,4.0,5,Grocery,3,Married,3,No Complaint,15.0,5.0,7.0,12.0,301.03,Active,Loyal (12+ months),0
53877,1,1.0,Computer,Tier 3,19.0,UPI,Male,3.0,4,Laptop & Accessory,1,Single,5,Complained,25.0,4.0,7.0,8.0,170.81,Churned,New (0-6 months),3
53878,0,12.0,Computer,Tier 1,7.0,Debit Card,Male,3.0,4,Laptop & Accessory,1,Married,9,No Complaint,16.0,3.0,3.0,10.0,172.35,Active,Mid (6-12 months),1
53879,0,3.0,Mobile Phone,Tier 3,12.0,Credit Card,Male,3.0,5,Laptop & Accessory,4,Married,3,Complained,14.0,1.0,2.0,10.0,166.87,Active,New (0-6 months),2
53880,0,7.0,Mobile Phone,Tier 3,9.0,Credit Card,Male,4.0,4,Laptop & Accessory,1,Married,3,No Complaint,15.0,2.0,2.0,5.0,180.05,Active,Mid (6-12 months),1
53881,0,6.0,Mobile Phone,Tier 1,9.0,Credit Card,Male,3.0,4,Laptop & Accessory,4,Married,2,No Complaint,14.0,1.0,2.0,7.0,179.7,Active,New (0-6 months),0
53882,0,5.0,Mobile Phone,Tier 3,12.0,Debit Card,Female,4.0,4,Laptop & Accessory,1,Married,3,No Complaint,12.0,1.0,2.0,3.0,179.76,Active,New (0-6 months),1
53883,0,23.0,Mobile Phone,Tier 1,23.0,Credit Card,Female,4.0,4,Mobile Phone,5,Married,6,Complained,17.0,2.0,3.0,3.0,150.87,Active,Loyal (12+ months),2
53884,0,12.0,Computer,Tier 1,9.0,Credit Card,Female,3.0,5,Mobile Phone,4,Single,3,No Complaint,23.0,2.0,4.0,4.0,149.4,Active,Mid (6-12 months),0
53885,0,21.0,Mobile Phone,Tier 3,9.0,Debit Card,Female,3.0,2,Grocery,4,Married,8,No Complaint,15.0,1.0,2.0,3.0,284.72,Active,Loyal (12+ months),0
53886,0,23.0,Mobile Phone,Tier 1,7.0,Debit Card,Male,3.0,4,Grocery,3,Single,6,No Complaint,15.0,1.0,2.0,1.0,278.79,Active,Loyal (12+ months),0
53887,0,15.0,Mobile Phone,Tier 3,30.0,Debit Card,Male,4.0,4,Fashion,3,Single,5,Complained,17.0,1.0,2.0,3.0,195.82,Active,Loyal (12+ months),2
53888,0,1.0,Mobile Phone,Tier 3,16.0,Debit Card,Male,3.0,4,Mobile Phone,5,Single,3,No Complaint,12.0,1.0,2.0,3.0,152.28,Active,New (0-6 months),0
53889,0,7.0,Computer,Tier 3,23.0,Debit Card,Female,3.0,4,Laptop & Accessory,1,Married,3,Complained,26.0,1.0,2.0,3.0,178.68,Active,Mid (6-12 months),3
53890,0,10.0,Mobile Phone,Tier 1,33.0,Debit Card,Male,4.0,4,Laptop & Accessory,3,Married,8,No Complaint,15.0,2.0,2.0,3.0,178.47,Active,Mid (6-12 months),0
53891,0,18.0,Mobile Phone,Tier 2,7.0,Debit Card,Female,3.0,4,Mobile Phone,1,Married,6,Complained,19.0,3.0,3.0,3.0,156.95,Active,Loyal (12+ months),3
53892,1,1.0,Mobile Phone,Tier 1,15.0,Credit Card,Male,4.0,5,Mobile Phone,3,Single,3,Complained,12.0,2.0,2.0,3.0,164.89,Churned,New (0-6 months),2
53893,0,12.0,Mobile Phone,Tier 1,11.0,Credit Card,Female,3.0,4,Mobile Phone,3,Married,9,No Complaint,20.0,1.0,2.0,1.0,158.06,Active,Mid (6-12 months),0
53894,0,27.0,Mobile Phone,Tier 1,31.0,Credit Card,Male,3.0,2,Fashion,1,Married,5,No Complaint,16.0,1.0,2.0,3.0,195.05,Active,Loyal (12+ months),1
53895,1,12.0,Computer,Tier 3,14.0,Credit Card,Female,4.0,4,Mobile Phone,3,Married,4,Complained,12.0,5.0,8.0,8.0,151.55,Churned,Mid (6-12 months),2
53896,1,1.0,Phone,Tier 1,9.0,Debit Card,Male,4.0,4,Mobile Phone,4,Single,3,No Complaint,13.0,2.0,2.0,1.0,138.93,Churned,New (0-6 months),0
53897,0,1.0,Computer,Tier 1,14.0,Credit Card,Male,4.0,4,Mobile Phone,1,Single,3,No Complaint,21.0,6.0,6.0,8.0,150.7,Active,New (0-6 months),1
53898,0,29.0,Mobile Phone,Tier 1,29.0,COD,Male,4.0,5,Mobile Phone,4,Married,7,No Complaint,13.0,2.0,2.0,3.0,160.37,Active,Loyal (12+ months),0
53899,0,8.0,Mobile Phone,Tier 1,12.0,Credit Card,Male,3.0,5,Laptop & Accessory,1,Married,3,No Complaint,15.0,5.0,5.0,14.0,164.86,Active,Mid (6-12 months),1
53900,0,31.0,Mobile Phone,Tier 1,7.0,Credit Card,Male,4.0,6,Fashion,1,Married,5,No Complaint,21.0,1.0,2.0,1.0,233.83,Active,Loyal (12+ months),1
53901,0,7.0,Phone,Tier 1,28.0,Credit Card,Male,4.0,2,Mobile Phone,4,Married,3,No Complaint,19.0,3.0,3.0,14.0,145.28,Active,Mid (6-12 months),0
53902,0,11.0,Computer,Tier 3,7.0,Credit Card,Male,3.0,6,Laptop & Accessory,1,Married,3,No Complaint,15.0,1.0,2.0,3.0,220.25,Active,Mid (6-12 months),1
53903,0,8.0,Mobile Phone,Tier 1,26.0,Debit Card,Female,3.0,5,Mobile Phone,1,Married,3,No Complaint,13.0,4.0,9.0,8.0,154.29,Active,Mid (6-12 months),1
53904,1,1.0,Phone,Tier 3,14.0,Debit Card,Male,3.0,4,Mobile Phone,1,Married,3,Complained,22.0,2.0,2.0,3.0,147.75,Churned,New (0-6 months),3
53905,0,18.0,Mobile Phone,Tier 1,9.0,Debit Card,Female,4.0,2,Fashion,1,Married,3,Complained,20.0,7.0,7.0,8.0,203.79,Active,Loyal (12+ months),3
53906,0,9.0,Computer,Tier 1,9.0,Credit Card,Male,4.0,5,Mobile Phone,1,Single,2,Complained,15.0,2.0,2.0,5.0,174.3,Active,Mid (6-12 months),3
53907,0,17.0,Mobile Phone,Tier 3,9.0,Credit Card,Male,4.0,4,Laptop & Accessory,1,Married,3,Complained,18.0,1.0,9.0,9.0,203.47,Active,Loyal (12+ months),3
53908,0,1.0,Mobile Phone,Tier 1,16.0,Credit Card,Male,4.0,2,Mobile Phone,3,Married,3,No Complaint,17.0,1.0,2.0,5.0,169.01,Active,New (0-6 months),0
53909,0,15.0,Mobile Phone,Tier 3,13.0,E wallet,Male,3.0,4,Fashion,3,Single,3,No Complaint,13.0,7.0,9.0,3.0,217.41,Active,Loyal (12+ months),0
53910,0,3.0,Mobile Phone,Tier 1,16.0,Credit Card,Female,3.0,4,Mobile Phone,3,Married,11,No Complaint,18.0,2.0,2.0,3.0,154.74,Active,New (0-6 months),0
53911,0,10.0,Mobile Phone,Tier 3,9.0,Debit Card,Female,3.0,4,Laptop & Accessory,1,Single,5,No Complaint,16.0,4.0,7.0,8.0,170.02,Active,Mid (6-12 months),1
53912,0,19.0,Computer,Tier 1,7.0,Debit Card,Male,4.0,5,Fashion,3,Married,5,No Complaint,24.0,4.0,2.0,5.0,232.48,Active,Loyal (12+ months),0
53913,1,1.0,Phone,Tier 2,29.0,UPI,Male,3.0,6,Mobile Phone,3,Married,3,No Complaint,12.0,1.0,2.0,1.0,140.55,Churned,New (0-6 months),0
53914,1,11.0,Computer,Tier 3,16.0,Debit Card,Male,3.0,6,Grocery,3,Married,9,No Complaint,12.0,2.0,2.0,11.0,254.36,Churned,Mid (6-12 months),0
53915,0,1.0,Phone,Tier 1,24.0,Credit Card,Male,4.0,6,Mobile Phone,3,Married,3,No Complaint,16.0,1.0,2.0,3.0,148.05,Active,New (0-6 months),0
53916,0,19.0,Mobile Phone,Tier 1,35.0,Cash on Delivery,Female,3.0,5,Grocery,4,Single,3,No Complaint,15.0,4.0,9.0,7.0,292.04,Active,Loyal (12+ months),0
53917,0,6.0,Computer,Tier 1,17.0,Debit Card,Male,3.0,4,Mobile Phone,3,Married,8,No Complaint,14.0,1.0,2.0,4.0,159.33,Active,New (0-6 months),0
53918,0,5.0,Mobile Phone,Tier 1,9.0,Debit Card,Male,4.0,4,Mobile Phone,3,Married,3,No Complaint,15.0,1.0,2.0,4.0,159.77,Active,New (0-6 months),0
53919,0,15.0,Computer,Tier 2,11.0,UPI,Male,3.0,6,Laptop & Accessory,4,Married,8,No Complaint,20.0,1.0,2.0,3.0,189.3,Active,Loyal (12+ months),0
53920,0,14.0,Mobile Phone,Tier 1,15.0,Debit Card,Female,4.0,4,Laptop & Accessory,5,Married,4,Complained,17.0,1.0,2.0,1.0,190.16,Active,Loyal (12+ months),2
53921,0,1.0,Mobile Phone,Tier 1,36.0,Credit Card,Male,4.0,4,Mobile Phone,5,Married,3,No Complaint,14.0,2.0,2.0,3.0,164.07,Active,New (0-6 months),0
53922,0,20.0,Mobile Phone,Tier 1,20.0,Debit Card,Male,3.0,4,Laptop & Accessory,4,Single,8,No Complaint,15.0,2.0,2.0,10.0,180.62,Active,Loyal (12+ months),0
53923,0,9.0,Mobile Phone,Tier 1,34.0,Debit Card,Male,3.0,4,Laptop & Accessory,3,Married,4,No Complaint,17.0,1.0,2.0,8.0,193.83,Active,Mid (6-12 months),0
53924,0,4.0,Mobile Phone,Tier 1,23.0,Debit Card,Male,3.0,4,Mobile Phone,1,Married,3,No Complaint,13.0,1.0,2.0,9.0,153.62,Active,New (0-6 months),1
53925,0,21.0,Computer,Tier 3,9.0,E wallet,Male,3.0,4,Laptop & Accessory,4,Married,9,No Complaint,12.0,1.0,2.0,1.0,174.78,Active,Loyal (12+ months),0
53926,0,20.0,Mobile Phone,Tier 3,9.0,Debit Card,Male,4.0,4,Fashion,1,Married,6,Complained,13.0,1.0,2.0,3.0,228.68,Active,Loyal (12+ months),3
53927,1,1.0,Mobile Phone,Tier 3,20.0,E wallet,Male,4.0,5,Laptop & Accessory,5,Married,7,Complained,14.0,3.0,3.0,3.0,186.34,Churned,New (0-6 months),2
53928,1,1.0,Mobile Phone,Tier 3,7.0,Debit Card,Male,3.0,6,Laptop & Accessory,4,Single,8,No Complaint,16.0,1.0,2.0,1.0,192.35,Churned,New (0-6 months),0
53929,0,1.0,Mobile Phone,Tier 1,11.0,Credit Card,Female,3.0,4,Mobile Phone,4,Single,3,No Complaint,14.0,2.0,2.0,3.0,157.95,Active,New (0-6 months),0
53930,0,5.0,Computer,Tier 1,31.0,COD,Female,2.0,4,Laptop & Accessory,1,Single,4,No Complaint,21.0,2.0,2.0,5.0,177.38,Active,New (0-6 months),1
53931,0,13.0,Computer,Tier 1,7.0,Debit Card,Male,4.0,4,Laptop & Accessory,1,Married,3,Complained,16.0,4.0,6.0,9.0,189.72,Active,Loyal (12+ months),3
53932,0,6.0,Mobile Phone,Tier 3,26.0,Debit Card,Male,4.0,6,Fashion,3,Married,5,No Complaint,14.0,2.0,2.0,3.0,221.1,Active,New (0-6 months),0
53933,0,14.0,Mobile Phone,Tier 3,14.0,Credit Card,Male,3.0,4,Others,4,Single,3,No Complaint,15.0,2.0,13.0,9.0,323.33,Active,Loyal (12+ months),0
53934,0,19.0,Mobile Phone,Tier 2,11.0,Debit Card,Female,3.0,6,Fashion,3,Married,6,No Complaint,22.0,2.0,2.0,3.0,222.56,Active,Loyal (12+ months),0
53935,0,4.0,Computer,Tier 1,9.0,COD,Female,4.0,5,Mobile Phone,5,Single,2,No Complaint,17.0,1.0,2.0,8.0,174.68,Active,New (0-6 months),0
53936,0,1.0,Computer,Tier 2,17.0,Credit Card,Male,3.0,4,Mobile Phone,1,Married,2,No Complaint,15.0,2.0,3.0,2.0,146.45,Active,New (0-6 months),1
53937,1,1.0,Computer,Tier 2,15.0,UPI,Female,4.0,5,Mobile Phone,1,Married,8,No Complaint,12.0,2.0,2.0,3.0,146.8,Churned,New (0-6 months),1
53938,0,5.0,Mobile Phone,Tier 3,12.0,Cash on Delivery,Male,3.0,4,Laptop & Accessory,3,Married,3,No Complaint,20.0,1.0,2.0,3.0,208.46,Active,New (0-6 months),0
53939,0,1.0,Mobile Phone,Tier 1,15.0,Credit Card,Female,4.0,4,Mobile Phone,1,Single,3,No Complaint,12.0,2.0,2.0,5.0,159.45,Active,New (0-6 months),1
53940,1,1.0,Mobile Phone,Tier 3,16.0,E wallet,Female,3.0,6,Mobile Phone,4,Single,3,No Complaint,14.0,2.0,3.0,3.0,152.6,Churned,New (0-6 months),0
53941,0,3.0,Computer,Tier 1,7.0,Debit Card,Male,4.0,2,Laptop & Accessory,3,Single,10,Complained,13.0,1.0,2.0,3.0,187.94,Active,New (0-6 months),2
53942,0,4.0,Mobile Phone,Tier 3,22.0,E wallet,Male,4.0,5,Fashion,5,Married,4,No Complaint,12.0,1.0,2.0,8.0,196.4,Active,New (0-6 months),0
53943,0,8.0,Mobile Phone,Tier 1,9.0,Credit Card,Male,4.0,2,Mobile Phone,1,Married,2,Complained,15.0,1.0,2.0,3.0,154.32,Active,Mid (6-12 months),3
53944,0,7.0,Computer,Tier 3,9.0,E wallet,Female,4.0,4,Laptop & Accessory,4,Single,10,No Complaint,16.0,1.0,2.0,8.0,176.47,Active,Mid (6-12 months),0
53945,0,23.0,Mobile Phone,Tier 3,18.0,E wallet,Female,4.0,4,Laptop & Accessory,1,Single,5,No Complaint,13.0,1.0,2.0,5.0,170.07,Active,Loyal (12+ months),1
53946,1,1.0,Mobile Phone,Tier 3,23.0,Debit Card,Female,4.0,4,Fashion,5,Single,4,Complained,21.0,1.0,2.0,3.0,210.64,Churned,New (0-6 months),2
53947,0,12.0,Computer,Tier 1,9.0,Credit Card,Female,4.0,5,Mobile Phone,4,Married,6,No Complaint,15.0,1.0,2.0,6.0,149.68,Active,Mid (6-12 months),0
53948,1,1.0,Mobile Phone,Tier 3,23.0,E wallet,Male,4.0,4,Fashion,3,Married,4,No Complaint,14.0,2.0,2.0,1.0,206.61,Churned,New (0-6 months),0
53949,0,3.0,Phone,Tier 1,11.0,COD,Female,4.0,5,Mobile Phone,5,Married,3,No Complaint,14.0,1.0,2.0,1.0,146.09,Active,New (0-6 months),0
53950,0,1.0,Mobile Phone,Tier 1,23.0,Debit Card,Male,3.0,2,Laptop & Accessory,3,Married,5,No Complaint,17.0,2.0,2.0,8.0,177.94,Active,New (0-6 months),0
53951,0,6.0,Computer,Tier 1,12.0,COD,Male,4.0,4,Mobile Phone,4,Single,4,No Complaint,15.0,2.0,2.0,8.0,152.18,Active,New (0-6 months),0
53952,0,12.0,Mobile Phone,Tier 1,25.0,Credit Card,Male,3.0,6,Laptop & Accessory,1,Married,5,Complained,17.0,1.0,2.0,1.0,183.11,Active,Mid (6-12 months),3
53953,1,7.0,Computer,Tier 1,24.0,COD,Male,3.0,5,Mobile Phone,3,Married,11,Complained,17.0,2.0,2.0,1.0,149.37,Churned,Mid (6-12 months),2
53954,0,16.0,Mobile Phone,Tier 1,19.0,Credit Card,Male,3.0,4,Mobile Phone,4,Married,10,No Complaint,23.0,2.0,2.0,5.0,152.66,Active,Loyal (12+ months),0
53955,0,29.0,Mobile Phone,Tier 1,9.0,Credit Card,Male,3.0,5,Others,5,Married,10,No Complaint,15.0,1.0,2.0,1.0,315.38,Active,Loyal (12+ months),0
53956,0,7.0,Computer,Tier 1,11.0,COD,Male,3.0,4,Laptop & Accessory,4,Married,7,No Complaint,16.0,1.0,2.0,8.0,155.55,Active,Mid (6-12 months),0
53957,0,15.0,Phone,Tier 1,16.0,Debit Card,Male,4.0,4,Mobile Phone,5,Married,3,No Complaint,21.0,2.0,2.0,5.0,147.89,Active,Loyal (12+ months),0
53958,0,8.0,Computer,Tier 3,17.0,Debit Card,Male,3.0,4,Laptop & Accessory,3,Married,3,Complained,15.0,2.0,2.0,8.0,165.01,Active,Mid (6-12 months),2
53959,0,27.0,Computer,Tier 1,7.0,Credit Card,Female,3.0,5,Grocery,3,Married,6,Complained,21.0,1.0,2.0,3.0,254.65,Active,Loyal (12+ months),2
53960,0,17.0,Mobile Phone,Tier 2,9.0,Debit Card,Male,4.0,4,Mobile Phone,1,Single,2,No Complaint,14.0,1.0,2.0,9.0,160.39,Active,Loyal (12+ months),1
53961,0,8.0,Mobile Phone,Tier 3,10.0,Debit Card,Female,3.0,6,Laptop & Accessory,1,Single,7,No Complaint,13.0,2.0,3.0,3.0,185.29,Active,Mid (6-12 months),1
53962,1,1.0,Mobile Phone,Tier 3,14.0,E wallet,Male,3.0,4,Mobile Phone,4,Single,3,No Complaint,14.0,2.0,2.0,1.0,151.79,Churned,New (0-6 months),0
53963,0,12.0,Mobile Phone,Tier 1,13.0,UPI,Female,3.0,5,Mobile Phone,3,Married,3,No Complaint,12.0,1.0,2.0,5.0,162.02,Active,Mid (6-12 months),0
53964,1,1.0,Phone,Tier 1,15.0,Credit Card,Female,4.0,4,Mobile Phone,5,Married,3,Complained,18.0,1.0,2.0,1.0,148.98,Churned,New (0-6 months),2
53965,0,5.0,Mobile Phone,Tier 3,36.0,E wallet,Female,4.0,5,Laptop & Accessory,1,Married,3,No Complaint,15.0,3.0,6.0,8.0,179.68,Active,New (0-6 months),1
53966,0,25.0,Mobile Phone,Tier 1,10.0,Cash on Delivery,Female,3.0,4,Fashion,3,Married,4,No Complaint,12.0,3.0,2.0,3.0,256.16,Active,Loyal (12+ months),0
53967,0,11.0,Mobile Phone,Tier 3,16.0,E wallet,Male,3.0,5,Laptop & Accessory,4,Married,3,No Complaint,15.0,1.0,2.0,4.0,166.89,Active,Mid (6-12 months),0
53968,0,20.0,Mobile Phone,Tier 1,9.0,Credit Card,Male,3.0,4,Others,1,Married,9,Complained,15.0,2.0,3.0,3.0,318.28,Active,Loyal (12+ months),3
53969,0,10.0,Mobile Phone,Tier 1,17.0,Debit Card,Male,3.0,4,Fashion,5,Married,9,Complained,14.0,2.0,6.0,8.0,208.21,Active,Mid (6-12 months),2
53970,1,8.0,Computer,Tier 1,7.0,Credit Card,Male,3.0,4,Mobile Phone,4,Married,3,Complained,13.0,2.0,3.0,4.0,148.42,Churned,Mid (6-12 months),2
53971,0,11.0,Mobile Phone,Tier 2,15.0,UPI,Male,3.0,4,Laptop & Accessory,4,Married,4,No Complaint,14.0,5.0,5.0,8.0,165.71,Active,Mid (6-12 months),0
53972,1,1.0,Mobile Phone,Tier 3,34.0,Debit Card,Male,3.0,4,Laptop & Accessory,1,Single,3,Complained,19.0,1.0,8.0,8.0,183.13,Churned,New (0-6 months),3
53973,0,7.0,Mobile Phone,Tier 1,15.0,Debit Card,Male,3.0,2,Mobile Phone,5,Married,8,No Complaint,20.0,7.0,8.0,7.0,156.43,Active,Mid (6-12 months),0
53974,0,2.0,Phone,Tier 1,7.0,Debit Card,Male,3.0,4,Mobile Phone,1,Married,3,No Complaint,12.0,1.0,2.0,4.0,145.44,Active,New (0-6 months),1
53975,0,13.0,Mobile Phone,Tier 1,17.0,Credit Card,Male,4.0,4,Fashion,3,Single,9,No Complaint,22.0,3.0,2.0,3.0,259.64,Active,Loyal (12+ months),0
53976,0,20.0,Computer,Tier 3,33.0,Debit Card,Male,4.0,5,Laptop & Accessory,4,Single,10,No Complaint,16.0,3.0,3.0,3.0,204.91,Active,Loyal (12+ months),0
53977,0,14.0,Mobile Phone,Tier 1,9.0,Debit Card,Female,3.0,4,Mobile Phone,5,Married,6,No Complaint,18.0,2.0,2.0,3.0,158.77,Active,Loyal (12+ months),0
53978,0,16.0,Mobile Phone,Tier 1,20.0,Credit Card,Male,4.0,2,Laptop & Accessory,5,Married,7,No Complaint,19.0,2.0,2.0,1.0,180.38,Active,Loyal (12+ months),0
53979,0,9.0,Computer,Tier 1,9.0,Credit Card,Male,3.0,4,Laptop & Accessory,1,Married,4,No Complaint,15.0,1.0,2.0,8.0,182.62,Active,Mid (6-12 months),1
53980,0,12.0,Computer,Tier 2,9.0,UPI,Male,4.0,4,Mobile Phone,4,Married,7,No Complaint,14.0,4.0,4.0,9.0,150.92,Active,Mid (6-12 months),0
53981,1,1.0,Computer,Tier 1,16.0,Debit Card,Male,4.0,4,Laptop & Accessory,5,Married,6,No Complaint,18.0,1.0,2.0,8.0,178.46,Churned,New (0-6 months),0
53982,1,1.0,Mobile Phone,Tier 1,17.0,Credit Card,Male,3.0,4,Laptop & Accessory,5,Single,3,No Complaint,16.0,1.0,2.0,9.0,167.13,Churned,New (0-6 months),0
53983,0,13.0,Computer,Tier 3,27.0,Debit Card,Male,3.0,4,Laptop & Accessory,1,Married,4,No Complaint,19.0,2.0,3.0,3.0,166.27,Active,Loyal (12+ months),1
53984,0,17.0,Computer,Tier 1,16.0,Debit Card,Male,3.0,4,Mobile Phone,3,Single,6,No Complaint,14.0,1.0,2.0,3.0,149.38,Active,Loyal (12+ months),0
53985,0,15.0,Mobile Phone,Tier 1,12.0,Debit Card,Male,3.0,2,Laptop & Accessory,4,Single,5,No Complaint,13.0,2.0,2.0,3.0,193.7,Active,Loyal (12+ months),0
53986,0,15.0,Mobile Phone,Tier 3,11.0,E wallet,Female,3.0,4,Fashion,3,Married,2,Complained,14.0,1.0,14.0,3.0,229.47,Active,Loyal (12+ months),2
53987,0,4.0,Mobile Phone,Tier 1,17.0,Credit Card,Female,4.0,4,Fashion,3,Single,11,No Complaint,15.0,1.0,2.0,3.0,221.67,Active,New (0-6 months),0
53988,1,1.0,Phone,Tier 2,27.0,Credit Card,Female,4.0,4,Mobile Phone,4,Married,2,Complained,12.0,1.0,2.0,5.0,146.48,Churned,New (0-6 months),2
53989,1,10.0,Mobile Phone,Tier 1,28.0,Credit Card,Female,4.0,4,Laptop & Accessory,4,Married,6,No Complaint,23.0,2.0,4.0,3.0,214.26,Churned,Mid (6-12 months),0
53990,0,14.0,Mobile Phone,Tier 1,7.0,Debit Card,Female,3.0,4,Laptop & Accessory,1,Married,6,No Complaint,18.0,1.0,2.0,4.0,190.13,Active,Loyal (12+ months),1
53991,0,8.0,Mobile Phone,Tier 3,15.0,Cash on Delivery,Male,4.0,2,Laptop & Accessory,3,Married,3,No Complaint,22.0,1.0,5.0,9.0,192.99,Active,Mid (6-12 months),0
53992,0,31.0,Computer,Tier 3,9.0,Credit Card,Male,3.0,4,Grocery,4,Married,6,No Complaint,23.0,11.0,15.0,15.0,25.0,Active,Loyal (12+ months),0
53993,0,9.0,Mobile Phone,Tier 1,30.0,Credit Card,Male,4.0,6,Mobile Phone,3,Married,2,No Complaint,17.0,2.0,2.0,4.0,152.05,Active,Mid (6-12 months),0
53994,0,21.0,Mobile Phone,Tier 1,11.0,Debit Card,Female,4.0,5,Fashion,4,Married,10,Complained,13.0,3.0,15.0,3.0,228.33,Active,Loyal (12+ months),2
53995,0,14.0,Mobile Phone,Tier 1,19.0,Debit Card,Female,3.0,4,Laptop & Accessory,5,Married,4,No Complaint,13.0,8.0,8.0,8.0,169.48,Active,Loyal (12+ months),0
53996,0,28.0,Mobile Phone,Tier 1,14.0,Credit Card,Female,4.0,4,Laptop & Accessory,1,Married,6,No Complaint,16.0,2.0,2.0,8.0,193.54,Active,Loyal (12+ months),1
53997,0,5.0,Computer,Tier 3,14.0,E wallet,Female,4.0,4,Fashion,5,Married,4,No Complaint,15.0,3.0,3.0,3.0,221.37,Active,New (0-6 months),0
53998,0,2.0,Mobile Phone,Tier 1,7.0,Credit Card,Female,4.0,4,Mobile Phone,5,Married,3,No Complaint,26.0,2.0,2.0,3.0,160.91,Active,New (0-6 months),0
53999,0,12.0,Mobile Phone,Tier 3,9.0,E wallet,Female,4.0,6,Laptop & Accessory,1,Married,4,Complained,21.0,1.0,2.0,4.0,179.05,Active,Mid (6-12 months),3
54000,0,1.0,Mobile Phone,Tier 3,17.0,Credit Card,Male,3.0,4,Laptop & Accessory,1,Single,3,No Complaint,14.0,1.0,2.0,3.0,171.84,Active,New (0-6 months),1
54001,0,31.0,Computer,Tier 1,22.0,Debit Card,Male,3.0,4,Grocery,3,Married,4,Complained,15.0,1.0,3.0,3.0,282.87,Active,Loyal (12+ months),2
54002,0,1.0,Computer,Tier 1,21.0,Credit Card,Female,3.0,4,Mobile Phone,3,Single,3,No Complaint,17.0,2.0,2.0,1.0,140.14,Active,New (0-6 months),0
54003,1,1.0,Mobile Phone,Tier 2,25.0,UPI,Male,3.0,2,Mobile Phone,5,Married,2,No Complaint,18.0,2.0,2.0,1.0,154.56,Churned,New (0-6 months),0
54004,1,1.0,Phone,Tier 2,20.0,UPI,Male,3.0,5,Mobile Phone,5,Married,6,Complained,16.0,2.0,3.0,1.0,148.35,Churned,New (0-6 months),2
54005,0,19.0,Computer,Tier 3,9.0,Debit Card,Female,4.0,4,Laptop & Accessory,3,Married,6,No Complaint,23.0,4.0,6.0,8.0,176.54,Active,Loyal (12+ months),0
54006,0,10.0,Mobile Phone,Tier 1,9.0,UPI,Female,4.0,4,Laptop & Accessory,4,Married,6,Complained,23.0,1.0,2.0,1.0,194.62,Active,Mid (6-12 months),2
54007,0,17.0,Computer,Tier 3,9.0,Debit Card,Male,4.0,4,Laptop & Accessory,1,Married,3,No Complaint,21.0,6.0,8.0,8.0,181.75,Active,Loyal (12+ months),1
54008,0,1.0,Computer,Tier 1,12.0,Debit Card,Female,3.0,4,Mobile Phone,1,Single,2,Complained,15.0,2.0,2.0,3.0,148.79,Active,New (0-6 months),3
54009,0,3.0,Computer,Tier 1,27.0,Credit Card,Male,3.0,4,Mobile Phone,1,Married,3,No Complaint,14.0,2.0,4.0,11.0,163.12,Active,New (0-6 months),1
54010,0,6.0,Computer,Tier 3,17.0,E wallet,Male,4.0,4,Laptop & Accessory,1,Single,10,No Complaint,14.0,2.0,2.0,1.0,171.48,Active,New (0-6 months),1
54011,0,16.0,Computer,Tier 1,17.0,COD,Male,3.0,4,Mobile Phone,3,Married,5,No Complaint,23.0,2.0,4.0,4.0,154.36,Active,Loyal (12+ months),0
54012,0,21.0,Phone,Tier 1,16.0,Debit Card,Female,4.0,4,Mobile Phone,3,Single,6,No Complaint,13.0,2.0,3.0,1.0,146.05,Active,Loyal (12+ months),0
54013,0,20.0,Mobile Phone,Tier 1,9.0,Debit Card,Male,3.0,4,Fashion,1,Married,5,No Complaint,15.0,2.0,5.0,3.0,210.78,Active,Loyal (12+ months),1
54014,0,2.0,Computer,Tier 2,7.0,Debit Card,Male,3.0,4,Mobile Phone,1,Married,3,No Complaint,16.0,1.0,3.0,3.0,152.06,Active,New (0-6 months),1
54015,0,3.0,Mobile Phone,Tier 1,36.0,Debit Card,Male,4.0,6,Laptop & Accessory,3,Married,10,No Complaint,18.0,2.0,2.0,7.0,188.84,Active,New (0-6 months),0
54016,0,16.0,Mobile Phone,Tier 1,15.0,Debit Card,Male,3.0,4,Mobile Phone,3,Single,6,No Complaint,14.0,2.0,2.0,1.0,164.68,Active,Loyal (12+ months),0
54017,1,1.0,Mobile Phone,Tier 3,9.0,E wallet,Male,3.0,5,Laptop & Accessory,4,Single,9,Complained,13.0,3.0,3.0,3.0,224.07,Churned,New (0-6 months),2
54018,0,20.0,Mobile Phone,Tier 3,10.0,Cash on Delivery,Female,3.0,2,Grocery,5,Married,4,No Complaint,13.0,2.0,2.0,9.0,257.25,Active,Loyal (12+ months),0
54019,0,1.0,Mobile Phone,Tier 3,30.0,Credit Card,Female,3.0,5,Laptop & Accessory,3,Married,3,No Complaint,22.0,5.0,6.0,9.0,160.4,Active,New (0-6 months),0
54020,0,3.0,Mobile Phone,Tier 2,13.0,Credit Card,Male,3.0,5,Mobile Phone,4,Married,3,No Complaint,12.0,2.0,2.0,1.0,153.04,Active,New (0-6 months),0
54021,0,17.0,Mobile Phone,Tier 1,13.0,Credit Card,Female,3.0,5,Others,3,Married,9,No Complaint,15.0,4.0,7.0,15.0,318.92,Active,Loyal (12+ months),0
54022,0,22.0,Mobile Phone,Tier 1,17.0,Debit Card,Male,4.0,5,Others,4,Married,6,No Complaint,15.0,4.0,13.0,10.0,321.65,Active,Loyal (12+ months),0
54023,1,1.0,Computer,Tier 1,31.0,Debit Card,Male,4.0,5,Mobile Phone,1,Single,3,Complained,25.0,2.0,2.0,1.0,149.39,Churned,New (0-6 months),3
54024,1,10.0,Mobile Phone,Tier 3,17.0,Debit Card,Female,4.0,4,Fashion,4,Married,7,No Complaint,22.0,1.0,2.0,8.0,198.14,Churned,Mid (6-12 months),0
54025,0,1.0,Computer,Tier 1,22.0,Debit Card,Female,4.0,5,Mobile Phone,5,Married,2,No Complaint,20.0,8.0,8.0,4.0,172.74,Active,New (0-6 months),0
54026,0,13.0,Mobile Phone,Tier 1,26.0,UPI,Male,3.0,4,Laptop & Accessory,1,Married,10,No Complaint,15.0,2.0,3.0,3.0,164.02,Active,Loyal (12+ months),1
54027,0,29.0,Mobile Phone,Tier 1,9.0,COD,Male,4.0,5,Mobile Phone,1,Married,10,No Complaint,21.0,1.0,2.0,5.0,151.62,Active,Loyal (12+ months),1
54028,0,2.0,Mobile Phone,Tier 3,10.0,Credit Card,Female,4.0,4,Mobile Phone,4,Married,3,No Complaint,20.0,2.0,2.0,1.0,153.56,Active,New (0-6 months),0
54029,1,1.0,Phone,Tier 3,16.0,Credit Card,Male,3.0,4,Mobile Phone,1,Single,3,No Complaint,14.0,1.0,2.0,1.0,135.81,Churned,New (0-6 months),1
54030,1,1.0,Mobile Phone,Tier 1,14.0,Debit Card,Male,4.0,4,Mobile Phone,4,Single,3,Complained,24.0,2.0,2.0,1.0,149.72,Churned,New (0-6 months),2
54031,0,10.0,Mobile Phone,Tier 3,17.0,COD,Female,4.0,5,Laptop & Accessory,3,Married,3,Complained,14.0,2.0,2.0,8.0,181.73,Active,Mid (6-12 months),2
54032,0,5.0,Mobile Phone,Tier 1,27.0,Debit Card,Male,3.0,4,Laptop & Accessory,3,Married,3,No Complaint,12.0,1.0,2.0,3.0,166.97,Active,New (0-6 months),0
54033,0,8.0,Mobile Phone,Tier 3,11.0,Debit Card,Male,4.0,4,Fashion,1,Married,4,Complained,14.0,1.0,2.0,3.0,222.13,Active,Mid (6-12 months),3
54034,0,3.0,Phone,Tier 1,14.0,Debit Card,Male,3.0,4,Mobile Phone,5,Single,5,No Complaint,15.0,1.0,2.0,3.0,145.62,Active,New (0-6 months),0
54035,0,11.0,Mobile Phone,Tier 1,14.0,Credit Card,Male,4.0,4,Laptop & Accessory,5,Married,7,Complained,23.0,1.0,2.0,5.0,167.84,Active,Mid (6-12 months),2
54036,0,9.0,Mobile Phone,Tier 1,23.0,UPI,Female,3.0,5,Laptop & Accessory,4,Married,2,Complained,12.0,2.0,2.0,3.0,172.88,Active,Mid (6-12 months),2
54037,0,19.0,Mobile Phone,Tier 1,32.0,Debit Card,Female,4.0,5,Laptop & Accessory,1,Married,2,No Complaint,14.0,1.0,4.0,9.0,184.06,Active,Loyal (12+ months),1
54038,0,10.0,Computer,Tier 2,9.0,UPI,Male,4.0,5,Laptop & Accessory,1,Single,3,No Complaint,22.0,2.0,2.0,9.0,163.86,Active,Mid (6-12 months),1
54039,0,14.0,Mobile Phone,Tier 1,7.0,Debit Card,Male,4.0,4,Grocery,5,Married,4,No Complaint,15.0,10.0,12.0,17.0,293.23,Active,Loyal (12+ months),0
54040,0,1.0,Mobile Phone,Tier 1,7.0,Debit Card,Female,3.0,5,Mobile Phone,3,Married,3,Complained,14.0,1.0,2.0,1.0,154.33,Active,New (0-6 months),2
54041,0,1.0,Mobile Phone,Tier 3,9.0,Credit Card,Female,3.0,2,Laptop & Accessory,3,Single,2,No Complaint,15.0,1.0,2.0,8.0,190.0,Active,New (0-6 months),0
54042,0,22.0,Computer,Tier 1,29.0,Credit Card,Female,3.0,4,Grocery,1,Married,5,No Complaint,15.0,1.0,5.0,8.0,296.74,Active,Loyal (12+ months),1
54043,0,18.0,Mobile Phone,Tier 1,7.0,Debit Card,Male,4.0,2,Laptop & Accessory,5,Married,4,No Complaint,16.0,3.0,3.0,3.0,175.33,Active,Loyal (12+ months),0
54044,1,1.0,Computer,Tier 1,23.0,COD,Male,3.0,6,Mobile Phone,5,Married,3,Complained,24.0,4.0,4.0,1.0,148.07,Churned,New (0-6 months),2
54045,1,20.0,Mobile Phone,Tier 1,31.0,Debit Card,Male,4.0,4,Mobile Phone,1,Single,3,No Complaint,17.0,1.0,2.0,1.0,150.87,Churned,Loyal (12+ months),1
54046,0,10.0,Mobile Phone,Tier 3,24.0,E wallet,Male,3.0,5,Laptop & Accessory,4,Married,4,No Complaint,17.0,2.0,2.0,4.0,180.07,Active,Mid (6-12 months),0
54047,0,15.0,Mobile Phone,Tier 3,15.0,E wallet,Female,3.0,4,Laptop & Accessory,4,Married,7,No Complaint,22.0,2.0,2.0,5.0,168.93,Active,Loyal (12+ months),0
54048,0,16.0,Mobile Phone,Tier 1,13.0,Credit Card,Male,3.0,4,Fashion,5,Married,11,No Complaint,14.0,4.0,2.0,8.0,258.48,Active,Loyal (12+ months),0
54049,0,5.0,Mobile Phone,Tier 3,17.0,Credit Card,Female,3.0,4,Laptop & Accessory,1,Married,4,Complained,12.0,1.0,2.0,5.0,190.83,Active,New (0-6 months),3
54050,0,8.0,Mobile Phone,Tier 3,10.0,Credit Card,Female,4.0,5,Laptop & Accessory,1,Married,5,Complained,13.0,1.0,2.0,2.0,206.03,Active,Mid (6-12 months),3
54051,0,5.0,Mobile Phone,Tier 1,11.0,Credit Card,Female,4.0,2,Mobile Phone,3,Married,10,No Complaint,13.0,3.0,3.0,3.0,164.78,Active,New (0-6 months),0
54052,0,1.0,Computer,Tier 1,13.0,UPI,Male,4.0,2,Mobile Phone,1,Married,2,No Complaint,19.0,3.0,8.0,8.0,150.44,Active,New (0-6 months),1
54053,0,19.0,Computer,Tier 1,7.0,Credit Card,Male,3.0,4,Laptop & Accessory,3,Single,6,No Complaint,13.0,2.0,2.0,4.0,178.99,Active,Loyal (12+ months),0
54054,0,7.0,Mobile Phone,Tier 3,17.0,E wallet,Male,3.0,4,Laptop & Accessory,3,Single,3,No Complaint,15.0,1.0,2.0,10.0,179.87,Active,Mid (6-12 months),0
54055,0,2.0,Computer,Tier 3,7.0,Debit Card,Male,3.0,5,Laptop & Accessory,1,Married,3,Complained,13.0,1.0,2.0,8.0,193.34,Active,New (0-6 months),3
54056,1,1.0,Computer,Tier 3,31.0,COD,Male,3.0,2,Mobile Phone,5,Single,3,No Complaint,18.0,2.0,2.0,1.0,135.91,Churned,New (0-6 months),0
54057,0,13.0,Computer,Tier 3,28.0,Debit Card,Female,3.0,6,Laptop & Accessory,3,Married,8,No Complaint,20.0,1.0,2.0,3.0,182.36,Active,Loyal (12+ months),0
54058,0,1.0,Phone,Tier 1,9.0,COD,Male,3.0,4,Mobile Phone,4,Married,3,No Complaint,12.0,2.0,2.0,3.0,147.26,Active,New (0-6 months),0
54059,0,8.0,Computer,Tier 1,29.0,UPI,Male,3.0,5,Laptop & Accessory,1,Married,3,Complained,16.0,4.0,7.0,12.0,182.47,Active,Mid (6-12 months),3
54060,1,1.0,Mobile Phone,Tier 3,20.0,E wallet,Female,3.0,4,Laptop & Accessory,3,Single,5,Complained,12.0,3.0,3.0,3.0,223.54,Churned,New (0-6 months),2
54061,0,21.0,Computer,Tier 1,21.0,COD,Male,4.0,4,Laptop & Accessory,4,Married,10,No Complaint,19.0,1.0,2.0,8.0,179.67,Active,Loyal (12+ months),0
54062,0,30.0,Mobile Phone,Tier 3,18.0,E wallet,Female,3.0,5,Laptop & Accessory,5,Married,6,No Complaint,17.0,1.0,2.0,1.0,178.8,Active,Loyal (12+ months),0
54063,0,13.0,Mobile Phone,Tier 1,16.0,Credit Card,Male,3.0,4,Laptop & Accessory,5,Married,3,No Complaint,26.0,5.0,8.0,10.0,176.51,Active,Loyal (12+ months),0
54064,0,12.0,Computer,Tier 1,15.0,Credit Card,Female,3.0,5,Laptop & Accessory,4,Married,3,Complained,17.0,2.0,2.0,8.0,146.33,Active,Mid (6-12 months),2
54065,0,31.0,Mobile Phone,Tier 3,28.0,Debit Card,Female,4.0,4,Grocery,1,Married,6,Complained,15.0,2.0,2.0,1.0,303.75,Active,Loyal (12+ months),3
54066,1,1.0,Computer,Tier 1,12.0,Debit Card,Female,3.0,2,Mobile Phone,3,Single,5,Complained,15.0,1.0,2.0,4.0,149.32,Churned,New (0-6 months),2
54067,0,12.0,Mobile Phone,Tier 1,16.0,Debit Card,Male,4.0,4,Mobile Phone,1,Married,4,No Complaint,20.0,2.0,2.0,4.0,172.71,Active,Mid (6-12 months),1
54068,0,23.0,Computer,Tier 1,9.0,Debit Card,Male,3.0,4,Others,1,Married,5,No Complaint,15.0,3.0,5.0,4.0,316.61,Active,Loyal (12+ months),1
54069,0,16.0,Mobile Phone,Tier 3,19.0,E wallet,Male,4.0,4,Laptop & Accessory,1,Married,5,Complained,13.0,1.0,2.0,1.0,175.87,Active,Loyal (12+ months),3
54070,1,1.0,Computer,Tier 2,29.0,UPI,Female,3.0,5,Mobile Phone,4,Married,3,No Complaint,13.0,2.0,2.0,1.0,153.63,Churned,New (0-6 months),0
54071,0,9.0,Mobile Phone,Tier 3,25.0,Credit Card,Male,4.0,4,Laptop & Accessory,5,Married,2,No Complaint,17.0,1.0,2.0,5.0,25.0,Active,Mid (6-12 months),0
54072,0,2.0,Computer,Tier 1,23.0,Credit Card,Male,3.0,4,Mobile Phone,3,Single,3,No Complaint,15.0,1.0,2.0,5.0,146.44,Active,New (0-6 months),0
54073,0,5.0,Computer,Tier 1,10.0,Credit Card,Male,3.0,4,Mobile Phone,5,Married,3,Complained,14.0,1.0,3.0,4.0,155.65,Active,New (0-6 months),2
54074,0,10.0,Computer,Tier 1,16.0,Debit Card,Male,4.0,2,Mobile Phone,4,Married,3,No Complaint,23.0,2.0,2.0,3.0,153.1,Active,Mid (6-12 months),0
54075,0,8.0,Mobile Phone,Tier 3,7.0,E wallet,Male,3.0,4,Fashion,1,Single,3,No Complaint,22.0,2.0,3.0,3.0,223.88,Active,Mid (6-12 months),1
54076,0,8.0,Mobile Phone,Tier 3,20.0,Credit Card,Male,3.0,4,Fashion,3,Married,3,No Complaint,19.0,2.0,2.0,3.0,211.28,Active,Mid (6-12 months),0
54077,0,1.0,Mobile Phone,Tier 1,7.0,Credit Card,Male,4.0,4,Mobile Phone,5,Single,2,No Complaint,14.0,4.0,8.0,7.0,153.67,Active,New (0-6 months),0
54078,0,3.0,Mobile Phone,Tier 1,7.0,Debit Card,Male,3.0,4,Laptop & Accessory,5,Married,2,No Complaint,13.0,2.0,2.0,3.0,178.73,Active,New (0-6 months),0
54079,0,6.0,Computer,Tier 1,22.0,Credit Card,Female,3.0,4,Laptop & Accessory,1,Married,7,No Complaint,19.0,1.0,2.0,3.0,191.67,Active,New (0-6 months),1
54080,0,5.0,Computer,Tier 1,7.0,Debit Card,Male,3.0,6,Laptop & Accessory,5,Married,3,No Complaint,22.0,2.0,9.0,8.0,175.03,Active,New (0-6 months),0
54081,1,1.0,Phone,Tier 1,24.0,COD,Male,3.0,5,Mobile Phone,1,Married,7,No Complaint,13.0,1.0,2.0,4.0,148.67,Churned,New (0-6 months),1
54082,0,12.0,Mobile Phone,Tier 3,7.0,Debit Card,Male,3.0,5,Mobile Phone,5,Single,6,No Complaint,15.0,1.0,2.0,1.0,153.58,Active,Mid (6-12 months),0
54083,0,9.0,Mobile Phone,Tier 3,14.0,Debit Card,Female,3.0,4,Laptop & Accessory,1,Married,3,Complained,12.0,2.0,2.0,10.0,177.04,Active,Mid (6-12 months),3
54084,0,1.0,Mobile Phone,Tier 3,16.0,E wallet,Male,3.0,4,Laptop & Accessory,1,Single,3,No Complaint,15.0,1.0,2.0,8.0,166.05,Active,New (0-6 months),1
54085,0,6.0,Mobile Phone,Tier 1,12.0,Debit Card,Male,3.0,5,Laptop & Accessory,1,Single,10,No Complaint,25.0,1.0,2.0,3.0,221.79,Active,New (0-6 months),1
54086,1,1.0,Computer,Tier 3,33.0,E wallet,Male,4.0,4,Laptop & Accessory,1,Married,3,Complained,12.0,1.0,2.0,9.0,181.17,Churned,New (0-6 months),3
54087,1,17.0,Mobile Phone,Tier 3,31.0,Debit Card,Male,4.0,4,Fashion,5,Single,8,Complained,14.0,3.0,3.0,3.0,229.48,Churned,Loyal (12+ months),2
54088,0,28.0,Mobile Phone,Tier 1,16.0,Debit Card,Female,4.0,4,Laptop & Accessory,3,Married,5,No Complaint,12.0,1.0,3.0,4.0,153.97,Active,Loyal (12+ months),0
54089,0,7.0,Computer,Tier 1,14.0,Debit Card,Male,3.0,4,Laptop & Accessory,3,Married,3,No Complaint,21.0,3.0,3.0,9.0,184.68,Active,Mid (6-12 months),0
54090,0,17.0,Mobile Phone,Tier 1,18.0,Debit Card,Male,2.0,4,Fashion,3,Married,3,No Complaint,18.0,2.0,2.0,10.0,200.1,Active,Loyal (12+ months),0
54091,0,12.0,Computer,Tier 2,7.0,UPI,Male,3.0,4,Mobile Phone,4,Married,2,Complained,12.0,2.0,2.0,3.0,154.91,Active,Mid (6-12 months),2
54092,0,29.0,Mobile Phone,Tier 2,33.0,UPI,Male,4.0,2,Others,4,Married,6,Complained,15.0,2.0,2.0,5.0,321.36,Active,Loyal (12+ months),2
54093,0,5.0,Phone,Tier 1,9.0,Credit Card,Female,3.0,6,Mobile Phone,1,Married,3,Complained,12.0,2.0,2.0,1.0,136.29,Active,New (0-6 months),3
54094,0,13.0,Mobile Phone,Tier 3,22.0,E wallet,Male,4.0,4,Grocery,5,Single,2,No Complaint,13.0,5.0,2.0,11.0,258.41,Active,Loyal (12+ months),0
54095,0,16.0,Computer,Tier 1,30.0,Debit Card,Male,3.0,5,Laptop & Accessory,3,Single,3,No Complaint,13.0,3.0,4.0,8.0,168.32,Active,Loyal (12+ months),0
54096,0,5.0,Computer,Tier 1,17.0,Credit Card,Female,3.0,4,Fashion,3,Married,6,No Complaint,21.0,4.0,2.0,9.0,235.31,Active,New (0-6 months),0
54097,0,28.0,Mobile Phone,Tier 1,17.0,Credit Card,Female,4.0,4,Laptop & Accessory,5,Single,8,Complained,20.0,1.0,2.0,5.0,169.4,Active,Loyal (12+ months),2
54098,0,1.0,Mobile Phone,Tier 1,7.0,Debit Card,Male,3.0,5,Laptop & Accessory,3,Single,3,No Complaint,13.0,2.0,2.0,3.0,171.17,Active,New (0-6 months),0
54099,0,1.0,Mobile Phone,Tier 1,19.0,UPI,Male,4.0,4,Mobile Phone,1,Single,3,No Complaint,14.0,2.0,2.0,5.0,151.47,Active,New (0-6 months),1
54100,0,14.0,Computer,Tier 1,18.0,COD,Female,4.0,4,Laptop & Accessory,3,Married,3,No Complaint,12.0,3.0,10.0,5.0,188.23,Active,Loyal (12+ months),0
54101,0,14.0,Mobile Phone,Tier 3,9.0,E wallet,Female,4.0,4,Laptop & Accessory,4,Married,5,No Complaint,15.0,2.0,6.0,11.0,181.77,Active,Loyal (12+ months),0
54102,0,1.0,Phone,Tier 2,9.0,UPI,Female,3.0,4,Mobile Phone,4,Married,6,No Complaint,15.0,1.0,2.0,3.0,146.87,Active,New (0-6 months),0
54103,0,4.0,Mobile Phone,Tier 1,7.0,Credit Card,Male,4.0,4,Mobile Phone,4,Married,3,No Complaint,14.0,1.0,2.0,8.0,162.48,Active,New (0-6 months),0
54104,0,1.0,Mobile Phone,Tier 1,9.0,UPI,Male,3.0,4,Mobile Phone,3,Married,8,Complained,20.0,1.0,2.0,3.0,164.77,Active,New (0-6 months),2
54105,0,21.0,Mobile Phone,Tier 1,32.0,Credit Card,Male,3.0,4,Fashion,3,Single,4,No Complaint,24.0,2.0,13.0,3.0,211.33,Active,Loyal (12+ months),0
54106,0,7.0,Computer,Tier 1,7.0,Credit Card,Male,3.0,5,Mobile Phone,3,Married,3,No Complaint,13.0,1.0,2.0,1.0,145.08,Active,Mid (6-12 months),0
54107,0,12.0,Mobile Phone,Tier 3,7.0,Debit Card,Male,3.0,4,Laptop & Accessory,4,Married,2,No Complaint,16.0,5.0,6.0,9.0,169.4,Active,Mid (6-12 months),0
54108,0,5.0,Mobile Phone,Tier 3,9.0,Debit Card,Male,3.0,4,Mobile Phone,3,Married,2,No Complaint,20.0,2.0,2.0,3.0,155.67,Active,New (0-6 months),0
54109,0,12.0,Computer,Tier 1,13.0,Debit Card,Male,4.0,5,Laptop & Accessory,3,Married,4,No Complaint,12.0,3.0,8.0,8.0,178.21,Active,Mid (6-12 months),0
54110,0,16.0,Mobile Phone,Tier 1,25.0,Debit Card,Male,3.0,4,Laptop & Accessory,5,Married,8,Complained,18.0,1.0,2.0,3.0,179.1,Active,Loyal (12+ months),2
54111,0,15.0,Mobile Phone,Tier 1,7.0,Debit Card,Male,4.0,4,Mobile Phone,1,Married,5,No Complaint,23.0,1.0,2.0,1.0,152.82,Active,Loyal (12+ months),1
54112,0,21.0,Computer,Tier 1,7.0,Credit Card,Female,4.0,4,Fashion,4,Married,2,No Complaint,19.0,1.0,2.0,13.0,244.57,Active,Loyal (12+ months),0
54113,0,9.0,Mobile Phone,Tier 1,18.0,Credit Card,Male,3.0,4,Mobile Phone,3,Married,9,Complained,12.0,1.0,3.0,3.0,151.6,Active,Mid (6-12 months),2
54114,0,1.0,Mobile Phone,Tier 1,7.0,Debit Card,Male,4.0,4,Mobile Phone,3,Single,2,No Complaint,13.0,1.0,2.0,3.0,158.75,Active,New (0-6 months),0
54115,0,9.0,Mobile Phone,Tier 1,16.0,Credit Card,Male,3.0,4,Laptop & Accessory,3,Single,3,No Complaint,20.0,1.0,2.0,9.0,175.98,Active,Mid (6-12 months),0
54116,0,7.0,Mobile Phone,Tier 1,22.0,Credit Card,Female,4.0,4,Laptop & Accessory,1,Married,2,Complained,14.0,6.0,9.0,2.0,37.0,Active,Mid (6-12 months),3
54117,0,6.0,Mobile Phone,Tier 1,36.0,Debit Card,Female,3.0,5,Mobile Phone,4,Single,3,No Complaint,14.0,4.0,5.0,2.0,153.37,Active,New (0-6 months),0
54118,0,14.0,Phone,Tier 1,7.0,Debit Card,Male,3.0,4,Mobile Phone,1,Married,10,No Complaint,20.0,1.0,2.0,1.0,149.06,Active,Loyal (12+ months),1
54119,0,6.0,Phone,Tier 3,7.0,Credit Card,Male,4.0,5,Mobile Phone,4,Married,2,No Complaint,15.0,1.0,3.0,3.0,147.69,Active,New (0-6 months),0
54120,0,13.0,Mobile Phone,Tier 1,31.0,Debit Card,Male,3.0,4,Laptop & Accessory,1,Single,9,No Complaint,14.0,2.0,2.0,8.0,166.08,Active,Loyal (12+ months),1
54121,0,12.0,Mobile Phone,Tier 1,17.0,Credit Card,Female,3.0,6,Fashion,3,Married,5,No Complaint,13.0,2.0,2.0,12.0,257.06,Active,Mid (6-12 months),0
54122,0,6.0,Mobile Phone,Tier 3,7.0,E wallet,Female,3.0,4,Fashion,1,Married,3,No Complaint,20.0,4.0,6.0,3.0,229.22,Active,New (0-6 months),1
54123,0,11.0,Mobile Phone,Tier 1,17.0,Debit Card,Female,3.0,2,Fashion,1,Married,3,Complained,26.0,1.0,7.0,9.0,262.44,Active,Mid (6-12 months),3
54124,0,1.0,Mobile Phone,Tier 3,15.0,UPI,Female,3.0,4,Laptop & Accessory,3,Married,2,Complained,23.0,2.0,2.0,5.0,174.07,Active,New (0-6 months),2
54125,0,26.0,Computer,Tier 3,127.0,Debit Card,Male,3.0,4,Mobile Phone,1,Married,4,No Complaint,16.0,2.0,2.0,1.0,159.82,Active,Loyal (12+ months),1
54126,0,18.0,Phone,Tier 1,7.0,Credit Card,Male,3.0,4,Mobile Phone,1,Single,8,Complained,13.0,1.0,2.0,3.0,149.36,Active,Loyal (12+ months),3
54127,0,1.0,Phone,Tier 3,12.0,Credit Card,Male,3.0,4,Mobile Phone,5,Single,3,Complained,12.0,2.0,2.0,3.0,148.8,Active,New (0-6 months),2
54128,0,13.0,Computer,Tier 1,16.0,Debit Card,Male,3.0,4,Others,1,Single,4,No Complaint,15.0,1.0,2.0,4.0,319.31,Active,Loyal (12+ months),1
54129,1,1.0,Computer,Tier 3,16.0,E wallet,Male,3.0,4,Mobile Phone,5,Married,3,No Complaint,20.0,2.0,2.0,1.0,142.9,Churned,New (0-6 months),0
54130,0,10.0,Mobile Phone,Tier 3,10.0,Credit Card,Female,4.0,5,Fashion,1,Married,2,No Complaint,20.0,4.0,4.0,5.0,201.44,Active,Mid (6-12 months),1
54131,0,10.0,Computer,Tier 1,11.0,Debit Card,Female,4.0,4,Laptop & Accessory,4,Married,9,No Complaint,14.0,2.0,2.0,3.0,176.31,Active,Mid (6-12 months),0
54132,0,30.0,Computer,Tier 1,7.0,Debit Card,Male,3.0,4,Laptop & Accessory,3,Married,3,No Complaint,22.0,1.0,2.0,10.0,188.06,Active,Loyal (12+ months),0
54133,1,1.0,Mobile Phone,Tier 1,7.0,Credit Card,Male,3.0,4,Mobile Phone,1,Married,11,Complained,15.0,3.0,3.0,3.0,172.87,Churned,New (0-6 months),3
54134,0,16.0,Mobile Phone,Tier 1,9.0,Debit Card,Male,3.0,4,Others,3,Married,7,No Complaint,15.0,2.0,5.0,15.0,313.8,Active,Loyal (12+ months),0
54135,1,20.0,Phone,Tier 1,14.0,COD,Male,4.0,4,Mobile Phone,3,Married,10,No Complaint,12.0,7.0,10.0,9.0,148.39,Churned,Loyal (12+ months),0
54136,0,15.0,Mobile Phone,Tier 1,35.0,Debit Card,Female,3.0,5,Grocery,4,Married,2,No Complaint,24.0,2.0,2.0,11.0,260.7,Active,Loyal (12+ months),0
54137,0,8.0,Mobile Phone,Tier 3,35.0,E wallet,Female,4.0,5,Laptop & Accessory,3,Married,3,No Complaint,22.0,2.0,2.0,8.0,192.12,Active,Mid (6-12 months),0
54138,0,10.0,Computer,Tier 3,22.0,E wallet,Male,3.0,6,Laptop & Accessory,1,Married,3,No Complaint,25.0,5.0,12.0,12.0,179.06,Active,Mid (6-12 months),1
54139,0,15.0,Mobile Phone,Tier 3,10.0,Debit Card,Male,3.0,5,Laptop & Accessory,4,Married,4,No Complaint,12.0,1.0,2.0,3.0,214.38,Active,Loyal (12+ months),0
54140,0,6.0,Phone,Tier 1,9.0,COD,Male,4.0,4,Mobile Phone,5,Single,3,No Complaint,15.0,2.0,2.0,3.0,149.39,Active,New (0-6 months),0
54141,0,9.0,Mobile Phone,Tier 2,33.0,Debit Card,Female,3.0,4,Fashion,1,Single,3,Complained,17.0,2.0,2.0,3.0,213.37,Active,Mid (6-12 months),3
54142,0,12.0,Mobile Phone,Tier 3,17.0,Debit Card,Female,4.0,4,Laptop & Accessory,1,Married,3,No Complaint,12.0,1.0,2.0,10.0,178.43,Active,Mid (6-12 months),1
54143,1,14.0,Computer,Tier 3,7.0,Debit Card,Male,4.0,4,Laptop & Accessory,3,Married,9,No Complaint,13.0,2.0,2.0,2.0,192.28,Churned,Loyal (12+ months),0
54144,0,10.0,Mobile Phone,Tier 3,18.0,E wallet,Female,4.0,5,Laptop & Accessory,1,Married,6,No Complaint,14.0,2.0,2.0,1.0,191.52,Active,Mid (6-12 months),1
54145,0,19.0,Mobile Phone,Tier 3,27.0,Debit Card,Female,3.0,4,Laptop & Accessory,3,Single,10,No Complaint,16.0,2.0,2.0,2.0,173.5,Active,Loyal (12+ months),0
54146,0,14.0,Mobile Phone,Tier 1,9.0,Debit Card,Male,3.0,5,Mobile Phone,3,Single,4,No Complaint,15.0,1.0,3.0,3.0,153.09,Active,Loyal (12+ months),0
54147,0,9.0,Computer,Tier 1,25.0,Debit Card,Male,4.0,4,Laptop & Accessory,3,Married,3,Complained,15.0,2.0,2.0,3.0,181.89,Active,Mid (6-12 months),2
54148,0,14.0,Phone,Tier 1,9.0,Credit Card,Female,4.0,4,Mobile Phone,3,Married,4,No Complaint,15.0,2.0,2.0,3.0,145.01,Active,Loyal (12+ months),0
54149,0,9.0,Mobile Phone,Tier 1,7.0,Debit Card,Female,4.0,6,Mobile Phone,1,Married,3,No Complaint,13.0,1.0,2.0,2.0,154.77,Active,Mid (6-12 months),1
54150,0,3.0,Mobile Phone,Tier 1,20.0,UPI,Male,3.0,5,Laptop & Accessory,4,Married,6,Complained,14.0,2.0,2.0,4.0,165.25,Active,New (0-6 months),2
54151,0,3.0,Mobile Phone,Tier 1,35.0,Credit Card,Female,4.0,5,Mobile Phone,5,Single,3,No Complaint,15.0,1.0,2.0,5.0,162.85,Active,New (0-6 months),0
54152,1,14.0,Mobile Phone,Tier 3,35.0,E wallet,Male,3.0,5,Fashion,5,Married,6,Complained,14.0,1.0,2.0,1.0,233.54,Churned,Loyal (12+ months),2
54153,0,13.0,Mobile Phone,Tier 3,31.0,E wallet,Female,3.0,5,Grocery,1,Married,2,No Complaint,12.0,2.0,2.0,7.0,245.31,Active,Loyal (12+ months),1
54154,0,5.0,Computer,Tier 1,12.0,Credit Card,Male,4.0,4,Laptop & Accessory,5,Single,2,No Complaint,20.0,1.0,2.0,3.0,224.36,Active,New (0-6 months),0
54155,0,1.0,Mobile Phone,Tier 3,12.0,UPI,Female,2.0,5,Mobile Phone,3,Single,2,No Complaint,19.0,1.0,2.0,1.0,154.66,Active,New (0-6 months),0
54156,0,10.0,Computer,Tier 1,30.0,Credit Card,Male,3.0,2,Laptop & Accessory,1,Married,6,No Complaint,18.0,1.0,2.0,4.0,150.71,Active,Mid (6-12 months),1
54157,0,13.0,Mobile Phone,Tier 1,13.0,Credit Card,Male,3.0,5,Fashion,5,Married,6,No Complaint,16.0,2.0,2.0,3.0,224.91,Active,Loyal (12+ months),0
54158,0,1.0,Mobile Phone,Tier 1,11.0,Debit Card,Male,3.0,2,Laptop & Accessory,4,Married,3,Complained,21.0,2.0,2.0,4.0,186.42,Active,New (0-6 months),2
54159,0,23.0,Computer,Tier 3,9.0,Credit Card,Male,4.0,5,Laptop & Accessory,4,Married,4,No Complaint,15.0,2.0,2.0,9.0,178.9,Active,Loyal (12+ months),0
54160,0,8.0,Mobile Phone,Tier 1,15.0,Credit Card,Male,3.0,2,Laptop & Accessory,3,Married,4,No Complaint,13.0,1.0,2.0,3.0,169.04,Active,Mid (6-12 months),0
54161,1,5.0,Mobile Phone,Tier 3,7.0,Debit Card,Female,4.0,4,Laptop & Accessory,1,Single,10,Complained,12.0,1.0,2.0,6.0,184.93,Churned,New (0-6 months),3
54162,0,23.0,Computer,Tier 1,15.0,Debit Card,Male,4.0,5,Laptop & Accessory,4,Married,3,No Complaint,24.0,1.0,2.0,8.0,176.3,Active,Loyal (12+ months),0
54163,1,1.0,Phone,Tier 1,9.0,UPI,Male,4.0,5,Mobile Phone,3,Single,8,Complained,16.0,1.0,2.0,1.0,145.9,Churned,New (0-6 months),2
54164,0,7.0,Computer,Tier 1,10.0,Debit Card,Female,3.0,4,Mobile Phone,3,Married,3,Complained,12.0,3.0,4.0,1.0,154.09,Active,Mid (6-12 months),2
54165,0,1.0,Mobile Phone,Tier 1,9.0,Credit Card,Male,3.0,4,Mobile Phone,4,Married,11,No Complaint,13.0,2.0,3.0,3.0,159.68,Active,New (0-6 months),0
54166,0,6.0,Computer,Tier 1,9.0,Debit Card,Male,4.0,4,Mobile Phone,1,Single,2,No Complaint,14.0,2.0,4.0,7.0,155.68,Active,New (0-6 months),1
54167,0,31.0,Mobile Phone,Tier 1,10.0,Credit Card,Female,3.0,2,Mobile Phone,5,Married,6,Complained,21.0,1.0,2.0,1.0,151.7,Active,Loyal (12+ months),2
54168,0,4.0,Mobile Phone,Tier 1,31.0,Debit Card,Male,4.0,4,Mobile Phone,3,Married,3,No Complaint,23.0,2.0,2.0,1.0,151.93,Active,New (0-6 months),0
54169,0,12.0,Computer,Tier 1,30.0,Debit Card,Male,3.0,5,Fashion,3,Single,2,No Complaint,22.0,2.0,2.0,3.0,220.26,Active,Mid (6-12 months),0
54170,0,10.0,Mobile Phone,Tier 1,34.0,Credit Card,Male,4.0,4,Laptop & Accessory,3,Married,8,No Complaint,14.0,1.0,8.0,8.0,177.37,Active,Mid (6-12 months),0
54171,0,9.0,Phone,Tier 1,23.0,Credit Card,Male,3.0,2,Mobile Phone,4,Married,2,No Complaint,14.0,2.0,2.0,4.0,149.26,Active,Mid (6-12 months),0
54172,0,3.0,Mobile Phone,Tier 1,22.0,Debit Card,Female,3.0,5,Laptop & Accessory,3,Single,2,Complained,13.0,2.0,2.0,9.0,166.93,Active,New (0-6 months),2
54173,0,5.0,Mobile Phone,Tier 1,33.0,Debit Card,Male,3.0,4,Mobile Phone,3,Married,3,No Complaint,18.0,4.0,5.0,4.0,154.11,Active,New (0-6 months),0
54174,0,8.0,Mobile Phone,Tier 1,26.0,Credit Card,Male,4.0,4,Mobile Phone,1,Married,2,No Complaint,12.0,1.0,2.0,3.0,151.61,Active,Mid (6-12 months),1
54175,1,1.0,Phone,Tier 1,31.0,Debit Card,Male,3.0,5,Mobile Phone,3,Single,7,Complained,15.0,1.0,2.0,4.0,145.28,Churned,New (0-6 months),2
54176,0,3.0,Mobile Phone,Tier 1,28.0,Debit Card,Female,3.0,2,Fashion,5,Married,3,No Complaint,12.0,7.0,9.0,3.0,224.8,Active,New (0-6 months),0
54177,0,6.0,Mobile Phone,Tier 1,12.0,Debit Card,Male,4.0,2,Mobile Phone,4,Married,2,Complained,13.0,2.0,2.0,6.0,157.98,Active,New (0-6 months),2
54178,0,1.0,Computer,Tier 1,23.0,Credit Card,Male,4.0,2,Mobile Phone,1,Married,3,Complained,14.0,1.0,2.0,1.0,154.35,Active,New (0-6 months),3
54179,0,27.0,Mobile Phone,Tier 3,9.0,Debit Card,Female,4.0,5,Grocery,1,Married,4,No Complaint,17.0,1.0,4.0,8.0,279.27,Active,Loyal (12+ months),1
54180,0,12.0,Mobile Phone,Tier 1,9.0,Debit Card,Male,3.0,4,Mobile Phone,1,Single,7,Complained,12.0,1.0,2.0,3.0,164.44,Active,Mid (6-12 months),3
54181,0,1.0,Computer,Tier 1,18.0,UPI,Female,4.0,2,Laptop & Accessory,3,Married,2,No Complaint,19.0,1.0,2.0,4.0,165.11,Active,New (0-6 months),0
54182,1,1.0,Mobile Phone,Tier 3,16.0,Debit Card,Male,3.0,5,Mobile Phone,5,Single,9,No Complaint,24.0,1.0,2.0,4.0,159.07,Churned,New (0-6 months),0
54183,0,8.0,Mobile Phone,Tier 1,14.0,Debit Card,Female,3.0,4,Fashion,4,Single,2,No Complaint,12.0,1.0,2.0,12.0,244.94,Active,Mid (6-12 months),0
54184,0,1.0,Phone,Tier 1,22.0,Debit Card,Male,4.0,4,Mobile Phone,1,Single,3,No Complaint,15.0,2.0,2.0,1.0,137.32,Active,New (0-6 months),1
54185,1,1.0,Mobile Phone,Tier 1,13.0,Credit Card,Male,3.0,4,Mobile Phone,5,Single,4,No Complaint,12.0,1.0,2.0,4.0,154.6,Churned,New (0-6 months),0
54186,0,27.0,Mobile Phone,Tier 1,12.0,UPI,Female,3.0,4,Others,3,Married,6,No Complaint,15.0,2.0,5.0,9.0,315.94,Active,Loyal (12+ months),0
54187,1,1.0,Computer,Tier 1,23.0,Debit Card,Female,4.0,6,Mobile Phone,5,Single,3,Complained,23.0,1.0,7.0,8.0,164.19,Churned,New (0-6 months),2
54188,0,16.0,Mobile Phone,Tier 3,15.0,E wallet,Male,3.0,4,Laptop & Accessory,4,Married,2,No Complaint,12.0,3.0,5.0,3.0,193.25,Active,Loyal (12+ months),0
54189,0,18.0,Mobile Phone,Tier 1,14.0,Credit Card,Female,3.0,5,Fashion,1,Married,5,No Complaint,15.0,1.0,6.0,3.0,227.48,Active,Loyal (12+ months),1
54190,0,20.0,Mobile Phone,Tier 3,9.0,E wallet,Female,3.0,4,Others,5,Single,5,No Complaint,15.0,3.0,3.0,2.0,314.47,Active,Loyal (12+ months),0
54191,0,7.0,Mobile Phone,Tier 1,9.0,Credit Card,Male,4.0,4,Mobile Phone,1,Single,6,No Complaint,12.0,1.0,2.0,1.0,149.96,Active,Mid (6-12 months),1
54192,0,18.0,Mobile Phone,Tier 1,17.0,UPI,Male,3.0,4,Laptop & Accessory,1,Married,4,Complained,14.0,1.0,2.0,4.0,189.65,Active,Loyal (12+ months),3
54193,0,4.0,Phone,Tier 1,16.0,Credit Card,Male,3.0,5,Mobile Phone,3,Single,3,No Complaint,14.0,1.0,2.0,9.0,147.06,Active,New (0-6 months),0
54194,1,3.0,Phone,Tier 3,12.0,COD,Male,3.0,4,Laptop & Accessory,1,Married,5,No Complaint,15.0,1.0,2.0,1.0,145.86,Churned,New (0-6 months),1
54195,1,1.0,Phone,Tier 1,7.0,Credit Card,Male,4.0,4,Mobile Phone,1,Married,4,Complained,17.0,1.0,3.0,1.0,147.93,Churned,New (0-6 months),3
54196,0,17.0,Mobile Phone,Tier 1,9.0,Credit Card,Female,4.0,2,Mobile Phone,3,Married,3,No Complaint,13.0,2.0,2.0,5.0,151.45,Active,Loyal (12+ months),0
54197,1,14.0,Mobile Phone,Tier 3,10.0,E wallet,Male,3.0,5,Mobile Phone,3,Married,3,Complained,15.0,2.0,2.0,3.0,151.83,Churned,Loyal (12+ months),2
54198,0,9.0,Phone,Tier 3,9.0,E wallet,Female,4.0,4,Mobile Phone,1,Married,3,No Complaint,14.0,3.0,3.0,3.0,145.14,Active,Mid (6-12 months),1
54199,0,10.0,Mobile Phone,Tier 1,12.0,Debit Card,Female,3.0,5,Mobile Phone,5,Married,11,Complained,15.0,2.0,2.0,1.0,159.19,Active,Mid (6-12 months),2
54200,0,7.0,Computer,Tier 3,7.0,Debit Card,Female,3.0,2,Laptop & Accessory,5,Married,4,No Complaint,20.0,1.0,2.0,4.0,178.76,Active,Mid (6-12 months),0
54201,0,9.0,Phone,Tier 1,11.0,UPI,Male,4.0,4,Mobile Phone,1,Married,3,No Complaint,13.0,2.0,2.0,1.0,144.51,Active,Mid (6-12 months),1
54202,0,1.0,Phone,Tier 1,9.0,Debit Card,Female,3.0,4,Mobile Phone,5,Married,3,No Complaint,14.0,2.0,2.0,1.0,148.41,Active,New (0-6 months),0
54203,1,1.0,Phone,Tier 1,32.0,Debit Card,Male,3.0,6,Mobile Phone,3,Single,3,No Complaint,13.0,1.0,2.0,2.0,147.93,Churned,New (0-6 months),0
54204,0,1.0,Computer,Tier 3,15.0,Debit Card,Male,3.0,4,Fashion,3,Single,3,No Complaint,16.0,2.0,2.0,3.0,212.26,Active,New (0-6 months),0
54205,0,4.0,Computer,Tier 1,7.0,Credit Card,Female,3.0,4,Laptop & Accessory,1,Single,3,No Complaint,24.0,2.0,4.0,8.0,165.11,Active,New (0-6 months),1
54206,1,5.0,Mobile Phone,Tier 1,19.0,Cash on Delivery,Female,3.0,4,Others,3,Married,3,No Complaint,15.0,2.0,16.0,9.0,320.45,Churned,New (0-6 months),0
54207,0,8.0,Computer,Tier 3,30.0,E wallet,Male,4.0,4,Laptop & Accessory,3,Single,2,No Complaint,21.0,1.0,9.0,8.0,170.68,Active,Mid (6-12 months),0
54208,0,11.0,Mobile Phone,Tier 1,26.0,Debit Card,Male,4.0,4,Mobile Phone,4,Married,6,No Complaint,22.0,1.0,2.0,1.0,155.22,Active,Mid (6-12 months),0
54209,0,20.0,Computer,Tier 3,12.0,E wallet,Male,4.0,4,Laptop & Accessory,1,Single,6,Complained,22.0,2.0,2.0,9.0,182.72,Active,Loyal (12+ months),3
54210,0,9.0,Phone,Tier 1,15.0,Debit Card,Male,3.0,2,Mobile Phone,1,Married,3,No Complaint,20.0,2.0,2.0,2.0,147.69,Active,Mid (6-12 months),1
54211,1,12.0,Mobile Phone,Tier 1,7.0,Debit Card,Male,4.0,5,Fashion,3,Single,11,Complained,14.0,1.0,2.0,1.0,178.81,Churned,Mid (6-12 months),2
54212,1,1.0,Mobile Phone,Tier 1,12.0,COD,Male,3.0,4,Mobile Phone,3,Single,3,Complained,14.0,1.0,3.0,3.0,159.41,Churned,New (0-6 months),2
54213,0,18.0,Mobile Phone,Tier 3,7.0,E wallet,Female,4.0,4,Laptop & Accessory,5,Married,7,Complained,22.0,2.0,2.0,4.0,179.54,Active,Loyal (12+ months),2
54214,0,9.0,Computer,Tier 1,18.0,Credit Card,Male,4.0,5,Fashion,5,Married,4,Complained,14.0,2.0,3.0,3.0,223.84,Active,Mid (6-12 months),2
54215,0,1.0,Mobile Phone,Tier 3,30.0,E wallet,Female,3.0,5,Laptop & Accessory,1,Married,9,Complained,20.0,1.0,2.0,1.0,166.57,Active,New (0-6 months),3
54216,0,7.0,Computer,Tier 1,30.0,Debit Card,Female,4.0,4,Fashion,1,Single,3,Complained,13.0,4.0,2.0,13.0,259.58,Active,Mid (6-12 months),3
54217,0,9.0,Computer,Tier 3,6.0,Debit Card,Male,4.0,4,Fashion,5,Married,3,No Complaint,23.0,1.0,2.0,3.0,215.69,Active,Mid (6-12 months),0
54218,0,9.0,Mobile Phone,Tier 1,30.0,Credit Card,Female,2.0,4,Mobile Phone,5,Married,5,Complained,16.0,1.0,3.0,3.0,165.14,Active,Mid (6-12 months),2
54219,0,5.0,Mobile Phone,Tier 1,14.0,Debit Card,Male,3.0,4,Laptop & Accessory,1,Married,5,No Complaint,23.0,1.0,2.0,8.0,184.15,Active,New (0-6 months),1
54220,0,11.0,Mobile Phone,Tier 1,7.0,Debit Card,Male,3.0,5,Laptop & Accessory,3,Married,3,No Complaint,19.0,1.0,2.0,8.0,184.93,Active,Mid (6-12 months),0
54221,0,6.0,Mobile Phone,Tier 1,7.0,Credit Card,Male,3.0,4,Laptop & Accessory,1,Married,3,Complained,23.0,6.0,8.0,9.0,186.62,Active,New (0-6 months),3
54222,0,12.0,Computer,Tier 1,36.0,Debit Card,Female,3.0,4,Laptop & Accessory,1,Single,3,No Complaint,12.0,7.0,10.0,10.0,149.06,Active,Mid (6-12 months),1
54223,0,24.0,Mobile Phone,Tier 1,14.0,Credit Card,Female,3.0,5,Others,3,Married,7,Complained,15.0,5.0,14.0,9.0,312.4,Active,Loyal (12+ months),2
54224,0,31.0,Mobile Phone,Tier 3,32.0,Debit Card,Female,5.0,4,Fashion,5,Single,9,No Complaint,12.0,7.0,8.0,10.0,201.37,Active,Loyal (12+ months),0
54225,0,10.0,Mobile Phone,Tier 1,15.0,Cash on Delivery,Female,3.0,4,Fashion,3,Married,3,No Complaint,14.0,8.0,13.0,3.0,225.96,Active,Mid (6-12 months),0
54226,0,29.0,Mobile Phone,Tier 1,15.0,Credit Card,Female,3.0,4,Grocery,3,Married,4,Complained,15.0,1.0,2.0,3.0,272.56,Active,Loyal (12+ months),2
54227,0,10.0,Computer,Tier 1,18.0,Debit Card,Male,4.0,5,Laptop & Accessory,4,Single,3,No Complaint,14.0,2.0,2.0,4.0,189.99,Active,Mid (6-12 months),0
54228,0,19.0,Mobile Phone,Tier 1,14.0,Debit Card,Male,3.0,4,Fashion,5,Married,4,No Complaint,18.0,1.0,2.0,3.0,222.24,Active,Loyal (12+ months),0
54229,0,9.0,Computer,Tier 1,7.0,Credit Card,Male,4.0,4,Mobile Phone,5,Married,6,No Complaint,14.0,1.0,2.0,3.0,146.94,Active,Mid (6-12 months),0
54230,1,1.0,Mobile Phone,Tier 1,16.0,Credit Card,Male,4.0,5,Mobile Phone,3,Married,2,Complained,18.0,2.0,2.0,1.0,158.88,Churned,New (0-6 months),2
54231,0,31.0,Computer,Tier 3,7.0,Debit Card,Female,3.0,5,Laptop & Accessory,3,Single,9,No Complaint,12.0,2.0,2.0,4.0,179.73,Active,Loyal (12+ months),0
54232,0,3.0,Mobile Phone,Tier 1,9.0,Debit Card,Male,4.0,4,Mobile Phone,4,Married,2,No Complaint,24.0,2.0,2.0,5.0,152.03,Active,New (0-6 months),0
54233,0,5.0,Mobile Phone,Tier 1,7.0,Credit Card,Male,3.0,4,Mobile Phone,4,Single,3,No Complaint,18.0,2.0,2.0,1.0,150.01,Active,New (0-6 months),0
54234,0,6.0,Mobile Phone,Tier 1,7.0,Debit Card,Male,4.0,4,Laptop & Accessory,4,Married,3,No Complaint,18.0,2.0,2.0,10.0,187.2,Active,New (0-6 months),0
54235,0,10.0,Mobile Phone,Tier 1,13.0,Debit Card,Female,3.0,2,Mobile Phone,1,Married,5,No Complaint,13.0,1.0,2.0,1.0,155.38,Active,Mid (6-12 months),1
54236,0,5.0,Mobile Phone,Tier 1,15.0,Debit Card,Female,4.0,4,Laptop & Accessory,1,Single,3,No Complaint,24.0,2.0,2.0,9.0,169.24,Active,New (0-6 months),1
54237,0,9.0,Mobile Phone,Tier 3,7.0,E wallet,Male,3.0,5,Laptop & Accessory,5,Single,2,No Complaint,15.0,2.0,3.0,9.0,168.12,Active,Mid (6-12 months),0
54238,0,19.0,Mobile Phone,Tier 1,13.0,UPI,Male,3.0,4,Fashion,5,Married,6,Complained,15.0,2.0,2.0,1.0,257.45,Active,Loyal (12+ months),2
54239,0,11.0,Mobile Phone,Tier 1,14.0,Credit Card,Male,2.0,4,Fashion,3,Single,6,No Complaint,14.0,1.0,2.0,3.0,261.64,Active,Mid (6-12 months),0
54240,0,20.0,Mobile Phone,Tier 2,12.0,Credit Card,Male,4.0,4,Laptop & Accessory,4,Married,3,Complained,23.0,2.0,2.0,3.0,175.21,Active,Loyal (12+ months),2
54241,0,4.0,Mobile Phone,Tier 1,7.0,Debit Card,Male,3.0,5,Laptop & Accessory,1,Married,3,Complained,13.0,2.0,4.0,1.0,176.26,Active,New (0-6 months),3
54242,0,9.0,Mobile Phone,Tier 1,7.0,Credit Card,Male,2.0,5,Mobile Phone,3,Single,3,No Complaint,19.0,2.0,2.0,5.0,153.59,Active,Mid (6-12 months),0
54243,0,29.0,Mobile Phone,Tier 3,7.0,Debit Card,Male,4.0,4,Fashion,1,Married,5,No Complaint,15.0,1.0,2.0,3.0,227.39,Active,Loyal (12+ months),1
54244,0,12.0,Computer,Tier 1,13.0,Credit Card,Female,4.0,6,Laptop & Accessory,1,Married,9,Complained,13.0,1.0,2.0,10.0,178.29,Active,Mid (6-12 months),3
54245,0,8.0,Mobile Phone,Tier 1,7.0,Credit Card,Male,4.0,4,Laptop & Accessory,4,Married,3,No Complaint,16.0,2.0,2.0,4.0,168.25,Active,Mid (6-12 months),0
54246,0,30.0,Mobile Phone,Tier 1,14.0,Debit Card,Male,3.0,6,Fashion,1,Single,6,No Complaint,12.0,1.0,2.0,3.0,197.6,Active,Loyal (12+ months),1
54247,0,1.0,Phone,Tier 3,9.0,COD,Male,4.0,4,Mobile Phone,5,Married,5,No Complaint,14.0,2.0,2.0,1.0,148.22,Active,New (0-6 months),0
54248,0,25.0,Phone,Tier 1,16.0,Debit Card,Male,4.0,4,Mobile Phone,1,Married,5,No Complaint,24.0,2.0,2.0,4.0,145.75,Active,Loyal (12+ months),1
54249,0,4.0,Mobile Phone,Tier 1,9.0,Debit Card,Male,5.0,5,Laptop & Accessory,1,Married,3,No Complaint,20.0,4.0,11.0,9.0,166.52,Active,New (0-6 months),1
54250,1,10.0,Mobile Phone,Tier 3,16.0,Credit Card,Male,4.0,5,Fashion,1,Single,3,No Complaint,17.0,4.0,5.0,3.0,221.19,Churned,Mid (6-12 months),1
54251,0,14.0,Computer,Tier 1,7.0,Debit Card,Male,4.0,5,Grocery,4,Married,3,No Complaint,23.0,6.0,2.0,12.0,260.03,Active,Loyal (12+ months),0
54252,0,25.0,Mobile Phone,Tier 3,28.0,E wallet,Male,4.0,4,Laptop & Accessory,1,Single,2,Complained,23.0,1.0,2.0,1.0,179.41,Active,Loyal (12+ months),3
54253,0,4.0,Mobile Phone,Tier 3,11.0,Credit Card,Female,4.0,5,Laptop & Accessory,4,Married,3,Complained,13.0,3.0,3.0,8.0,177.09,Active,New (0-6 months),2
54254,0,20.0,Computer,Tier 1,7.0,Credit Card,Male,3.0,5,Fashion,5,Married,4,Complained,14.0,5.0,2.0,6.0,231.73,Active,Loyal (12+ months),2
54255,0,6.0,Mobile Phone,Tier 3,13.0,Credit Card,Male,3.0,4,Laptop & Accessory,3,Single,3,No Complaint,17.0,6.0,6.0,8.0,175.1,Active,New (0-6 months),0
54256,0,28.0,Mobile Phone,Tier 1,9.0,Cash on Delivery,Female,3.0,4,Fashion,3,Married,11,No Complaint,13.0,1.0,2.0,4.0,260.49,Active,Loyal (12+ months),0
54257,0,1.0,Mobile Phone,Tier 3,10.0,UPI,Female,3.0,4,Laptop & Accessory,3,Married,2,No Complaint,22.0,1.0,2.0,3.0,174.99,Active,New (0-6 months),0
54258,0,2.0,Computer,Tier 3,11.0,Credit Card,Male,3.0,4,Laptop & Accessory,3,Married,3,No Complaint,16.0,1.0,2.0,5.0,167.21,Active,New (0-6 months),0
54259,0,31.0,Mobile Phone,Tier 3,17.0,Credit Card,Male,3.0,4,Grocery,3,Single,2,No Complaint,14.0,1.0,2.0,9.0,263.72,Active,Loyal (12+ months),0
54260,0,18.0,Computer,Tier 1,30.0,Credit Card,Male,4.0,4,Laptop & Accessory,4,Married,6,No Complaint,13.0,1.0,2.0,3.0,145.42,Active,Loyal (12+ months),0
54261,1,1.0,Phone,Tier 2,13.0,UPI,Male,4.0,4,Mobile Phone,5,Married,6,Complained,23.0,1.0,2.0,3.0,145.73,Churned,New (0-6 months),2
54262,0,6.0,Mobile Phone,Tier 1,7.0,Debit Card,Male,4.0,4,Mobile Phone,5,Single,3,No Complaint,14.0,1.0,2.0,1.0,154.56,Active,New (0-6 months),0
54263,1,1.0,Computer,Tier 1,13.0,Debit Card,Female,4.0,5,Mobile Phone,1,Single,3,Complained,19.0,1.0,2.0,1.0,154.26,Churned,New (0-6 months),3
54264,0,8.0,Mobile Phone,Tier 1,13.0,UPI,Female,3.0,4,Laptop & Accessory,3,Single,3,No Complaint,15.0,1.0,3.0,11.0,173.09,Active,Mid (6-12 months),0
54265,0,11.0,Computer,Tier 1,9.0,Debit Card,Male,4.0,5,Laptop & Accessory,1,Married,7,No Complaint,15.0,2.0,2.0,1.0,176.63,Active,Mid (6-12 months),1
54266,0,31.0,Computer,Tier 2,9.0,UPI,Female,3.0,5,Others,1,Married,11,No Complaint,15.0,1.0,3.0,3.0,313.44,Active,Loyal (12+ months),1
54267,0,24.0,Computer,Tier 1,7.0,Debit Card,Female,4.0,4,Others,4,Married,5,Complained,15.0,1.0,2.0,8.0,306.72,Active,Loyal (12+ months),2
54268,1,1.0,Mobile Phone,Tier 3,12.0,E wallet,Male,3.0,5,Laptop & Accessory,3,Single,3,Complained,12.0,1.0,2.0,4.0,182.44,Churned,New (0-6 months),2
54269,0,1.0,Mobile Phone,Tier 1,14.0,Credit Card,Male,4.0,5,Mobile Phone,1,Married,3,No Complaint,12.0,1.0,3.0,2.0,153.89,Active,New (0-6 months),1
54270,0,1.0,Mobile Phone,Tier 1,22.0,Credit Card,Female,3.0,4,Mobile Phone,1,Single,3,No Complaint,16.0,2.0,2.0,1.0,153.71,Active,New (0-6 months),1
54271,0,25.0,Computer,Tier 1,7.0,Credit Card,Female,2.0,5,Fashion,5,Single,5,No Complaint,21.0,5.0,13.0,9.0,199.84,Active,Loyal (12+ months),0
54272,1,1.0,Computer,Tier 1,14.0,Debit Card,Male,4.0,6,Laptop & Accessory,3,Single,3,Complained,25.0,2.0,2.0,7.0,185.74,Churned,New (0-6 months),2
54273,0,28.0,Computer,Tier 2,33.0,UPI,Female,2.0,2,Grocery,1,Single,4,Complained,15.0,3.0,5.0,5.0,298.28,Active,Loyal (12+ months),3
54274,0,1.0,Mobile Phone,Tier 1,25.0,Debit Card,Male,3.0,4,Mobile Phone,3,Married,2,No Complaint,13.0,1.0,2.0,3.0,152.74,Active,New (0-6 months),0
54275,0,8.0,Mobile Phone,Tier 1,13.0,Debit Card,Female,3.0,5,Laptop & Accessory,4,Married,8,No Complaint,16.0,2.0,2.0,1.0,170.05,Active,Mid (6-12 months),0
54276,0,11.0,Mobile Phone,Tier 3,10.0,Debit Card,Male,3.0,4,Fashion,1,Single,4,No Complaint,13.0,1.0,2.0,4.0,199.28,Active,Mid (6-12 months),1
54277,0,8.0,Mobile Phone,Tier 1,12.0,Credit Card,Female,3.0,5,Fashion,5,Single,4,No Complaint,13.0,3.0,2.0,9.0,241.31,Active,Mid (6-12 months),0
54278,0,10.0,Computer,Tier 3,18.0,Cash on Delivery,Female,4.0,4,Fashion,1,Married,2,No Complaint,15.0,1.0,3.0,3.0,222.38,Active,Mid (6-12 months),1
54279,0,10.0,Mobile Phone,Tier 1,10.0,Debit Card,Female,3.0,4,Mobile Phone,1,Married,7,No Complaint,23.0,1.0,2.0,1.0,153.35,Active,Mid (6-12 months),1
54280,0,17.0,Computer,Tier 3,33.0,Debit Card,Male,4.0,4,Grocery,1,Married,3,Complained,15.0,2.0,5.0,13.0,294.59,Active,Loyal (12+ months),3
54281,0,4.0,Computer,Tier 1,30.0,Debit Card,Male,4.0,6,Mobile Phone,3,Married,3,No Complaint,26.0,1.0,2.0,10.0,151.13,Active,New (0-6 months),0
54282,0,7.0,Computer,Tier 3,29.0,E wallet,Male,4.0,4,Laptop & Accessory,4,Married,2,No Complaint,14.0,1.0,2.0,8.0,186.46,Active,Mid (6-12 months),0
54283,1,20.0,Mobile Phone,Tier 1,21.0,Debit Card,Female,4.0,4,Mobile Phone,4,Married,11,Complained,19.0,4.0,5.0,4.0,174.63,Churned,Loyal (12+ months),2
54284,0,25.0,Mobile Phone,Tier 1,13.0,Debit Card,Male,3.0,4,Others,3,Single,9,No Complaint,15.0,9.0,16.0,16.0,320.37,Active,Loyal (12+ months),0
54285,1,1.0,Mobile Phone,Tier 3,13.0,Debit Card,Male,4.0,6,Laptop & Accessory,3,Married,6,Complained,19.0,1.0,8.0,8.0,186.72,Churned,New (0-6 months),2
54286,0,1.0,Phone,Tier 1,13.0,UPI,Female,3.0,5,Mobile Phone,4,Married,3,No Complaint,20.0,3.0,5.0,4.0,148.68,Active,New (0-6 months),0
54287,1,21.0,Mobile Phone,Tier 1,30.0,Credit Card,Female,4.0,4,Fashion,1,Married,3,No Complaint,13.0,8.0,16.0,3.0,228.12,Churned,Loyal (12+ months),1
54288,1,1.0,Phone,Tier 3,29.0,E wallet,Male,3.0,4,Mobile Phone,3,Single,3,Complained,20.0,2.0,2.0,1.0,141.75,Churned,New (0-6 months),2
54289,0,1.0,Mobile Phone,Tier 1,9.0,COD,Male,4.0,4,Mobile Phone,1,Married,2,No Complaint,15.0,3.0,3.0,2.0,150.23,Active,New (0-6 months),1
54290,0,23.0,Mobile Phone,Tier 1,27.0,Credit Card,Female,4.0,4,Laptop & Accessory,5,Married,3,No Complaint,15.0,6.0,6.0,12.0,190.67,Active,Loyal (12+ months),0
54291,0,17.0,Computer,Tier 1,35.0,Credit Card,Female,4.0,2,Mobile Phone,3,Single,6,No Complaint,13.0,1.0,2.0,3.0,172.39,Active,Loyal (12+ months),0
54292,0,24.0,Computer,Tier 3,19.0,E wallet,Female,4.0,4,Fashion,1,Single,6,No Complaint,12.0,2.0,3.0,3.0,217.08,Active,Loyal (12+ months),1
54293,1,1.0,Mobile Phone,Tier 3,27.0,Debit Card,Female,4.0,6,Laptop & Accessory,3,Married,5,Complained,12.0,1.0,3.0,3.0,170.59,Churned,New (0-6 months),2
54294,0,15.0,Mobile Phone,Tier 3,16.0,Debit Card,Male,4.0,4,Fashion,3,Married,5,Complained,14.0,1.0,2.0,8.0,206.89,Active,Loyal (12+ months),2
54295,0,1.0,Mobile Phone,Tier 2,32.0,Debit Card,Female,4.0,4,Mobile Phone,3,Married,3,No Complaint,24.0,3.0,6.0,8.0,154.42,Active,New (0-6 months),0
54296,0,10.0,Mobile Phone,Tier 1,13.0,Credit Card,Male,3.0,4,Laptop & Accessory,4,Married,8,No Complaint,21.0,1.0,2.0,2.0,174.41,Active,Mid (6-12 months),0
54297,1,15.0,Computer,Tier 1,15.0,Debit Card,Male,3.0,6,Fashion,1,Single,4,No Complaint,16.0,2.0,2.0,4.0,231.5,Churned,Loyal (12+ months),1
54298,0,13.0,Mobile Phone,Tier 3,11.0,Debit Card,Female,3.0,5,Laptop & Accessory,3,Married,6,No Complaint,15.0,6.0,6.0,10.0,184.02,Active,Loyal (12+ months),0
54299,0,1.0,Mobile Phone,Tier 3,35.0,Debit Card,Male,3.0,5,Laptop & Accessory,3,Married,4,No Complaint,19.0,2.0,3.0,3.0,211.39,Active,New (0-6 months),0
54300,0,4.0,Mobile Phone,Tier 2,16.0,UPI,Male,3.0,4,Laptop & Accessory,1,Married,2,Complained,20.0,5.0,5.0,8.0,188.47,Active,New (0-6 months),3
54301,1,1.0,Mobile Phone,Tier 1,16.0,Credit Card,Female,3.0,4,Mobile Phone,5,Single,9,No Complaint,23.0,2.0,2.0,5.0,167.0,Churned,New (0-6 months),0
54302,0,19.0,Mobile Phone,Tier 1,36.0,Credit Card,Male,3.0,4,Mobile Phone,1,Single,7,No Complaint,14.0,2.0,2.0,4.0,159.52,Active,Loyal (12+ months),1
54303,0,12.0,Mobile Phone,Tier 1,10.0,COD,Female,3.0,4,Laptop & Accessory,3,Single,5,Complained,21.0,3.0,3.0,3.0,168.17,Active,Mid (6-12 months),2
54304,0,4.0,Mobile Phone,Tier 1,25.0,Debit Card,Female,4.0,4,Mobile Phone,3,Single,3,No Complaint,15.0,2.0,2.0,5.0,151.32,Active,New (0-6 months),0
54305,0,6.0,Computer,Tier 3,16.0,Credit Card,Male,3.0,6,Laptop & Accessory,1,Married,2,No Complaint,18.0,1.0,2.0,8.0,171.68,Active,New (0-6 months),1
54306,0,4.0,Mobile Phone,Tier 1,12.0,COD,Female,3.0,4,Mobile Phone,5,Married,7,No Complaint,15.0,1.0,3.0,31.0,157.04,Active,New (0-6 months),1
54307,0,4.0,Mobile Phone,Tier 1,9.0,Credit Card,Male,3.0,5,Mobile Phone,1,Single,2,No Complaint,14.0,1.0,2.0,3.0,152.2,Active,New (0-6 months),1
54308,0,15.0,Computer,Tier 1,17.0,Debit Card,Male,4.0,5,Grocery,5,Married,6,No Complaint,15.0,3.0,8.0,8.0,296.81,Active,Loyal (12+ months),0
54309,0,15.0,Phone,Tier 1,16.0,Debit Card,Male,4.0,4,Mobile Phone,5,Married,4,No Complaint,22.0,1.0,2.0,5.0,147.38,Active,Loyal (12+ months),0
54310,0,1.0,Phone,Tier 1,10.0,Credit Card,Female,4.0,4,Mobile Phone,4,Single,3,No Complaint,15.0,2.0,2.0,1.0,139.83,Active,New (0-6 months),0
54311,0,14.0,Computer,Tier 1,33.0,Credit Card,Female,3.0,4,Laptop & Accessory,4,Married,3,No Complaint,12.0,1.0,3.0,14.0,181.05,Active,Loyal (12+ months),0
54312,0,9.0,Mobile Phone,Tier 3,7.0,E wallet,Male,4.0,4,Fashion,4,Married,3,No Complaint,14.0,1.0,2.0,7.0,197.95,Active,Mid (6-12 months),0
54313,0,27.0,Phone,Tier 3,13.0,E wallet,Male,3.0,4,Laptop & Accessory,3,Married,4,Complained,21.0,1.0,5.0,6.0,148.06,Active,Loyal (12+ months),2
54314,0,19.0,Phone,Tier 1,16.0,Debit Card,Male,3.0,4,Laptop & Accessory,4,Married,10,No Complaint,19.0,2.0,2.0,16.0,148.48,Active,Loyal (12+ months),0
54315,0,6.0,Computer,Tier 3,15.0,E wallet,Female,3.0,4,Fashion,1,Single,3,No Complaint,15.0,3.0,4.0,3.0,214.98,Active,New (0-6 months),1
54316,0,3.0,Computer,Tier 1,7.0,COD,Male,3.0,4,Laptop & Accessory,3,Married,3,No Complaint,14.0,1.0,2.0,10.0,168.19,Active,New (0-6 months),0
54317,0,25.0,Mobile Phone,Tier 1,14.0,Credit Card,Male,3.0,5,Laptop & Accessory,3,Married,4,No Complaint,18.0,2.0,2.0,1.0,186.32,Active,Loyal (12+ months),0
54318,0,31.0,Mobile Phone,Tier 1,16.0,Credit Card,Female,4.0,5,Mobile Phone,4,Married,6,Complained,21.0,2.0,2.0,1.0,158.46,Active,Loyal (12+ months),2
54319,0,14.0,Mobile Phone,Tier 3,11.0,E wallet,Male,4.0,5,Fashion,1,Married,9,No Complaint,12.0,2.0,2.0,12.0,233.55,Active,Loyal (12+ months),1
54320,0,8.0,Computer,Tier 3,9.0,E wallet,Female,4.0,4,Mobile Phone,3,Married,8,No Complaint,19.0,1.0,2.0,3.0,147.31,Active,Mid (6-12 months),0
54321,0,1.0,Phone,Tier 1,26.0,Credit Card,Male,4.0,4,Mobile Phone,1,Married,3,No Complaint,25.0,3.0,3.0,3.0,148.23,Active,New (0-6 months),1
54322,0,1.0,Computer,Tier 1,16.0,Credit Card,Male,3.0,4,Mobile Phone,4,Married,8,No Complaint,19.0,3.0,3.0,3.0,145.24,Active,New (0-6 months),0
54323,0,2.0,Mobile Phone,Tier 1,28.0,Credit Card,Male,3.0,4,Mobile Phone,1,Married,3,No Complaint,12.0,1.0,2.0,3.0,152.13,Active,New (0-6 months),1
54324,0,31.0,Mobile Phone,Tier 1,31.0,Debit Card,Male,3.0,2,Fashion,1,Married,5,Complained,17.0,2.0,2.0,3.0,219.39,Active,Loyal (12+ months),3
54325,0,1.0,Computer,Tier 1,10.0,Credit Card,Male,4.0,5,Mobile Phone,3,Married,3,Complained,16.0,1.0,2.0,2.0,150.66,Active,New (0-6 months),2
54326,0,24.0,Mobile Phone,Tier 1,18.0,Debit Card,Female,3.0,4,Others,4,Single,5,No Complaint,16.0,1.0,5.0,5.0,324.26,Active,Loyal (12+ months),0
54327,0,15.0,Mobile Phone,Tier 1,21.0,Debit Card,Male,3.0,4,Mobile Phone,3,Married,6,No Complaint,13.0,2.0,2.0,9.0,149.51,Active,Loyal (12+ months),0
54328,0,4.0,Mobile Phone,Tier 3,12.0,Debit Card,Female,3.0,4,Fashion,1,Married,4,No Complaint,13.0,2.0,8.0,3.0,219.19,Active,New (0-6 months),1
54329,0,12.0,Mobile Phone,Tier 3,7.0,Debit Card,Female,3.0,5,Laptop & Accessory,1,Single,6,No Complaint,23.0,1.0,2.0,3.0,211.86,Active,Mid (6-12 months),1
54330,0,6.0,Mobile Phone,Tier 1,13.0,Debit Card,Male,3.0,4,Mobile Phone,3,Single,5,No Complaint,21.0,1.0,2.0,5.0,155.38,Active,New (0-6 months),0
54331,0,1.0,Mobile Phone,Tier 1,24.0,COD,Male,3.0,4,Mobile Phone,4,Married,2,Complained,17.0,1.0,2.0,2.0,155.58,Active,New (0-6 months),2
54332,1,1.0,Computer,Tier 3,7.0,COD,Female,4.0,6,Mobile Phone,5,Single,2,No Complaint,22.0,2.0,2.0,1.0,148.25,Churned,New (0-6 months),0
54333,0,10.0,Computer,Tier 1,10.0,Credit Card,Male,2.0,4,Mobile Phone,4,Single,6,No Complaint,13.0,3.0,8.0,3.0,145.88,Active,Mid (6-12 months),0
54334,0,4.0,Computer,Tier 1,16.0,Credit Card,Male,4.0,4,Laptop & Accessory,5,Married,3,No Complaint,12.0,6.0,7.0,11.0,155.72,Active,New (0-6 months),0
54335,0,19.0,Mobile Phone,Tier 3,11.0,Debit Card,Female,2.0,4,Laptop & Accessory,5,Married,6,Complained,12.0,1.0,2.0,4.0,175.06,Active,Loyal (12+ months),2
54336,0,30.0,Mobile Phone,Tier 1,15.0,Debit Card,Female,4.0,4,Mobile Phone,5,Married,6,Complained,19.0,3.0,3.0,3.0,167.57,Active,Loyal (12+ months),2
54337,0,7.0,Mobile Phone,Tier 1,9.0,Debit Card,Male,3.0,4,Mobile Phone,1,Single,2,No Complaint,15.0,2.0,2.0,3.0,150.0,Active,Mid (6-12 months),1
54338,1,1.0,Phone,Tier 1,9.0,Debit Card,Male,3.0,5,Mobile Phone,1,Single,3,No Complaint,23.0,2.0,2.0,1.0,136.02,Churned,New (0-6 months),1
54339,0,20.0,Mobile Phone,Tier 3,7.0,E wallet,Female,4.0,4,Fashion,5,Married,3,No Complaint,26.0,9.0,16.0,3.0,229.53,Active,Loyal (12+ months),0
54340,0,12.0,Phone,Tier 1,16.0,Debit Card,Female,4.0,4,Mobile Phone,1,Single,3,No Complaint,13.0,2.0,3.0,2.0,147.88,Active,Mid (6-12 months),1
54341,0,5.0,Mobile Phone,Tier 1,19.0,Credit Card,Female,4.0,4,Mobile Phone,1,Married,10,Complained,24.0,2.0,2.0,3.0,164.29,Active,New (0-6 months),3
54342,0,8.0,Phone,Tier 1,34.0,Credit Card,Female,4.0,4,Mobile Phone,4,Single,4,No Complaint,16.0,1.0,2.0,3.0,148.11,Active,Mid (6-12 months),0
54343,1,5.0,Mobile Phone,Tier 3,27.0,E wallet,Female,4.0,4,Mobile Phone,4,Single,3,Complained,23.0,1.0,2.0,3.0,156.4,Churned,New (0-6 months),2
54344,0,24.0,Mobile Phone,Tier 1,7.0,Credit Card,Male,3.0,5,Mobile Phone,3,Married,4,No Complaint,16.0,2.0,2.0,3.0,161.9,Active,Loyal (12+ months),0
54345,0,27.0,Mobile Phone,Tier 1,20.0,Credit Card,Female,3.0,2,Laptop & Accessory,5,Married,3,No Complaint,12.0,2.0,2.0,4.0,169.5,Active,Loyal (12+ months),0
54346,0,7.0,Mobile Phone,Tier 1,21.0,Credit Card,Female,4.0,4,Mobile Phone,4,Married,3,No Complaint,14.0,2.0,2.0,7.0,152.56,Active,Mid (6-12 months),0
54347,0,14.0,Mobile Phone,Tier 1,11.0,Credit Card,Female,3.0,4,Others,3,Married,3,No Complaint,15.0,2.0,10.0,10.0,315.33,Active,Loyal (12+ months),0
54348,0,29.0,Mobile Phone,Tier 1,21.0,Credit Card,Male,4.0,2,Others,4,Single,10,No Complaint,15.0,3.0,3.0,16.0,312.22,Active,Loyal (12+ months),0
54349,0,8.0,Computer,Tier 1,9.0,Debit Card,Male,3.0,5,Laptop & Accessory,3,Married,3,No Complaint,18.0,1.0,2.0,3.0,220.47,Active,Mid (6-12 months),0
54350,0,25.0,Mobile Phone,Tier 1,10.0,Credit Card,Female,4.0,4,Grocery,4,Single,5,No Complaint,19.0,1.0,2.0,1.0,262.34,Active,Loyal (12+ months),0
54351,0,26.0,Mobile Phone,Tier 1,7.0,Debit Card,Male,4.0,5,Others,3,Married,2,No Complaint,15.0,8.0,12.0,10.0,324.99,Active,Loyal (12+ months),0
54352,0,1.0,Phone,Tier 1,16.0,Credit Card,Female,5.0,4,Mobile Phone,4,Single,3,No Complaint,17.0,1.0,2.0,4.0,147.79,Active,New (0-6 months),0
54353,1,1.0,Mobile Phone,Tier 1,30.0,Debit Card,Male,3.0,5,Laptop & Accessory,3,Married,5,Complained,14.0,2.0,2.0,2.0,184.16,Churned,New (0-6 months),2
54354,0,17.0,Computer,Tier 1,14.0,Credit Card,Male,3.0,2,Mobile Phone,1,Married,6,No Complaint,15.0,2.0,3.0,3.0,145.89,Active,Loyal (12+ months),1
54355,0,19.0,Computer,Tier 1,9.0,Credit Card,Male,4.0,5,Grocery,1,Married,11,No Complaint,15.0,2.0,12.0,9.0,292.92,Active,Loyal (12+ months),1
54356,0,11.0,Mobile Phone,Tier 1,28.0,Debit Card,Male,4.0,2,Mobile Phone,5,Married,3,Complained,13.0,2.0,2.0,8.0,160.64,Active,Mid (6-12 months),2
54357,0,9.0,Computer,Tier 1,9.0,Credit Card,Female,3.0,4,Laptop & Accessory,4,Single,7,No Complaint,12.0,1.0,2.0,3.0,169.25,Active,Mid (6-12 months),0
54358,0,16.0,Computer,Tier 1,28.0,Credit Card,Female,3.0,4,Laptop & Accessory,3,Married,4,No Complaint,17.0,1.0,2.0,3.0,177.65,Active,Loyal (12+ months),0
54359,0,12.0,Mobile Phone,Tier 1,9.0,Debit Card,Male,3.0,4,Laptop & Accessory,3,Married,11,No Complaint,15.0,2.0,2.0,1.0,190.53,Active,Mid (6-12 months),0
54360,0,12.0,Mobile Phone,Tier 1,36.0,COD,Male,3.0,4,Laptop & Accessory,1,Married,5,No Complaint,19.0,1.0,2.0,8.0,187.61,Active,Mid (6-12 months),1
54361,0,1.0,Computer,Tier 1,7.0,COD,Male,3.0,5,Laptop & Accessory,5,Married,7,No Complaint,20.0,3.0,3.0,1.0,167.98,Active,New (0-6 months),0
54362,0,23.0,Computer,Tier 1,25.0,Debit Card,Male,4.0,4,Laptop & Accessory,1,Married,3,Complained,16.0,1.0,2.0,8.0,193.04,Active,Loyal (12+ months),3
54363,0,8.0,Computer,Tier 1,17.0,Credit Card,Male,3.0,4,Mobile Phone,3,Married,3,Complained,18.0,3.0,3.0,1.0,163.15,Active,Mid (6-12 months),2
54364,0,14.0,Mobile Phone,Tier 1,26.0,Credit Card,Male,2.0,4,Laptop & Accessory,1,Married,10,Complained,16.0,4.0,4.0,8.0,152.41,Active,Loyal (12+ months),3
54365,1,2.0,Mobile Phone,Tier 1,36.0,Credit Card,Male,4.0,4,Laptop & Accessory,5,Married,9,Complained,20.0,2.0,2.0,1.0,191.73,Churned,New (0-6 months),2
54366,1,1.0,Mobile Phone,Tier 3,34.0,E wallet,Female,3.0,4,Fashion,1,Married,3,No Complaint,23.0,1.0,2.0,10.0,201.39,Churned,New (0-6 months),1
54367,0,1.0,Phone,Tier 1,12.0,Debit Card,Male,3.0,2,Mobile Phone,4,Married,3,Complained,17.0,3.0,3.0,3.0,148.28,Active,New (0-6 months),2
54368,0,10.0,Computer,Tier 1,25.0,Credit Card,Female,4.0,4,Mobile Phone,1,Single,3,No Complaint,14.0,1.0,2.0,8.0,146.53,Active,Mid (6-12 months),1
54369,0,14.0,Computer,Tier 1,16.0,Debit Card,Male,4.0,5,Laptop & Accessory,1,Married,11,No Complaint,15.0,1.0,2.0,3.0,173.76,Active,Loyal (12+ months),1
54370,0,20.0,Mobile Phone,Tier 1,7.0,Credit Card,Male,4.0,4,Fashion,5,Married,9,No Complaint,17.0,1.0,2.0,3.0,218.96,Active,Loyal (12+ months),0
54371,1,1.0,Mobile Phone,Tier 3,11.0,Credit Card,Male,3.0,6,Fashion,1,Married,3,No Complaint,12.0,7.0,10.0,3.0,229.0,Churned,New (0-6 months),1
54372,0,4.0,Computer,Tier 1,7.0,Debit Card,Male,3.0,5,Fashion,3,Single,3,No Complaint,23.0,5.0,6.0,3.0,209.74,Active,New (0-6 months),0
54373,0,1.0,Computer,Tier 3,27.0,Debit Card,Female,3.0,4,Laptop & Accessory,3,Single,3,No Complaint,15.0,2.0,2.0,3.0,224.81,Active,New (0-6 months),0
54374,0,25.0,Mobile Phone,Tier 1,15.0,Debit Card,Male,3.0,5,Fashion,4,Married,7,No Complaint,17.0,3.0,2.0,8.0,249.9,Active,Loyal (12+ months),0
54375,1,1.0,Mobile Phone,Tier 1,10.0,COD,Female,3.0,4,Mobile Phone,5,Single,7,Complained,12.0,1.0,2.0,5.0,151.57,Churned,New (0-6 months),2
54376,0,15.0,Mobile Phone,Tier 3,13.0,Debit Card,Female,4.0,4,Fashion,1,Single,5,Complained,19.0,1.0,2.0,1.0,260.91,Active,Loyal (12+ months),3
54377,1,1.0,Computer,Tier 3,33.0,E wallet,Female,3.0,5,Laptop & Accessory,5,Single,7,No Complaint,16.0,2.0,2.0,2.0,191.96,Churned,New (0-6 months),0
54378,1,1.0,Phone,Tier 1,7.0,COD,Male,3.0,4,Mobile Phone,3,Single,2,No Complaint,15.0,1.0,2.0,6.0,145.58,Churned,New (0-6 months),0
54379,0,19.0,Computer,Tier 3,13.0,Credit Card,Female,3.0,5,Fashion,1,Single,8,No Complaint,13.0,6.0,13.0,3.0,213.65,Active,Loyal (12+ months),1
54380,0,28.0,Mobile Phone,Tier 3,10.0,E wallet,Female,3.0,4,Laptop & Accessory,5,Married,4,No Complaint,15.0,2.0,2.0,6.0,184.4,Active,Loyal (12+ months),0
54381,0,10.0,Mobile Phone,Tier 1,12.0,Debit Card,Male,4.0,4,Laptop & Accessory,4,Single,10,No Complaint,17.0,3.0,4.0,8.0,184.14,Active,Mid (6-12 months),0
54382,0,7.0,Mobile Phone,Tier 1,11.0,Credit Card,Female,3.0,5,Mobile Phone,4,Married,8,No Complaint,22.0,1.0,2.0,2.0,151.22,Active,Mid (6-12 months),0
54383,0,11.0,Computer,Tier 1,18.0,UPI,Male,3.0,4,Fashion,1,Married,3,Complained,15.0,2.0,2.0,8.0,246.85,Active,Mid (6-12 months),3
54384,0,12.0,Mobile Phone,Tier 3,10.0,Debit Card,Male,4.0,4,Fashion,3,Married,2,No Complaint,13.0,2.0,6.0,3.0,231.09,Active,Mid (6-12 months),0
54385,0,5.0,Computer,Tier 1,7.0,Credit Card,Male,3.0,6,Laptop & Accessory,3,Married,2,No Complaint,13.0,1.0,2.0,5.0,168.45,Active,New (0-6 months),0
54386,0,31.0,Phone,Tier 1,10.0,Debit Card,Male,4.0,5,Mobile Phone,1,Married,5,No Complaint,18.0,1.0,2.0,1.0,146.77,Active,Loyal (12+ months),1
54387,0,11.0,Computer,Tier 3,11.0,E wallet,Male,3.0,4,Mobile Phone,1,Married,6,No Complaint,18.0,4.0,6.0,9.0,152.93,Active,Mid (6-12 months),1
54388,0,3.0,Computer,Tier 3,7.0,Credit Card,Female,3.0,4,Fashion,1,Married,3,No Complaint,15.0,5.0,5.0,2.0,204.18,Active,New (0-6 months),1
54389,0,9.0,Computer,Tier 3,7.0,E wallet,Female,4.0,4,Fashion,3,Single,3,No Complaint,15.0,2.0,2.0,3.0,212.89,Active,Mid (6-12 months),0
54390,1,1.0,Phone,Tier 1,25.0,Credit Card,Male,3.0,5,Mobile Phone,1,Single,3,Complained,14.0,1.0,2.0,2.0,148.89,Churned,New (0-6 months),3
54391,0,26.0,Mobile Phone,Tier 1,9.0,Debit Card,Female,3.0,5,Mobile Phone,1,Single,9,No Complaint,16.0,3.0,3.0,3.0,157.12,Active,Loyal (12+ months),1
54392,0,16.0,Mobile Phone,Tier 1,11.0,Cash on Delivery,Male,3.0,4,Others,1,Married,3,No Complaint,15.0,1.0,12.0,16.0,317.32,Active,Loyal (12+ months),1
54393,0,31.0,Phone,Tier 2,13.0,Credit Card,Male,3.0,4,Mobile Phone,3,Married,10,No Complaint,18.0,1.0,3.0,3.0,147.67,Active,Loyal (12+ months),0
54394,0,24.0,Mobile Phone,Tier 3,7.0,Credit Card,Female,4.0,4,Others,1,Married,5,No Complaint,15.0,2.0,2.0,7.0,320.17,Active,Loyal (12+ months),1
54395,1,1.0,Phone,Tier 1,21.0,Credit Card,Male,3.0,4,Mobile Phone,1,Married,7,Complained,14.0,2.0,2.0,5.0,149.36,Churned,New (0-6 months),3
54396,0,17.0,Mobile Phone,Tier 3,23.0,E wallet,Female,4.0,4,Grocery,1,Married,7,Complained,23.0,1.0,2.0,10.0,285.64,Active,Loyal (12+ months),3
54397,1,1.0,Mobile Phone,Tier 1,9.0,Debit Card,Female,3.0,4,Mobile Phone,5,Married,9,No Complaint,21.0,2.0,2.0,8.0,152.07,Churned,New (0-6 months),0
54398,0,26.0,Computer,Tier 3,9.0,Debit Card,Male,4.0,5,Others,3,Single,3,Complained,15.0,2.0,16.0,13.0,315.68,Active,Loyal (12+ months),2
54399,0,6.0,Mobile Phone,Tier 3,11.0,Debit Card,Female,3.0,4,Mobile Phone,4,Married,4,No Complaint,12.0,2.0,2.0,3.0,164.31,Active,New (0-6 months),0
54400,1,1.0,Mobile Phone,Tier 1,7.0,Debit Card,Male,4.0,5,Mobile Phone,3,Single,2,Complained,15.0,1.0,2.0,3.0,162.3,Churned,New (0-6 months),2
54401,0,13.0,Phone,Tier 1,7.0,Credit Card,Female,4.0,4,Mobile Phone,3,Married,9,No Complaint,15.0,2.0,2.0,3.0,147.32,Active,Loyal (12+ months),0
54402,0,6.0,Computer,Tier 3,33.0,E wallet,Male,4.0,4,Laptop & Accessory,1,Married,2,No Complaint,19.0,3.0,3.0,3.0,169.65,Active,New (0-6 months),1
54403,0,15.0,Mobile Phone,Tier 1,26.0,Debit Card,Male,3.0,4,Laptop & Accessory,5,Married,4,No Complaint,17.0,1.0,2.0,1.0,155.72,Active,Loyal (12+ months),0
54404,0,14.0,Mobile Phone,Tier 1,31.0,COD,Male,4.0,4,Laptop & Accessory,1,Married,3,No Complaint,18.0,3.0,5.0,8.0,158.19,Active,Loyal (12+ months),1
54405,0,19.0,Mobile Phone,Tier 1,7.0,UPI,Male,4.0,2,Others,1,Married,2,No Complaint,15.0,2.0,2.0,8.0,317.02,Active,Loyal (12+ months),1
54406,0,5.0,Computer,Tier 1,10.0,Credit Card,Male,4.0,4,Fashion,3,Married,11,No Complaint,13.0,1.0,3.0,3.0,261.75,Active,New (0-6 months),0
54407,0,7.0,Mobile Phone,Tier 1,12.0,Debit Card,Female,4.0,5,Mobile Phone,1,Married,3,No Complaint,14.0,1.0,2.0,3.0,154.11,Active,Mid (6-12 months),1
54408,0,8.0,Mobile Phone,Tier 1,9.0,Debit Card,Male,3.0,5,Laptop & Accessory,5,Married,8,No Complaint,14.0,1.0,6.0,10.0,184.57,Active,Mid (6-12 months),0
54409,0,11.0,Mobile Phone,Tier 1,7.0,Credit Card,Female,3.0,5,Mobile Phone,5,Married,4,No Complaint,15.0,1.0,2.0,3.0,164.2,Active,Mid (6-12 months),0
54410,0,19.0,Computer,Tier 1,14.0,Debit Card,Male,4.0,2,Laptop & Accessory,3,Married,6,No Complaint,18.0,2.0,2.0,3.0,189.34,Active,Loyal (12+ months),0
54411,1,1.0,Computer,Tier 1,17.0,Credit Card,Male,4.0,4,Fashion,3,Married,8,No Complaint,12.0,1.0,2.0,3.0,225.48,Churned,New (0-6 months),0
54412,0,13.0,Computer,Tier 1,9.0,Cash on Delivery,Female,4.0,4,Fashion,3,Single,2,No Complaint,26.0,7.0,2.0,9.0,234.38,Active,Loyal (12+ months),0
54413,0,3.0,Phone,Tier 1,22.0,Debit Card,Male,3.0,4,Mobile Phone,1,Single,3,No Complaint,20.0,2.0,2.0,6.0,148.4,Active,New (0-6 months),1
54414,0,16.0,Mobile Phone,Tier 1,24.0,Debit Card,Female,3.0,2,Laptop & Accessory,5,Single,5,Complained,14.0,2.0,2.0,3.0,190.45,Active,Loyal (12+ months),2
54415,0,3.0,Mobile Phone,Tier 3,27.0,E wallet,Male,3.0,4,Laptop & Accessory,1,Married,4,No Complaint,15.0,2.0,2.0,3.0,194.31,Active,New (0-6 months),1
54416,0,1.0,Mobile Phone,Tier 1,7.0,Debit Card,Female,4.0,4,Laptop & Accessory,3,Married,2,No Complaint,13.0,2.0,2.0,3.0,173.98,Active,New (0-6 months),0
54417,0,16.0,Mobile Phone,Tier 1,9.0,Credit Card,Female,3.0,5,Mobile Phone,5,Married,2,Complained,12.0,8.0,8.0,9.0,150.93,Active,Loyal (12+ months),2
54418,0,14.0,Mobile Phone,Tier 1,9.0,Credit Card,Male,3.0,4,Others,3,Married,2,No Complaint,15.0,4.0,4.0,10.0,319.36,Active,Loyal (12+ months),0
54419,0,25.0,Mobile Phone,Tier 1,7.0,Debit Card,Male,4.0,4,Mobile Phone,1,Married,3,No Complaint,12.0,2.0,2.0,1.0,152.23,Active,Loyal (12+ months),1
54420,1,1.0,Computer,Tier 1,36.0,Credit Card,Male,4.0,5,Mobile Phone,4,Single,2,No Complaint,12.0,1.0,2.0,5.0,159.79,Churned,New (0-6 months),0
54421,0,6.0,Computer,Tier 1,14.0,Debit Card,Male,4.0,2,Mobile Phone,4,Married,3,No Complaint,21.0,1.0,2.0,4.0,152.94,Active,New (0-6 months),0
54422,0,12.0,Computer,Tier 3,9.0,Debit Card,Male,3.0,5,Laptop & Accessory,1,Married,5,No Complaint,19.0,2.0,8.0,6.0,177.49,Active,Mid (6-12 months),1
54423,0,6.0,Phone,Tier 1,9.0,COD,Male,3.0,5,Laptop & Accessory,5,Single,6,No Complaint,14.0,1.0,2.0,5.0,146.76,Active,New (0-6 months),0
54424,0,20.0,Mobile Phone,Tier 3,9.0,Cash on Delivery,Female,4.0,6,Grocery,4,Married,5,Complained,15.0,7.0,8.0,8.0,293.72,Active,Loyal (12+ months),2
54425,1,1.0,Mobile Phone,Tier 1,9.0,Debit Card,Male,4.0,4,Mobile Phone,3,Single,4,No Complaint,12.0,1.0,2.0,1.0,159.85,Churned,New (0-6 months),0
54426,0,3.0,Mobile Phone,Tier 3,9.0,Credit Card,Male,4.0,5,Laptop & Accessory,4,Married,4,No Complaint,20.0,2.0,2.0,1.0,191.44,Active,New (0-6 months),0
54427,0,5.0,Mobile Phone,Tier 1,30.0,Credit Card,Male,4.0,5,Laptop & Accessory,1,Married,2,No Complaint,22.0,1.0,8.0,9.0,180.82,Active,New (0-6 months),1
54428,0,1.0,Computer,Tier 1,12.0,Debit Card,Male,3.0,2,Laptop & Accessory,5,Married,3,No Complaint,13.0,2.0,2.0,6.0,165.0,Active,New (0-6 months),0
54429,0,19.0,Mobile Phone,Tier 1,27.0,Credit Card,Male,4.0,4,Grocery,1,Married,2,Complained,15.0,3.0,2.0,11.0,259.96,Active,Loyal (12+ months),3
54430,0,10.0,Mobile Phone,Tier 1,13.0,Debit Card,Male,3.0,4,Mobile Phone,1,Married,2,No Complaint,12.0,2.0,11.0,12.0,157.1,Active,Mid (6-12 months),1
54431,0,29.0,Mobile Phone,Tier 1,7.0,Credit Card,Male,3.0,4,Others,5,Single,2,Complained,15.0,4.0,5.0,14.0,315.45,Active,Loyal (12+ months),2
54432,1,11.0,Computer,Tier 1,36.0,Debit Card,Male,3.0,4,Fashion,4,Married,3,Complained,13.0,5.0,2.0,10.0,243.49,Churned,Mid (6-12 months),2
54433,0,2.0,Phone,Tier 1,16.0,Credit Card,Male,4.0,4,Mobile Phone,1,Married,3,No Complaint,24.0,2.0,2.0,5.0,145.7,Active,New (0-6 months),1
54434,0,11.0,Mobile Phone,Tier 3,13.0,Credit Card,Male,4.0,4,Laptop & Accessory,1,Married,6,No Complaint,15.0,2.0,2.0,2.0,190.02,Active,Mid (6-12 months),1
54435,0,1.0,Mobile Phone,Tier 1,10.0,Credit Card,Male,4.0,5,Mobile Phone,3,Single,3,No Complaint,18.0,2.0,2.0,1.0,157.3,Active,New (0-6 months),0
54436,0,11.0,Computer,Tier 1,7.0,Credit Card,Female,4.0,4,Fashion,1,Married,4,Complained,19.0,1.0,2.0,3.0,261.03,Active,Mid (6-12 months),3
54437,0,9.0,Mobile Phone,Tier 1,29.0,Debit Card,Female,4.0,2,Fashion,4,Married,9,No Complaint,19.0,6.0,2.0,3.0,244.96,Active,Mid (6-12 months),0
54438,0,12.0,Mobile Phone,Tier 3,14.0,Credit Card,Female,3.0,2,Laptop & Accessory,5,Married,3,Complained,25.0,5.0,8.0,8.0,181.05,Active,Mid (6-12 months),2
54439,0,1.0,Computer,Tier 1,7.0,Debit Card,Female,3.0,4,Laptop & Accessory,4,Married,3,No Complaint,21.0,2.0,2.0,5.0,188.97,Active,New (0-6 months),0
54440,0,24.0,Mobile Phone,Tier 1,11.0,Debit Card,Male,4.0,4,Others,4,Married,5,No Complaint,15.0,1.0,2.0,7.0,316.44,Active,Loyal (12+ months),0
54441,0,27.0,Mobile Phone,Tier 1,10.0,Credit Card,Male,3.0,4,Grocery,3,Married,5,Complained,15.0,2.0,2.0,4.0,300.84,Active,Loyal (12+ months),2
54442,0,16.0,Mobile Phone,Tier 3,7.0,Debit Card,Male,2.0,4,Laptop & Accessory,3,Married,3,No Complaint,26.0,7.0,12.0,7.0,174.07,Active,Loyal (12+ months),0
54443,0,3.0,Computer,Tier 3,9.0,Debit Card,Male,3.0,4,Laptop & Accessory,1,Single,3,No Complaint,19.0,1.0,2.0,10.0,170.54,Active,New (0-6 months),1
54444,0,29.0,Mobile Phone,Tier 1,27.0,COD,Male,3.0,4,Laptop & Accessory,1,Married,5,Complained,20.0,1.0,2.0,9.0,179.15,Active,Loyal (12+ months),3
54445,0,1.0,Computer,Tier 1,18.0,Credit Card,Male,3.0,4,Laptop & Accessory,5,Married,3,Complained,14.0,2.0,4.0,4.0,172.41,Active,New (0-6 months),2
54446,0,11.0,Phone,Tier 1,7.0,Debit Card,Female,3.0,4,Mobile Phone,1,Single,3,No Complaint,13.0,2.0,6.0,8.0,146.15,Active,Mid (6-12 months),1
54447,1,8.0,Computer,Tier 1,31.0,Debit Card,Male,3.0,4,Mobile Phone,3,Married,5,Complained,23.0,1.0,2.0,1.0,156.61,Churned,Mid (6-12 months),2
54448,0,12.0,Mobile Phone,Tier 1,30.0,Debit Card,Male,3.0,4,Laptop & Accessory,1,Married,11,No Complaint,15.0,1.0,2.0,3.0,182.45,Active,Mid (6-12 months),1
54449,1,1.0,Phone,Tier 1,23.0,Credit Card,Male,3.0,4,Mobile Phone,4,Married,4,Complained,14.0,2.0,2.0,3.0,148.73,Churned,New (0-6 months),2
54450,0,2.0,Mobile Phone,Tier 1,15.0,Debit Card,Female,4.0,4,Mobile Phone,1,Single,3,No Complaint,22.0,2.0,2.0,3.0,158.1,Active,New (0-6 months),1
54451,0,23.0,Computer,Tier 1,17.0,Debit Card,Female,3.0,4,Others,5,Single,11,Complained,15.0,1.0,2.0,3.0,311.65,Active,Loyal (12+ months),2
54452,0,10.0,Mobile Phone,Tier 1,10.0,COD,Male,2.0,4,Laptop & Accessory,4,Single,6,No Complaint,13.0,3.0,8.0,8.0,169.85,Active,Mid (6-12 months),0
54453,0,5.0,Computer,Tier 3,12.0,E wallet,Female,3.0,4,Mobile Phone,4,Married,3,No Complaint,12.0,1.0,3.0,3.0,152.89,Active,New (0-6 months),0
54454,1,1.0,Mobile Phone,Tier 3,11.0,E wallet,Male,3.0,5,Laptop & Accessory,1,Single,3,Complained,13.0,5.0,8.0,5.0,183.28,Churned,New (0-6 months),3
54455,0,11.0,Computer,Tier 1,16.0,Credit Card,Male,3.0,4,Mobile Phone,1,Married,3,Complained,13.0,1.0,2.0,3.0,148.26,Active,Mid (6-12 months),3
54456,0,16.0,Computer,Tier 3,33.0,E wallet,Female,4.0,4,Grocery,4,Married,7,No Complaint,15.0,4.0,2.0,9.0,260.25,Active,Loyal (12+ months),0
54457,1,1.0,Phone,Tier 1,10.0,Debit Card,Male,3.0,4,Mobile Phone,3,Single,3,No Complaint,14.0,2.0,2.0,1.0,139.2,Churned,New (0-6 months),0
54458,0,9.0,Mobile Phone,Tier 3,23.0,E wallet,Male,4.0,4,Fashion,4,Married,2,No Complaint,16.0,4.0,7.0,10.0,205.2,Active,Mid (6-12 months),0
54459,0,10.0,Computer,Tier 1,25.0,Debit Card,Male,3.0,2,Mobile Phone,1,Married,6,No Complaint,19.0,2.0,2.0,1.0,161.88,Active,Mid (6-12 months),1
54460,0,25.0,Mobile Phone,Tier 1,9.0,Credit Card,Male,3.0,6,Laptop & Accessory,4,Married,7,No Complaint,19.0,1.0,2.0,3.0,179.82,Active,Loyal (12+ months),0
54461,0,15.0,Mobile Phone,Tier 3,9.0,Debit Card,Male,3.0,4,Grocery,4,Single,3,No Complaint,20.0,1.0,2.0,5.0,285.15,Active,Loyal (12+ months),0
54462,0,1.0,Phone,Tier 3,17.0,Credit Card,Female,4.0,5,Mobile Phone,3,Single,3,No Complaint,13.0,1.0,2.0,1.0,137.0,Active,New (0-6 months),0
54463,0,2.0,Mobile Phone,Tier 1,23.0,Credit Card,Male,4.0,2,Laptop & Accessory,5,Single,2,No Complaint,20.0,1.0,2.0,8.0,181.61,Active,New (0-6 months),0
54464,0,5.0,Mobile Phone,Tier 3,14.0,Cash on Delivery,Male,4.0,2,Laptop & Accessory,1,Married,6,No Complaint,12.0,4.0,8.0,8.0,194.29,Active,New (0-6 months),1
54465,0,13.0,Mobile Phone,Tier 1,7.0,Credit Card,Male,3.0,2,Fashion,1,Married,2,No Complaint,18.0,2.0,4.0,3.0,221.13,Active,Loyal (12+ months),1
54466,0,10.0,Computer,Tier 1,31.0,Debit Card,Female,3.0,4,Laptop & Accessory,4,Married,9,No Complaint,16.0,2.0,2.0,9.0,181.74,Active,Mid (6-12 months),0
54467,0,6.0,Mobile Phone,Tier 3,14.0,Debit Card,Male,4.0,5,Laptop & Accessory,3,Married,3,No Complaint,15.0,4.0,5.0,9.0,179.84,Active,New (0-6 months),0
54468,0,12.0,Mobile Phone,Tier 1,32.0,Debit Card,Female,3.0,5,Fashion,4,Married,5,No Complaint,18.0,1.0,2.0,2.0,245.61,Active,Mid (6-12 months),0
54469,0,31.0,Computer,Tier 1,7.0,Debit Card,Male,3.0,6,Laptop & Accessory,3,Married,4,Complained,14.0,2.0,2.0,3.0,181.6,Active,Loyal (12+ months),2
54470,0,5.0,Mobile Phone,Tier 1,12.0,COD,Male,3.0,4,Mobile Phone,1,Married,2,Complained,13.0,2.0,2.0,4.0,173.21,Active,New (0-6 months),3
54471,0,5.0,Mobile Phone,Tier 2,9.0,UPI,Male,4.0,5,Laptop & Accessory,5,Married,5,No Complaint,13.0,1.0,2.0,1.0,189.1,Active,New (0-6 months),0
54472,0,19.0,Computer,Tier 1,14.0,Debit Card,Male,4.0,4,Fashion,5,Married,3,No Complaint,19.0,3.0,10.0,12.0,177.1,Active,Loyal (12+ months),0
54473,0,5.0,Mobile Phone,Tier 1,9.0,Debit Card,Male,3.0,4,Mobile Phone,1,Married,2,Complained,19.0,3.0,3.0,3.0,151.95,Active,New (0-6 months),3
54474,0,7.0,Computer,Tier 1,12.0,Debit Card,Female,4.0,4,Fashion,4,Married,8,No Complaint,12.0,8.0,2.0,9.0,243.78,Active,Mid (6-12 months),0
54475,0,1.0,Mobile Phone,Tier 1,17.0,Credit Card,Male,4.0,4,Grocery,5,Married,3,Complained,15.0,2.0,12.0,11.0,295.68,Active,New (0-6 months),2
54476,0,17.0,Computer,Tier 1,17.0,Debit Card,Female,3.0,4,Mobile Phone,1,Single,2,No Complaint,20.0,1.0,2.0,8.0,149.55,Active,Loyal (12+ months),1
54477,0,23.0,Mobile Phone,Tier 1,7.0,Cash on Delivery,Female,3.0,5,Grocery,3,Single,9,Complained,13.0,1.0,2.0,8.0,264.64,Active,Loyal (12+ months),2
54478,1,16.0,Mobile Phone,Tier 1,15.0,Credit Card,Male,3.0,5,Laptop & Accessory,4,Married,4,No Complaint,16.0,8.0,8.0,8.0,174.41,Churned,Loyal (12+ months),0
54479,0,1.0,Mobile Phone,Tier 1,12.0,Debit Card,Female,3.0,4,Mobile Phone,4,Single,3,Complained,13.0,1.0,2.0,3.0,149.78,Active,New (0-6 months),2
54480,0,6.0,Mobile Phone,Tier 3,15.0,COD,Female,4.0,5,Laptop & Accessory,4,Married,3,Complained,12.0,12.0,12.0,10.0,177.28,Active,New (0-6 months),2
54481,0,1.0,Mobile Phone,Tier 3,9.0,Debit Card,Male,4.0,4,Laptop & Accessory,3,Single,3,Complained,12.0,1.0,2.0,5.0,169.78,Active,New (0-6 months),2
54482,0,5.0,Mobile Phone,Tier 3,14.0,E wallet,Male,4.0,4,Laptop & Accessory,1,Married,6,No Complaint,13.0,1.0,2.0,8.0,200.47,Active,New (0-6 months),1
54483,0,6.0,Mobile Phone,Tier 1,9.0,Credit Card,Female,4.0,2,Laptop & Accessory,1,Single,9,No Complaint,17.0,1.0,2.0,8.0,175.55,Active,New (0-6 months),1
54484,1,1.0,Mobile Phone,Tier 1,9.0,Credit Card,Male,3.0,6,Mobile Phone,1,Married,7,Complained,14.0,2.0,3.0,3.0,159.64,Churned,New (0-6 months),3
54485,0,4.0,Mobile Phone,Tier 1,35.0,Credit Card,Female,4.0,4,Laptop & Accessory,1,Married,3,No Complaint,14.0,2.0,2.0,10.0,182.75,Active,New (0-6 months),1
54486,0,5.0,Computer,Tier 1,14.0,Debit Card,Female,3.0,5,Fashion,3,Married,3,No Complaint,25.0,8.0,9.0,3.0,214.43,Active,New (0-6 months),0
54487,0,13.0,Computer,Tier 1,14.0,Credit Card,Male,3.0,5,Others,1,Married,3,No Complaint,15.0,7.0,14.0,4.0,317.72,Active,Loyal (12+ months),1
54488,1,3.0,Mobile Phone,Tier 3,10.0,Credit Card,Female,3.0,4,Laptop & Accessory,3,Married,6,Complained,19.0,2.0,2.0,1.0,177.38,Churned,New (0-6 months),2
54489,0,7.0,Computer,Tier 3,17.0,E wallet,Male,3.0,5,Laptop & Accessory,1,Single,5,No Complaint,15.0,2.0,2.0,2.0,171.82,Active,Mid (6-12 months),1
54490,0,21.0,Mobile Phone,Tier 1,12.0,Debit Card,Male,3.0,4,Others,3,Married,6,No Complaint,15.0,2.0,2.0,2.0,308.0,Active,Loyal (12+ months),0
54491,0,17.0,Computer,Tier 1,17.0,Debit Card,Female,3.0,5,Laptop & Accessory,3,Married,3,No Complaint,12.0,2.0,2.0,1.0,177.57,Active,Loyal (12+ months),0
54492,0,1.0,Computer,Tier 3,7.0,E wallet,Male,4.0,4,Laptop & Accessory,4,Married,2,Complained,14.0,1.0,2.0,5.0,188.49,Active,New (0-6 months),2
54493,0,28.0,Computer,Tier 1,27.0,Debit Card,Female,3.0,4,Laptop & Accessory,3,Single,5,No Complaint,13.0,1.0,2.0,4.0,173.69,Active,Loyal (12+ months),0
54494,0,17.0,Mobile Phone,Tier 1,14.0,Debit Card,Female,3.0,4,Fashion,5,Married,10,No Complaint,17.0,2.0,2.0,3.0,224.85,Active,Loyal (12+ months),0
54495,0,19.0,Mobile Phone,Tier 1,15.0,UPI,Male,4.0,4,Laptop & Accessory,1,Married,11,No Complaint,15.0,9.0,10.0,9.0,161.97,Active,Loyal (12+ months),1
54496,0,14.0,Mobile Phone,Tier 3,7.0,Credit Card,Male,3.0,6,Laptop & Accessory,1,Married,4,Complained,23.0,2.0,2.0,3.0,199.57,Active,Loyal (12+ months),3
54497,1,1.0,Phone,Tier 1,15.0,UPI,Male,4.0,6,Mobile Phone,5,Married,3,Complained,12.0,1.0,2.0,8.0,146.19,Churned,New (0-6 months),2
54498,0,3.0,Mobile Phone,Tier 1,16.0,UPI,Male,2.0,5,Mobile Phone,1,Single,2,No Complaint,18.0,2.0,3.0,3.0,164.83,Active,New (0-6 months),1
54499,0,4.0,Mobile Phone,Tier 3,12.0,E wallet,Female,2.0,5,Laptop & Accessory,3,Married,3,No Complaint,14.0,2.0,2.0,3.0,186.18,Active,New (0-6 months),0
54500,0,1.0,Mobile Phone,Tier 3,15.0,E wallet,Female,3.0,4,Laptop & Accessory,4,Married,3,No Complaint,19.0,1.0,2.0,8.0,187.14,Active,New (0-6 months),0
54501,0,11.0,Mobile Phone,Tier 1,12.0,Credit Card,Male,4.0,4,Laptop & Accessory,1,Married,9,No Complaint,17.0,2.0,2.0,5.0,188.47,Active,Mid (6-12 months),1
54502,0,12.0,Mobile Phone,Tier 1,22.0,Debit Card,Male,4.0,5,Fashion,1,Married,2,Complained,15.0,3.0,2.0,10.0,240.1,Active,Mid (6-12 months),3
54503,0,5.0,Mobile Phone,Tier 1,14.0,Credit Card,Female,3.0,4,Fashion,1,Single,3,Complained,15.0,5.0,5.0,11.0,196.43,Active,New (0-6 months),3
54504,0,3.0,Mobile Phone,Tier 3,17.0,E wallet,Female,3.0,5,Laptop & Accessory,4,Married,3,Complained,15.0,2.0,2.0,8.0,207.68,Active,New (0-6 months),2
54505,0,9.0,Mobile Phone,Tier 1,12.0,Cash on Delivery,Male,4.0,4,Fashion,4,Single,2,No Complaint,14.0,2.0,2.0,14.0,205.95,Active,Mid (6-12 months),0
54506,0,1.0,Mobile Phone,Tier 1,33.0,Debit Card,Male,3.0,4,Mobile Phone,1,Married,3,No Complaint,13.0,1.0,2.0,3.0,154.04,Active,New (0-6 months),1
54507,0,15.0,Mobile Phone,Tier 1,13.0,Credit Card,Male,4.0,5,Laptop & Accessory,4,Single,8,Complained,16.0,2.0,2.0,3.0,185.32,Active,Loyal (12+ months),2
54508,0,21.0,Computer,Tier 3,11.0,Credit Card,Male,4.0,4,Laptop & Accessory,3,Single,5,No Complaint,20.0,1.0,2.0,1.0,154.76,Active,Loyal (12+ months),0
54509,0,16.0,Mobile Phone,Tier 1,30.0,Debit Card,Female,3.0,4,Grocery,1,Single,4,No Complaint,15.0,1.0,2.0,1.0,284.92,Active,Loyal (12+ months),1
54510,0,3.0,Computer,Tier 3,9.0,Debit Card,Male,4.0,4,Laptop & Accessory,3,Married,3,No Complaint,15.0,2.0,2.0,3.0,171.49,Active,New (0-6 months),0
54511,0,16.0,Mobile Phone,Tier 2,9.0,COD,Male,3.0,4,Mobile Phone,3,Married,2,Complained,12.0,2.0,2.0,1.0,151.96,Active,Loyal (12+ months),2
54512,0,6.0,Phone,Tier 1,9.0,Credit Card,Female,4.0,4,Mobile Phone,4,Married,3,No Complaint,14.0,1.0,2.0,8.0,148.7,Active,New (0-6 months),0
54513,0,22.0,Mobile Phone,Tier 3,36.0,Credit Card,Female,4.0,4,Fashion,3,Married,5,No Complaint,22.0,1.0,2.0,1.0,250.04,Active,Loyal (12+ months),0
54514,0,11.0,Mobile Phone,Tier 1,13.0,Credit Card,Male,3.0,2,Laptop & Accessory,5,Married,6,Complained,14.0,7.0,7.0,8.0,184.74,Active,Mid (6-12 months),2
54515,0,4.0,Computer,Tier 3,32.0,COD,Female,3.0,4,Laptop & Accessory,3,Married,9,Complained,13.0,3.0,3.0,3.0,172.36,Active,New (0-6 months),2
54516,0,1.0,Mobile Phone,Tier 3,7.0,Debit Card,Male,3.0,4,Laptop & Accessory,3,Married,3,No Complaint,18.0,1.0,8.0,8.0,177.96,Active,New (0-6 months),0
54517,0,16.0,Mobile Phone,Tier 1,9.0,UPI,Male,4.0,5,Laptop & Accessory,1,Single,5,No Complaint,24.0,2.0,2.0,1.0,192.81,Active,Loyal (12+ months),1
54518,1,1.0,Computer,Tier 3,7.0,COD,Female,4.0,5,Mobile Phone,4,Single,3,Complained,12.0,2.0,2.0,3.0,146.74,Churned,New (0-6 months),2
54519,0,10.0,Computer,Tier 3,7.0,Credit Card,Female,3.0,4,Laptop & Accessory,1,Single,6,No Complaint,16.0,2.0,2.0,1.0,191.53,Active,Mid (6-12 months),1
54520,0,10.0,Computer,Tier 3,10.0,Credit Card,Male,3.0,5,Fashion,1,Married,6,No Complaint,12.0,1.0,2.0,3.0,221.99,Active,Mid (6-12 months),1
54521,0,31.0,Mobile Phone,Tier 1,7.0,Credit Card,Male,3.0,4,Laptop & Accessory,3,Married,4,No Complaint,12.0,1.0,2.0,3.0,192.55,Active,Loyal (12+ months),0
54522,0,14.0,Phone,Tier 1,17.0,Debit Card,Female,3.0,2,Mobile Phone,3,Married,5,Complained,14.0,1.0,2.0,8.0,147.13,Active,Loyal (12+ months),2
54523,0,1.0,Computer,Tier 3,16.0,Credit Card,Male,3.0,4,Mobile Phone,1,Single,3,No Complaint,25.0,3.0,3.0,3.0,151.1,Active,New (0-6 months),1
54524,1,1.0,Mobile Phone,Tier 3,12.0,E wallet,Female,3.0,4,Mobile Phone,3,Single,3,Complained,14.0,1.0,2.0,1.0,153.51,Churned,New (0-6 months),2
54525,0,11.0,Mobile Phone,Tier 1,17.0,Credit Card,Female,4.0,4,Mobile Phone,5,Married,8,No Complaint,21.0,2.0,2.0,4.0,159.52,Active,Mid (6-12 months),0
54526,0,20.0,Computer,Tier 1,14.0,Credit Card,Female,2.0,4,Laptop & Accessory,3,Married,4,No Complaint,15.0,2.0,2.0,1.0,177.58,Active,Loyal (12+ months),0
54527,1,5.0,Computer,Tier 3,11.0,E wallet,Male,3.0,4,Laptop & Accessory,4,Single,3,No Complaint,19.0,5.0,8.0,3.0,218.55,Churned,New (0-6 months),0
54528,0,24.0,Mobile Phone,Tier 1,17.0,Cash on Delivery,Male,4.0,5,Fashion,1,Single,8,No Complaint,16.0,2.0,2.0,3.0,229.96,Active,Loyal (12+ months),1
54529,1,4.0,Mobile Phone,Tier 3,29.0,E wallet,Male,4.0,5,Laptop & Accessory,3,Married,4,Complained,13.0,2.0,2.0,1.0,188.8,Churned,New (0-6 months),2
54530,0,5.0,Mobile Phone,Tier 1,16.0,Debit Card,Male,3.0,5,Mobile Phone,4,Single,2,Complained,17.0,3.0,3.0,3.0,151.57,Active,New (0-6 months),2
54531,1,1.0,Mobile Phone,Tier 3,19.0,Debit Card,Female,3.0,2,Mobile Phone,4,Single,3,No Complaint,16.0,1.0,2.0,1.0,152.16,Churned,New (0-6 months),0
54532,0,3.0,Phone,Tier 1,30.0,Debit Card,Male,3.0,4,Mobile Phone,1,Single,11,No Complaint,17.0,1.0,2.0,3.0,147.01,Active,New (0-6 months),1
54533,0,9.0,Mobile Phone,Tier 1,16.0,Debit Card,Male,4.0,5,Laptop & Accessory,4,Single,11,No Complaint,20.0,1.0,2.0,1.0,190.4,Active,Mid (6-12 months),0
54534,0,1.0,Mobile Phone,Tier 1,7.0,Credit Card,Male,3.0,4,Mobile Phone,4,Married,3,No Complaint,12.0,1.0,2.0,5.0,163.16,Active,New (0-6 months),0
54535,0,2.0,Mobile Phone,Tier 3,16.0,Debit Card,Male,4.0,4,Laptop & Accessory,1,Single,3,No Complaint,17.0,2.0,2.0,8.0,177.53,Active,New (0-6 months),1
54536,0,23.0,Mobile Phone,Tier 1,14.0,UPI,Male,3.0,5,Fashion,3,Single,10,No Complaint,25.0,2.0,2.0,1.0,234.65,Active,Loyal (12+ months),0
54537,0,25.0,Mobile Phone,Tier 3,21.0,Debit Card,Female,3.0,4,Laptop & Accessory,1,Married,6,No Complaint,12.0,2.0,2.0,8.0,174.36,Active,Loyal (12+ months),1
54538,0,10.0,Mobile Phone,Tier 1,9.0,Debit Card,Female,4.0,4,Mobile Phone,3,Married,6,No Complaint,14.0,3.0,3.0,3.0,150.43,Active,Mid (6-12 months),0
54539,1,1.0,Computer,Tier 3,26.0,E wallet,Male,4.0,2,Laptop & Accessory,1,Single,10,Complained,14.0,1.0,2.0,5.0,178.04,Churned,New (0-6 months),3
54540,0,29.0,Mobile Phone,Tier 1,9.0,Debit Card,Female,4.0,4,Grocery,1,Single,4,Complained,14.0,1.0,2.0,3.0,291.59,Active,Loyal (12+ months),3
54541,0,1.0,Mobile Phone,Tier 3,17.0,E wallet,Female,4.0,4,Laptop & Accessory,3,Married,3,Complained,13.0,1.0,2.0,4.0,167.6,Active,New (0-6 months),2
54542,0,4.0,Mobile Phone,Tier 3,9.0,COD,Male,4.0,4,Mobile Phone,4,Married,3,No Complaint,19.0,2.0,2.0,1.0,149.76,Active,New (0-6 months),0
54543,1,1.0,Computer,Tier 1,10.0,COD,Male,4.0,4,Mobile Phone,5,Single,2,No Complaint,23.0,1.0,2.0,5.0,156.02,Churned,New (0-6 months),0
54544,0,1.0,Phone,Tier 1,18.0,Credit Card,Female,3.0,4,Mobile Phone,4,Married,3,No Complaint,14.0,2.0,2.0,3.0,147.44,Active,New (0-6 months),0
54545,0,10.0,Mobile Phone,Tier 3,9.0,Credit Card,Male,4.0,5,Fashion,3,Married,3,No Complaint,14.0,9.0,10.0,1.0,200.96,Active,Mid (6-12 months),0
54546,1,1.0,Computer,Tier 1,11.0,COD,Male,3.0,4,Mobile Phone,1,Single,11,Complained,24.0,2.0,2.0,1.0,147.85,Churned,New (0-6 months),3
54547,0,11.0,Mobile Phone,Tier 1,21.0,Debit Card,Female,4.0,4,Mobile Phone,5,Married,3,No Complaint,13.0,11.0,13.0,18.0,155.34,Active,Mid (6-12 months),0
54548,0,14.0,Mobile Phone,Tier 3,9.0,E wallet,Female,3.0,4,Laptop & Accessory,4,Married,9,No Complaint,13.0,1.0,2.0,4.0,182.15,Active,Loyal (12+ months),0
54549,0,16.0,Mobile Phone,Tier 1,7.0,Debit Card,Female,4.0,4,Mobile Phone,5,Married,5,No Complaint,17.0,1.0,2.0,3.0,150.76,Active,Loyal (12+ months),0
54550,0,11.0,Mobile Phone,Tier 1,17.0,Debit Card,Male,3.0,4,Laptop & Accessory,4,Single,4,Complained,13.0,1.0,2.0,2.0,166.97,Active,Mid (6-12 months),2
54551,0,17.0,Mobile Phone,Tier 1,19.0,Debit Card,Male,3.0,5,Grocery,4,Married,3,No Complaint,12.0,1.0,4.0,10.0,268.36,Active,Loyal (12+ months),0
54552,0,14.0,Mobile Phone,Tier 1,9.0,Credit Card,Female,4.0,5,Laptop & Accessory,3,Married,8,No Complaint,23.0,2.0,2.0,1.0,159.48,Active,Loyal (12+ months),0
54553,0,28.0,Mobile Phone,Tier 1,12.0,Credit Card,Male,3.0,4,Others,5,Married,6,No Complaint,15.0,2.0,2.0,3.0,319.06,Active,Loyal (12+ months),0
54554,0,8.0,Computer,Tier 3,11.0,E wallet,Female,4.0,4,Laptop & Accessory,3,Married,11,No Complaint,16.0,1.0,2.0,3.0,190.38,Active,Mid (6-12 months),0
54555,0,5.0,Mobile Phone,Tier 1,14.0,Credit Card,Female,3.0,4,Laptop & Accessory,5,Married,3,No Complaint,13.0,4.0,4.0,13.0,168.06,Active,New (0-6 months),0
54556,0,17.0,Computer,Tier 1,28.0,Credit Card,Male,4.0,4,Mobile Phone,1,Married,9,No Complaint,21.0,2.0,2.0,3.0,147.58,Active,Loyal (12+ months),1
54557,0,17.0,Mobile Phone,Tier 1,15.0,UPI,Female,4.0,4,Laptop & Accessory,3,Married,6,Complained,15.0,2.0,2.0,3.0,170.22,Active,Loyal (12+ months),2
54558,0,1.0,Mobile Phone,Tier 3,11.0,Debit Card,Female,4.0,5,Laptop & Accessory,1,Single,3,Complained,12.0,1.0,2.0,4.0,169.87,Active,New (0-6 months),3
54559,0,11.0,Computer,Tier 1,32.0,Credit Card,Female,4.0,4,Laptop & Accessory,3,Married,5,Complained,16.0,5.0,11.0,8.0,169.49,Active,Mid (6-12 months),2
54560,0,5.0,Phone,Tier 1,7.0,Debit Card,Male,4.0,5,Mobile Phone,5,Married,3,No Complaint,13.0,4.0,4.0,3.0,147.18,Active,New (0-6 months),0
54561,0,13.0,Computer,Tier 1,7.0,Debit Card,Male,3.0,4,Others,3,Married,3,Complained,15.0,1.0,2.0,7.0,316.97,Active,Loyal (12+ months),2
54562,0,30.0,Computer,Tier 3,13.0,Debit Card,Female,3.0,2,Grocery,5,Married,11,No Complaint,12.0,7.0,2.0,8.0,257.12,Active,Loyal (12+ months),0
54563,0,4.0,Mobile Phone,Tier 3,19.0,COD,Female,3.0,4,Laptop & Accessory,3,Single,2,No Complaint,12.0,4.0,5.0,5.0,190.77,Active,New (0-6 months),0
54564,0,15.0,Mobile Phone,Tier 3,7.0,E wallet,Male,3.0,2,Fashion,5,Married,3,No Complaint,17.0,2.0,2.0,8.0,208.92,Active,Loyal (12+ months),0
54565,0,2.0,Mobile Phone,Tier 1,24.0,Credit Card,Male,4.0,4,Laptop & Accessory,5,Married,3,No Complaint,13.0,1.0,2.0,9.0,170.58,Active,New (0-6 months),0
54566,1,1.0,Mobile Phone,Tier 1,10.0,Credit Card,Male,4.0,4,Mobile Phone,5,Married,7,No Complaint,14.0,2.0,2.0,3.0,165.31,Churned,New (0-6 months),0
54567,0,26.0,Mobile Phone,Tier 1,10.0,Credit Card,Male,3.0,5,Fashion,3,Married,4,Complained,15.0,2.0,2.0,5.0,204.69,Active,Loyal (12+ months),2
54568,0,19.0,Mobile Phone,Tier 1,17.0,Debit Card,Male,4.0,4,Mobile Phone,1,Married,5,No Complaint,22.0,1.0,2.0,3.0,151.54,Active,Loyal (12+ months),1
54569,0,26.0,Mobile Phone,Tier 1,11.0,Debit Card,Female,2.0,4,Grocery,1,Married,4,No Complaint,14.0,1.0,2.0,5.0,290.55,Active,Loyal (12+ months),1
54570,0,16.0,Computer,Tier 1,36.0,Debit Card,Female,4.0,4,Laptop & Accessory,3,Married,4,No Complaint,12.0,2.0,2.0,3.0,170.56,Active,Loyal (12+ months),0
54571,0,4.0,Mobile Phone,Tier 1,9.0,Debit Card,Female,3.0,6,Laptop & Accessory,1,Single,4,No Complaint,21.0,2.0,2.0,3.0,185.91,Active,New (0-6 months),1
54572,0,31.0,Mobile Phone,Tier 1,14.0,Debit Card,Female,3.0,4,Others,5,Married,7,No Complaint,15.0,2.0,12.0,11.0,320.66,Active,Loyal (12+ months),0
54573,0,20.0,Mobile Phone,Tier 1,25.0,Credit Card,Female,3.0,4,Laptop & Accessory,3,Married,4,No Complaint,15.0,2.0,2.0,9.0,173.1,Active,Loyal (12+ months),0
54574,0,16.0,Computer,Tier 1,35.0,COD,Female,3.0,5,Laptop & Accessory,1,Married,2,No Complaint,12.0,1.0,2.0,5.0,170.23,Active,Loyal (12+ months),1
54575,1,1.0,Mobile Phone,Tier 3,7.0,COD,Female,4.0,4,Mobile Phone,4,Single,3,Complained,17.0,1.0,2.0,5.0,157.02,Churned,New (0-6 months),2
54576,1,1.0,Computer,Tier 3,13.0,E wallet,Female,3.0,6,Mobile Phone,3,Married,2,No Complaint,17.0,1.0,2.0,1.0,148.51,Churned,New (0-6 months),0
54577,0,12.0,Computer,Tier 1,9.0,Debit Card,Male,3.0,4,Mobile Phone,1,Married,3,Complained,24.0,2.0,2.0,1.0,142.02,Active,Mid (6-12 months),3
54578,0,14.0,Mobile Phone,Tier 3,9.0,Debit Card,Female,4.0,4,Others,3,Married,2,No Complaint,15.0,2.0,2.0,13.0,305.41,Active,Loyal (12+ months),0
54579,0,1.0,Mobile Phone,Tier 1,30.0,Debit Card,Female,3.0,4,Mobile Phone,1,Married,3,No Complaint,23.0,1.0,2.0,3.0,153.86,Active,New (0-6 months),1
54580,0,4.0,Computer,Tier 1,10.0,Debit Card,Male,3.0,4,Mobile Phone,1,Married,6,No Complaint,16.0,2.0,2.0,5.0,145.97,Active,New (0-6 months),1
54581,0,3.0,Mobile Phone,Tier 1,10.0,Credit Card,Male,4.0,5,Fashion,3,Married,3,No Complaint,19.0,1.0,2.0,8.0,244.35,Active,New (0-6 months),0
54582,1,1.0,Mobile Phone,Tier 1,32.0,COD,Female,4.0,5,Mobile Phone,4,Married,7,No Complaint,17.0,2.0,2.0,2.0,150.46,Churned,New (0-6 months),0
54583,1,1.0,Mobile Phone,Tier 2,9.0,COD,Male,3.0,5,Mobile Phone,1,Single,3,No Complaint,13.0,1.0,2.0,1.0,150.64,Churned,New (0-6 months),1
54584,0,4.0,Computer,Tier 3,29.0,UPI,Female,4.0,4,Fashion,5,Married,2,No Complaint,12.0,4.0,8.0,9.0,209.12,Active,New (0-6 months),0
54585,0,31.0,Mobile Phone,Tier 3,36.0,E wallet,Male,3.0,5,Grocery,1,Married,5,No Complaint,13.0,1.0,2.0,1.0,266.18,Active,Loyal (12+ months),1
54586,0,24.0,Mobile Phone,Tier 1,36.0,Debit Card,Male,3.0,5,Grocery,3,Married,2,No Complaint,15.0,16.0,16.0,8.0,295.46,Active,Loyal (12+ months),0
54587,0,4.0,Computer,Tier 1,9.0,Credit Card,Female,3.0,4,Mobile Phone,1,Single,2,No Complaint,15.0,2.0,7.0,8.0,150.64,Active,New (0-6 months),1
54588,0,31.0,Computer,Tier 3,35.0,E wallet,Female,4.0,5,Fashion,5,Married,6,No Complaint,20.0,4.0,14.0,3.0,227.66,Active,Loyal (12+ months),0
54589,0,21.0,Mobile Phone,Tier 1,9.0,Credit Card,Female,4.0,4,Laptop & Accessory,1,Married,7,No Complaint,14.0,1.0,2.0,5.0,175.7,Active,Loyal (12+ months),1
54590,0,20.0,Mobile Phone,Tier 1,9.0,Debit Card,Male,3.0,4,Grocery,3,Married,8,No Complaint,15.0,2.0,2.0,2.0,303.61,Active,Loyal (12+ months),0
54591,0,9.0,Mobile Phone,Tier 1,29.0,Debit Card,Male,3.0,6,Mobile Phone,3,Single,2,No Complaint,16.0,2.0,5.0,4.0,167.3,Active,Mid (6-12 months),0
54592,0,28.0,Mobile Phone,Tier 1,6.0,Debit Card,Female,3.0,4,Laptop & Accessory,3,Single,9,No Complaint,12.0,1.0,2.0,1.0,162.8,Active,Loyal (12+ months),0
54593,0,8.0,Mobile Phone,Tier 1,9.0,Debit Card,Male,4.0,5,Mobile Phone,3,Married,5,No Complaint,13.0,4.0,6.0,8.0,152.68,Active,Mid (6-12 months),0
54594,0,6.0,Mobile Phone,Tier 3,17.0,E wallet,Female,4.0,5,Fashion,1,Married,4,Complained,20.0,1.0,2.0,3.0,215.71,Active,New (0-6 months),3
54595,0,5.0,Mobile Phone,Tier 1,16.0,Debit Card,Male,3.0,4,Fashion,4,Married,3,No Complaint,26.0,1.0,2.0,9.0,231.48,Active,New (0-6 months),0
54596,1,1.0,Mobile Phone,Tier 1,22.0,Credit Card,Male,3.0,4,Fashion,3,Married,9,Complained,13.0,1.0,8.0,8.0,261.1,Churned,New (0-6 months),2
54597,1,1.0,Mobile Phone,Tier 1,17.0,Credit Card,Male,3.0,6,Mobile Phone,1,Married,9,No Complaint,14.0,1.0,2.0,4.0,159.08,Churned,New (0-6 months),1
54598,0,4.0,Mobile Phone,Tier 3,14.0,E wallet,Male,3.0,4,Mobile Phone,4,Single,2,No Complaint,15.0,1.0,2.0,3.0,154.83,Active,New (0-6 months),0
54599,0,9.0,Mobile Phone,Tier 1,23.0,Debit Card,Male,4.0,4,Fashion,3,Married,6,Complained,13.0,1.0,2.0,1.0,201.32,Active,Mid (6-12 months),2
54600,1,1.0,Computer,Tier 1,27.0,Debit Card,Male,4.0,4,Fashion,3,Married,5,No Complaint,13.0,2.0,2.0,3.0,223.24,Churned,New (0-6 months),0
54601,1,1.0,Computer,Tier 2,30.0,UPI,Female,3.0,4,Fashion,5,Married,11,Complained,16.0,2.0,2.0,3.0,224.5,Churned,New (0-6 months),2
54602,0,16.0,Computer,Tier 1,12.0,UPI,Male,4.0,4,Mobile Phone,3,Married,6,No Complaint,18.0,1.0,3.0,1.0,145.93,Active,Loyal (12+ months),0
54603,0,10.0,Computer,Tier 3,17.0,Credit Card,Male,3.0,4,Fashion,1,Single,3,No Complaint,15.0,9.0,10.0,3.0,224.8,Active,Mid (6-12 months),1
54604,1,1.0,Computer,Tier 1,11.0,COD,Male,4.0,5,Mobile Phone,3,Single,7,No Complaint,17.0,1.0,2.0,3.0,163.94,Churned,New (0-6 months),0
54605,0,22.0,Mobile Phone,Tier 3,9.0,E wallet,Female,3.0,4,Laptop & Accessory,1,Married,4,No Complaint,15.0,7.0,7.0,8.0,165.51,Active,Loyal (12+ months),1
54606,0,29.0,Mobile Phone,Tier 3,25.0,Debit Card,Female,3.0,4,Grocery,4,Single,5,No Complaint,15.0,2.0,8.0,9.0,293.35,Active,Loyal (12+ months),0
54607,0,15.0,Computer,Tier 3,17.0,Debit Card,Male,3.0,4,Laptop & Accessory,1,Single,9,No Complaint,15.0,1.0,2.0,11.0,187.3,Active,Loyal (12+ months),1
54608,0,9.0,Mobile Phone,Tier 3,7.0,E wallet,Male,3.0,4,Laptop & Accessory,3,Married,11,No Complaint,12.0,1.0,7.0,10.0,172.17,Active,Mid (6-12 months),0
54609,0,14.0,Mobile Phone,Tier 1,13.0,Debit Card,Female,4.0,4,Grocery,3,Single,9,No Complaint,16.0,5.0,2.0,14.0,257.37,Active,Loyal (12+ months),0
54610,0,13.0,Computer,Tier 1,15.0,Debit Card,Female,3.0,4,Mobile Phone,3,Married,3,No Complaint,12.0,2.0,2.0,8.0,162.55,Active,Loyal (12+ months),0
54611,0,5.0,Mobile Phone,Tier 3,9.0,Debit Card,Male,4.0,4,Laptop & Accessory,1,Single,6,Complained,14.0,2.0,2.0,6.0,190.82,Active,New (0-6 months),3
54612,0,16.0,Mobile Phone,Tier 1,31.0,Credit Card,Male,3.0,4,Fashion,5,Married,3,Complained,22.0,6.0,6.0,9.0,199.06,Active,Loyal (12+ months),2
54613,0,19.0,Mobile Phone,Tier 3,9.0,UPI,Male,4.0,4,Laptop & Accessory,4,Married,2,No Complaint,20.0,4.0,4.0,8.0,173.05,Active,Loyal (12+ months),0
54614,1,1.0,Computer,Tier 2,24.0,Debit Card,Female,3.0,4,Mobile Phone,3,Married,2,Complained,12.0,1.0,2.0,1.0,152.41,Churned,New (0-6 months),2
54615,0,3.0,Mobile Phone,Tier 1,26.0,COD,Male,3.0,4,Laptop & Accessory,1,Married,6,No Complaint,13.0,2.0,2.0,3.0,167.62,Active,New (0-6 months),1
54616,0,7.0,Mobile Phone,Tier 1,7.0,Credit Card,Female,4.0,2,Grocery,3,Married,6,No Complaint,20.0,1.0,2.0,6.0,286.84,Active,Mid (6-12 months),0
54617,0,5.0,Mobile Phone,Tier 3,14.0,Debit Card,Male,3.0,5,Fashion,1,Married,11,No Complaint,22.0,2.0,2.0,2.0,240.57,Active,New (0-6 months),1
54618,1,1.0,Computer,Tier 3,12.0,E wallet,Male,4.0,4,Mobile Phone,4,Single,3,Complained,15.0,2.0,2.0,1.0,143.78,Churned,New (0-6 months),2
54619,0,14.0,Computer,Tier 3,35.0,UPI,Male,3.0,6,Fashion,5,Married,5,No Complaint,16.0,1.0,2.0,2.0,234.32,Active,Loyal (12+ months),0
54620,0,15.0,Computer,Tier 1,9.0,UPI,Female,4.0,5,Laptop & Accessory,3,Single,4,Complained,18.0,1.0,2.0,8.0,193.11,Active,Loyal (12+ months),2
54621,0,1.0,Mobile Phone,Tier 3,36.0,Credit Card,Male,3.0,4,Laptop & Accessory,3,Married,7,No Complaint,13.0,1.0,2.0,1.0,168.06,Active,New (0-6 months),0
54622,0,9.0,Mobile Phone,Tier 3,7.0,Credit Card,Female,4.0,4,Laptop & Accessory,3,Single,3,No Complaint,17.0,2.0,2.0,4.0,173.59,Active,Mid (6-12 months),0
54623,0,8.0,Mobile Phone,Tier 3,28.0,Debit Card,Male,4.0,2,Laptop & Accessory,1,Single,3,No Complaint,13.0,1.0,6.0,8.0,178.37,Active,Mid (6-12 months),1
54624,1,1.0,Phone,Tier 1,31.0,COD,Male,4.0,6,Mobile Phone,1,Single,3,Complained,19.0,1.0,2.0,1.0,148.4,Churned,New (0-6 months),3
54625,0,11.0,Mobile Phone,Tier 1,7.0,Cash on Delivery,Female,3.0,4,Fashion,1,Single,6,No Complaint,18.0,2.0,2.0,3.0,199.91,Active,Mid (6-12 months),1
54626,0,20.0,Computer,Tier 1,25.0,Credit Card,Female,3.0,4,Fashion,3,Married,7,No Complaint,12.0,1.0,2.0,3.0,230.27,Active,Loyal (12+ months),0
54627,0,15.0,Mobile Phone,Tier 3,9.0,Debit Card,Female,4.0,4,Grocery,5,Married,9,No Complaint,17.0,1.0,12.0,9.0,290.95,Active,Loyal (12+ months),0
54628,0,11.0,Computer,Tier 3,16.0,Credit Card,Male,4.0,4,Fashion,4,Married,3,No Complaint,14.0,2.0,8.0,3.0,213.34,Active,Mid (6-12 months),0
54629,0,26.0,Mobile Phone,Tier 1,13.0,COD,Male,4.0,4,Laptop & Accessory,5,Married,5,Complained,13.0,3.0,7.0,10.0,180.77,Active,Loyal (12+ months),2
54630,1,1.0,Computer,Tier 3,18.0,UPI,Male,3.0,2,Laptop & Accessory,3,Married,10,No Complaint,13.0,2.0,2.0,3.0,172.07,Churned,New (0-6 months),0
54631,0,1.0,Computer,Tier 3,31.0,Credit Card,Male,3.0,4,Mobile Phone,1,Married,2,No Complaint,14.0,2.0,3.0,2.0,149.0,Active,New (0-6 months),1
54632,0,12.0,Mobile Phone,Tier 1,17.0,Credit Card,Female,4.0,4,Laptop & Accessory,3,Married,5,No Complaint,20.0,1.0,2.0,3.0,223.24,Active,Mid (6-12 months),0
54633,0,11.0,Mobile Phone,Tier 1,7.0,Debit Card,Female,4.0,4,Laptop & Accessory,4,Married,8,No Complaint,13.0,5.0,5.0,4.0,189.47,Active,Mid (6-12 months),0
54634,0,23.0,Mobile Phone,Tier 1,25.0,Debit Card,Male,3.0,5,Others,3,Married,3,Complained,15.0,2.0,2.0,10.0,320.02,Active,Loyal (12+ months),2
54635,0,1.0,Mobile Phone,Tier 1,30.0,Credit Card,Male,3.0,2,Mobile Phone,1,Married,3,Complained,12.0,1.0,2.0,5.0,152.25,Active,New (0-6 months),3
54636,0,1.0,Mobile Phone,Tier 3,35.0,E wallet,Male,4.0,4,Laptop & Accessory,4,Married,3,No Complaint,21.0,1.0,2.0,5.0,187.72,Active,New (0-6 months),0
54637,0,1.0,Phone,Tier 1,24.0,UPI,Male,4.0,5,Mobile Phone,4,Married,3,No Complaint,22.0,2.0,2.0,1.0,146.27,Active,New (0-6 months),0
54638,0,24.0,Computer,Tier 2,10.0,Credit Card,Male,4.0,4,Others,4,Married,3,No Complaint,15.0,2.0,11.0,8.0,307.0,Active,Loyal (12+ months),0
54639,0,1.0,Phone,Tier 3,20.0,Credit Card,Male,3.0,4,Mobile Phone,3,Married,3,No Complaint,12.0,2.0,2.0,7.0,145.96,Active,New (0-6 months),0
54640,1,1.0,Computer,Tier 1,14.0,Debit Card,Female,3.0,4,Mobile Phone,3,Married,3,Complained,17.0,1.0,2.0,3.0,153.86,Churned,New (0-6 months),2
54641,1,1.0,Computer,Tier 3,19.0,Debit Card,Male,4.0,5,Mobile Phone,5,Married,3,No Complaint,19.0,2.0,2.0,1.0,145.33,Churned,New (0-6 months),0
54642,0,8.0,Mobile Phone,Tier 1,7.0,Debit Card,Male,3.0,5,Mobile Phone,1,Married,3,Complained,14.0,2.0,2.0,4.0,161.22,Active,Mid (6-12 months),3
54643,1,1.0,Mobile Phone,Tier 3,20.0,Credit Card,Male,3.0,4,Laptop & Accessory,5,Married,4,No Complaint,18.0,1.0,2.0,3.0,167.33,Churned,New (0-6 months),0
54644,0,9.0,Mobile Phone,Tier 1,32.0,UPI,Male,3.0,5,Laptop & Accessory,1,Single,6,No Complaint,15.0,2.0,2.0,3.0,161.81,Active,Mid (6-12 months),1
54645,0,5.0,Mobile Phone,Tier 3,13.0,Credit Card,Male,4.0,2,Laptop & Accessory,1,Married,6,No Complaint,23.0,6.0,6.0,8.0,179.6,Active,New (0-6 months),1
54646,0,1.0,Phone,Tier 1,13.0,Credit Card,Female,4.0,5,Mobile Phone,3,Married,2,No Complaint,13.0,1.0,2.0,4.0,146.87,Active,New (0-6 months),0
54647,0,11.0,Mobile Phone,Tier 3,9.0,E wallet,Male,4.0,4,Laptop & Accessory,3,Married,6,Complained,12.0,1.0,2.0,3.0,221.02,Active,Mid (6-12 months),2
54648,0,1.0,Mobile Phone,Tier 1,7.0,Debit Card,Female,3.0,5,Mobile Phone,4,Single,3,No Complaint,14.0,1.0,2.0,1.0,153.36,Active,New (0-6 months),0
54649,0,16.0,Mobile Phone,Tier 1,9.0,Debit Card,Female,3.0,4,Laptop & Accessory,1,Married,3,No Complaint,14.0,1.0,3.0,3.0,165.89,Active,Loyal (12+ months),1
54650,0,17.0,Mobile Phone,Tier 1,13.0,UPI,Male,3.0,5,Grocery,1,Married,6,Complained,15.0,1.0,2.0,1.0,291.27,Active,Loyal (12+ months),3
54651,0,12.0,Mobile Phone,Tier 1,7.0,Debit Card,Female,3.0,4,Mobile Phone,5,Single,5,No Complaint,18.0,1.0,2.0,1.0,151.19,Active,Mid (6-12 months),0
54652,0,17.0,Computer,Tier 1,16.0,Credit Card,Male,4.0,4,Laptop & Accessory,3,Married,5,Complained,14.0,2.0,5.0,8.0,181.79,Active,Loyal (12+ months),2
54653,0,22.0,Mobile Phone,Tier 1,7.0,Debit Card,Female,3.0,5,Grocery,5,Married,9,No Complaint,12.0,1.0,2.0,3.0,279.02,Active,Loyal (12+ months),0
54654,0,18.0,Mobile Phone,Tier 2,7.0,Debit Card,Female,3.0,5,Laptop & Accessory,3,Single,6,No Complaint,12.0,2.0,2.0,3.0,184.85,Active,Loyal (12+ months),0
54655,0,8.0,Mobile Phone,Tier 3,21.0,COD,Female,3.0,4,Mobile Phone,3,Married,3,Complained,19.0,2.0,2.0,7.0,150.79,Active,Mid (6-12 months),2
54656,1,1.0,Mobile Phone,Tier 3,9.0,E wallet,Male,3.0,4,Mobile Phone,5,Married,2,No Complaint,12.0,2.0,2.0,3.0,155.41,Churned,New (0-6 months),0
54657,0,1.0,Mobile Phone,Tier 3,29.0,COD,Male,3.0,4,Mobile Phone,3,Single,3,No Complaint,12.0,1.0,2.0,3.0,159.47,Active,New (0-6 months),0
54658,0,18.0,Mobile Phone,Tier 1,10.0,UPI,Male,3.0,4,Others,1,Married,6,Complained,15.0,1.0,2.0,2.0,320.13,Active,Loyal (12+ months),3
54659,0,1.0,Mobile Phone,Tier 1,13.0,Credit Card,Male,4.0,4,Mobile Phone,3,Married,2,No Complaint,21.0,2.0,3.0,3.0,152.73,Active,New (0-6 months),0
54660,0,7.0,Mobile Phone,Tier 3,15.0,E wallet,Male,3.0,4,Laptop & Accessory,3,Married,2,No Complaint,13.0,1.0,2.0,3.0,196.04,Active,Mid (6-12 months),0
54661,0,6.0,Mobile Phone,Tier 1,16.0,Debit Card,Female,4.0,4,Laptop & Accessory,1,Married,3,Complained,13.0,2.0,2.0,6.0,188.22,Active,New (0-6 months),3
54662,0,4.0,Computer,Tier 1,10.0,Credit Card,Female,4.0,4,Mobile Phone,3,Married,3,No Complaint,21.0,2.0,2.0,1.0,145.83,Active,New (0-6 months),0
54663,0,27.0,Mobile Phone,Tier 3,7.0,Credit Card,Female,3.0,4,Laptop & Accessory,5,Single,9,No Complaint,21.0,5.0,9.0,11.0,208.81,Active,Loyal (12+ months),0
54664,0,8.0,Mobile Phone,Tier 1,7.0,Debit Card,Male,3.0,4,Mobile Phone,1,Married,3,No Complaint,13.0,2.0,9.0,9.0,151.91,Active,Mid (6-12 months),1
54665,1,9.0,Computer,Tier 3,33.0,Debit Card,Female,4.0,4,Laptop & Accessory,5,Married,4,No Complaint,15.0,1.0,2.0,1.0,167.86,Churned,Mid (6-12 months),0
54666,0,1.0,Mobile Phone,Tier 1,13.0,Debit Card,Female,4.0,4,Mobile Phone,1,Married,3,Complained,14.0,1.0,2.0,3.0,81.0,Active,New (0-6 months),3
54667,0,11.0,Mobile Phone,Tier 1,10.0,UPI,Male,3.0,4,Fashion,3,Married,3,No Complaint,16.0,8.0,8.0,3.0,219.34,Active,Mid (6-12 months),0
54668,0,3.0,Mobile Phone,Tier 3,10.0,Credit Card,Female,4.0,4,Laptop & Accessory,3,Married,3,No Complaint,15.0,1.0,2.0,3.0,180.61,Active,New (0-6 months),0
54669,0,9.0,Mobile Phone,Tier 1,13.0,Debit Card,Male,3.0,6,Laptop & Accessory,1,Single,3,No Complaint,14.0,1.0,12.0,9.0,191.46,Active,Mid (6-12 months),1
54670,0,7.0,Computer,Tier 1,13.0,Debit Card,Male,2.0,4,Laptop & Accessory,1,Married,5,No Complaint,24.0,4.0,5.0,8.0,202.25,Active,Mid (6-12 months),1
54671,0,28.0,Mobile Phone,Tier 2,26.0,Credit Card,Male,3.0,4,Fashion,4,Married,4,No Complaint,16.0,3.0,2.0,2.0,232.25,Active,Loyal (12+ months),0
54672,0,10.0,Mobile Phone,Tier 1,16.0,Credit Card,Male,3.0,5,Laptop & Accessory,4,Married,4,Complained,12.0,1.0,2.0,3.0,213.47,Active,Mid (6-12 months),2
54673,0,1.0,Phone,Tier 1,10.0,Credit Card,Male,3.0,5,Mobile Phone,1,Single,2,No Complaint,14.0,2.0,2.0,2.0,145.45,Active,New (0-6 months),1
54674,1,1.0,Phone,Tier 1,17.0,Credit Card,Male,3.0,4,Mobile,3,Single,3,Complained,12.0,2.0,2.0,2.0,135.09,Churned,New (0-6 months),2
54675,1,1.0,Computer,Tier 1,10.0,Debit Card,Male,4.0,4,Mobile Phone,5,Single,3,Complained,12.0,6.0,10.0,8.0,158.48,Churned,New (0-6 months),2
54676,0,9.0,Computer,Tier 1,10.0,Debit Card,Male,3.0,5,Mobile Phone,3,Married,3,No Complaint,19.0,2.0,2.0,1.0,137.81,Active,Mid (6-12 months),0
54677,0,1.0,Mobile Phone,Tier 1,11.0,Credit Card,Male,3.0,2,Mobile Phone,5,Married,4,No Complaint,17.0,1.0,2.0,3.0,153.19,Active,New (0-6 months),0
54678,0,1.0,Mobile Phone,Tier 3,15.0,Debit Card,Male,3.0,2,Laptop & Accessory,4,Married,2,No Complaint,23.0,2.0,2.0,3.0,173.51,Active,New (0-6 months),0
54679,0,12.0,Mobile Phone,Tier 3,14.0,E wallet,Female,3.0,5,Laptop & Accessory,1,Single,2,No Complaint,21.0,2.0,2.0,6.0,165.28,Active,Mid (6-12 months),1
54680,0,3.0,Computer,Tier 1,7.0,Debit Card,Male,4.0,6,Mobile Phone,1,Married,3,No Complaint,19.0,1.0,3.0,9.0,152.2,Active,New (0-6 months),1
54681,0,22.0,Mobile Phone,Tier 3,9.0,E wallet,Male,3.0,2,Laptop & Accessory,4,Married,5,No Complaint,13.0,1.0,3.0,3.0,206.2,Active,Loyal (12+ months),0
54682,0,1.0,Computer,Tier 3,10.0,Credit Card,Female,4.0,2,Laptop & Accessory,1,Married,3,Complained,21.0,2.0,2.0,5.0,171.47,Active,New (0-6 months),3
54683,0,11.0,Mobile Phone,Tier 1,17.0,Debit Card,Male,4.0,2,Mobile Phone,1,Single,5,No Complaint,18.0,2.0,2.0,1.0,171.8,Active,Mid (6-12 months),1
54684,0,24.0,Mobile Phone,Tier 1,35.0,Credit Card,Male,4.0,2,Mobile Phone,3,Married,3,Complained,12.0,1.0,4.0,9.0,157.21,Active,Loyal (12+ months),2
54685,0,8.0,Mobile Phone,Tier 1,16.0,Credit Card,Female,3.0,5,Fashion,4,Single,3,No Complaint,15.0,5.0,8.0,3.0,211.21,Active,Mid (6-12 months),0
54686,1,1.0,Mobile Phone,Tier 3,10.0,Debit Card,Female,4.0,4,Laptop & Accessory,3,Single,11,No Complaint,15.0,2.0,3.0,1.0,170.77,Churned,New (0-6 months),0
54687,0,13.0,Mobile Phone,Tier 1,9.0,COD,Female,4.0,5,Laptop & Accessory,3,Single,3,No Complaint,12.0,2.0,12.0,11.0,170.53,Active,Loyal (12+ months),0
54688,0,6.0,Mobile Phone,Tier 3,17.0,E wallet,Male,3.0,4,Laptop & Accessory,1,Single,3,No Complaint,13.0,2.0,2.0,9.0,178.96,Active,New (0-6 months),1
54689,1,14.0,Computer,Tier 3,15.0,Cash on Delivery,Male,3.0,4,Laptop & Accessory,3,Married,5,Complained,15.0,1.0,2.0,4.0,192.96,Churned,Loyal (12+ months),2
54690,0,12.0,Mobile Phone,Tier 1,7.0,Debit Card,Female,3.0,2,Laptop & Accessory,1,Single,2,No Complaint,14.0,1.0,2.0,9.0,201.25,Active,Mid (6-12 months),1
54691,0,1.0,Mobile Phone,Tier 1,7.0,Debit Card,Female,4.0,4,Fashion,5,Married,3,No Complaint,12.0,1.0,2.0,8.0,199.12,Active,New (0-6 months),0
54692,0,6.0,Mobile Phone,Tier 1,10.0,Debit Card,Female,3.0,4,Fashion,1,Single,5,No Complaint,16.0,7.0,2.0,8.0,236.59,Active,New (0-6 months),1
54693,0,21.0,Mobile Phone,Tier 3,21.0,E wallet,Male,3.0,4,Laptop & Accessory,5,Single,4,No Complaint,13.0,2.0,2.0,8.0,174.6,Active,Loyal (12+ months),0
54694,0,14.0,Computer,Tier 3,12.0,Debit Card,Male,3.0,5,Fashion,5,Married,7,Complained,22.0,1.0,2.0,3.0,229.75,Active,Loyal (12+ months),2
54695,0,27.0,Mobile Phone,Tier 1,14.0,Debit Card,Male,3.0,2,Grocery,3,Married,5,No Complaint,20.0,1.0,2.0,4.0,273.14,Active,Loyal (12+ months),0
54696,0,15.0,Mobile Phone,Tier 2,17.0,UPI,Male,4.0,5,Others,1,Married,5,No Complaint,15.0,4.0,13.0,7.0,316.41,Active,Loyal (12+ months),1
54697,0,31.0,Mobile Phone,Tier 3,23.0,E wallet,Male,3.0,4,Laptop & Accessory,5,Single,10,No Complaint,15.0,3.0,3.0,3.0,179.05,Active,Loyal (12+ months),0
54698,0,1.0,Computer,Tier 1,17.0,Debit Card,Male,3.0,4,Fashion,5,Married,3,No Complaint,22.0,1.0,2.0,3.0,212.93,Active,New (0-6 months),0
54699,0,15.0,Mobile Phone,Tier 2,7.0,UPI,Male,3.0,5,Others,3,Married,3,No Complaint,15.0,2.0,3.0,11.0,316.89,Active,Loyal (12+ months),0
54700,0,24.0,Mobile Phone,Tier 3,15.0,E wallet,Male,3.0,4,Mobile Phone,4,Married,9,No Complaint,16.0,1.0,3.0,3.0,163.75,Active,Loyal (12+ months),0
54701,1,1.0,Phone,Tier 1,7.0,Debit Card,Female,4.0,6,Mobile Phone,4,Single,9,Complained,14.0,2.0,4.0,8.0,147.16,Churned,New (0-6 months),2
54702,0,10.0,Computer,Tier 1,15.0,Debit Card,Female,4.0,2,Fashion,5,Married,11,No Complaint,15.0,1.0,2.0,6.0,242.13,Active,Mid (6-12 months),0
54703,0,12.0,Mobile Phone,Tier 1,7.0,Debit Card,Female,3.0,4,Fashion,3,Single,6,Complained,15.0,1.0,2.0,1.0,203.61,Active,Mid (6-12 months),2
54704,0,18.0,Computer,Tier 1,31.0,Credit Card,Male,3.0,6,Mobile Phone,3,Single,4,No Complaint,15.0,1.0,2.0,5.0,162.08,Active,Loyal (12+ months),0
54705,0,21.0,Computer,Tier 3,10.0,Credit Card,Female,3.0,4,Grocery,3,Married,11,Complained,13.0,1.0,12.0,14.0,262.7,Active,Loyal (12+ months),2
54706,0,4.0,Mobile Phone,Tier 3,34.0,E wallet,Male,4.0,4,Laptop & Accessory,1,Married,9,No Complaint,24.0,3.0,8.0,8.0,178.04,Active,New (0-6 months),1
54707,0,3.0,Mobile Phone,Tier 3,17.0,Debit Card,Male,4.0,4,Mobile Phone,3,Single,3,No Complaint,12.0,2.0,2.0,1.0,151.42,Active,New (0-6 months),0
54708,1,6.0,Computer,Tier 1,26.0,Credit Card,Male,3.0,2,Mobile Phone,3,Married,8,Complained,13.0,1.0,3.0,3.0,152.59,Churned,New (0-6 months),2
54709,0,17.0,Computer,Tier 3,22.0,Debit Card,Male,3.0,5,Laptop & Accessory,1,Married,5,No Complaint,19.0,2.0,3.0,3.0,193.04,Active,Loyal (12+ months),1
54710,0,8.0,Mobile Phone,Tier 1,15.0,Credit Card,Female,4.0,4,Laptop & Accessory,3,Single,5,No Complaint,12.0,1.0,5.0,4.0,186.42,Active,Mid (6-12 months),0
54711,0,1.0,Mobile Phone,Tier 1,16.0,Credit Card,Male,3.0,4,Mobile Phone,5,Married,3,No Complaint,15.0,2.0,2.0,3.0,150.0,Active,New (0-6 months),0
54712,0,13.0,Mobile Phone,Tier 2,10.0,UPI,Female,3.0,2,Laptop & Accessory,4,Married,11,No Complaint,16.0,1.0,4.0,7.0,188.89,Active,Loyal (12+ months),0
54713,0,30.0,Mobile Phone,Tier 1,16.0,Credit Card,Male,3.0,4,Grocery,1,Married,9,No Complaint,12.0,1.0,2.0,2.0,236.03,Active,Loyal (12+ months),1
54714,0,14.0,Phone,Tier 1,9.0,Credit Card,Female,3.0,5,Mobile Phone,1,Single,2,Complained,21.0,1.0,3.0,4.0,148.42,Active,Loyal (12+ months),3
54715,0,1.0,Mobile Phone,Tier 1,14.0,Credit Card,Female,3.0,5,Laptop & Accessory,5,Single,10,No Complaint,20.0,2.0,2.0,8.0,193.11,Active,New (0-6 months),0
54716,0,3.0,Phone,Tier 3,17.0,E wallet,Male,3.0,4,Mobile Phone,4,Married,3,No Complaint,15.0,3.0,3.0,3.0,147.97,Active,New (0-6 months),0
54717,0,27.0,Phone,Tier 1,13.0,Debit Card,Male,3.0,4,Laptop & Accessory,1,Single,4,No Complaint,18.0,3.0,3.0,3.0,149.5,Active,Loyal (12+ months),1
54718,0,9.0,Computer,Tier 1,9.0,Debit Card,Female,4.0,4,Laptop & Accessory,5,Married,4,No Complaint,12.0,2.0,2.0,1.0,175.93,Active,Mid (6-12 months),0
54719,0,6.0,Computer,Tier 1,31.0,Debit Card,Male,4.0,4,Laptop & Accessory,1,Married,3,No Complaint,16.0,2.0,5.0,8.0,178.09,Active,New (0-6 months),1
54720,0,12.0,Mobile Phone,Tier 1,9.0,Credit Card,Male,4.0,4,Mobile Phone,3,Married,8,Complained,14.0,1.0,2.0,2.0,155.57,Active,Mid (6-12 months),2
54721,0,8.0,Mobile Phone,Tier 1,15.0,Debit Card,Female,3.0,4,Laptop & Accessory,5,Married,5,No Complaint,15.0,2.0,2.0,1.0,176.21,Active,Mid (6-12 months),0
54722,0,26.0,Mobile Phone,Tier 3,10.0,E wallet,Male,3.0,5,Grocery,5,Married,3,No Complaint,15.0,2.0,2.0,17.0,293.56,Active,Loyal (12+ months),0
54723,1,1.0,Mobile Phone,Tier 1,7.0,UPI,Male,4.0,4,Mobile Phone,1,Single,3,Complained,14.0,7.0,8.0,9.0,151.86,Churned,New (0-6 months),3
54724,0,1.0,Mobile Phone,Tier 3,33.0,Credit Card,Female,3.0,4,Laptop & Accessory,1,Single,3,No Complaint,24.0,1.0,2.0,5.0,186.8,Active,New (0-6 months),1
54725,0,19.0,Mobile Phone,Tier 3,9.0,COD,Male,3.0,6,Laptop & Accessory,3,Single,2,No Complaint,14.0,2.0,4.0,2.0,191.32,Active,Loyal (12+ months),0
54726,0,1.0,Mobile Phone,Tier 1,17.0,Credit Card,Male,4.0,2,Mobile Phone,3,Single,3,No Complaint,19.0,1.0,2.0,3.0,160.05,Active,New (0-6 months),0
54727,1,11.0,Computer,Tier 3,34.0,Debit Card,Female,4.0,2,Laptop & Accessory,3,Single,6,Complained,13.0,1.0,2.0,4.0,188.97,Churned,Mid (6-12 months),2
54728,0,8.0,Mobile Phone,Tier 3,9.0,UPI,Male,3.0,4,Laptop & Accessory,1,Single,3,No Complaint,23.0,1.0,2.0,5.0,187.74,Active,Mid (6-12 months),1
54729,1,19.0,Mobile Phone,Tier 1,9.0,Credit Card,Male,4.0,4,Others,5,Married,7,Complained,14.0,2.0,2.0,5.0,323.59,Churned,Loyal (12+ months),2
54730,0,10.0,Computer,Tier 3,15.0,Debit Card,Male,4.0,5,Fashion,5,Single,3,No Complaint,16.0,1.0,2.0,10.0,200.87,Active,Mid (6-12 months),0
54731,0,26.0,Computer,Tier 1,26.0,Credit Card,Male,3.0,4,Mobile Phone,1,Married,2,No Complaint,19.0,2.0,2.0,3.0,167.58,Active,Loyal (12+ months),1
54732,0,1.0,Computer,Tier 1,7.0,Debit Card,Female,4.0,6,Mobile Phone,1,Married,5,No Complaint,15.0,3.0,3.0,1.0,168.64,Active,New (0-6 months),1
54733,0,3.0,Mobile Phone,Tier 1,34.0,Credit Card,Female,4.0,4,Laptop & Accessory,3,Married,6,No Complaint,13.0,1.0,2.0,2.0,168.35,Active,New (0-6 months),0
54734,1,1.0,Mobile Phone,Tier 3,15.0,COD,Male,3.0,5,Laptop & Accessory,5,Single,8,No Complaint,18.0,1.0,2.0,3.0,178.26,Churned,New (0-6 months),0
54735,0,8.0,Mobile Phone,Tier 1,7.0,Debit Card,Female,4.0,2,Mobile Phone,1,Single,4,No Complaint,17.0,2.0,2.0,4.0,157.8,Active,Mid (6-12 months),1
54736,0,28.0,Mobile Phone,Tier 1,26.0,Credit Card,Female,4.0,4,Laptop & Accessory,5,Married,11,Complained,12.0,1.0,2.0,5.0,179.85,Active,Loyal (12+ months),2
54737,0,1.0,Computer,Tier 3,15.0,E wallet,Male,3.0,4,Laptop & Accessory,1,Married,2,No Complaint,20.0,2.0,2.0,2.0,168.42,Active,New (0-6 months),1
54738,0,11.0,Mobile Phone,Tier 1,17.0,Debit Card,Female,3.0,4,Mobile Phone,5,Married,2,Complained,14.0,5.0,5.0,4.0,152.82,Active,Mid (6-12 months),2
54739,0,12.0,Computer,Tier 1,9.0,Debit Card,Female,4.0,2,Laptop & Accessory,5,Single,8,Complained,13.0,1.0,5.0,13.0,184.8,Active,Mid (6-12 months),2
54740,0,8.0,Mobile Phone,Tier 1,9.0,Credit Card,Female,3.0,5,Mobile Phone,5,Single,3,No Complaint,12.0,2.0,2.0,4.0,168.81,Active,Mid (6-12 months),0
54741,0,9.0,Mobile Phone,Tier 3,15.0,Debit Card,Female,4.0,4,Mobile Phone,1,Married,3,No Complaint,17.0,2.0,2.0,3.0,150.72,Active,Mid (6-12 months),1
54742,0,4.0,Mobile Phone,Tier 1,7.0,Debit Card,Male,3.0,6,Mobile Phone,3,Married,5,No Complaint,22.0,2.0,2.0,3.0,163.33,Active,New (0-6 months),0
54743,0,14.0,Computer,Tier 1,9.0,Credit Card,Female,3.0,2,Laptop & Accessory,4,Married,3,No Complaint,25.0,1.0,4.0,8.0,167.44,Active,Loyal (12+ months),0
54744,0,8.0,Mobile Phone,Tier 3,15.0,Debit Card,Female,4.0,4,Laptop & Accessory,5,Married,7,No Complaint,18.0,2.0,2.0,3.0,190.0,Active,Mid (6-12 months),0
54745,0,16.0,Computer,Tier 1,15.0,Debit Card,Male,4.0,4,Others,1,Married,3,No Complaint,15.0,6.0,15.0,10.0,309.3,Active,Loyal (12+ months),1
54746,1,1.0,Phone,Tier 1,13.0,Debit Card,Male,4.0,2,Mobile Phone,5,Married,3,Complained,22.0,1.0,2.0,1.0,141.01,Churned,New (0-6 months),2
54747,0,1.0,Computer,Tier 1,16.0,Debit Card,Male,3.0,5,Mobile Phone,4,Married,3,No Complaint,12.0,1.0,2.0,1.0,151.94,Active,New (0-6 months),0
54748,0,26.0,Mobile Phone,Tier 1,18.0,Debit Card,Female,3.0,4,Laptop & Accessory,3,Married,10,No Complaint,21.0,2.0,2.0,5.0,156.49,Active,Loyal (12+ months),0
54749,0,24.0,Mobile Phone,Tier 1,9.0,Credit Card,Male,4.0,4,Grocery,3,Married,7,No Complaint,15.0,1.0,2.0,4.0,301.39,Active,Loyal (12+ months),0
54750,1,1.0,Phone,Tier 1,7.0,Debit Card,Female,3.0,5,Mobile Phone,5,Married,3,Complained,12.0,1.0,2.0,1.0,148.19,Churned,New (0-6 months),2
54751,0,7.0,Mobile Phone,Tier 1,14.0,Credit Card,Male,3.0,4,Fashion,3,Married,2,No Complaint,12.0,2.0,2.0,8.0,241.91000000000005,Active,Mid (6-12 months),0
54752,1,1.0,Mobile Phone,Tier 3,23.0,E wallet,Female,4.0,4,Laptop & Accessory,5,Single,7,No Complaint,16.0,2.0,2.0,3.0,178.24,Churned,New (0-6 months),0
54753,0,21.0,Mobile Phone,Tier 1,9.0,UPI,Female,3.0,4,Grocery,1,Married,3,Complained,15.0,4.0,4.0,1.0,292.52,Active,Loyal (12+ months),3
54754,0,10.0,Mobile Phone,Tier 1,7.0,UPI,Female,3.0,4,Laptop & Accessory,4,Married,2,No Complaint,16.0,2.0,2.0,6.0,177.28,Active,Mid (6-12 months),0
54755,0,3.0,Mobile Phone,Tier 1,30.0,Debit Card,Male,3.0,2,Mobile Phone,3,Married,3,No Complaint,25.0,2.0,2.0,8.0,152.0,Active,New (0-6 months),0
54756,1,21.0,Mobile Phone,Tier 1,9.0,Debit Card,Male,3.0,4,Others,4,Single,9,Complained,15.0,8.0,14.0,9.0,317.46,Churned,Loyal (12+ months),2
54757,0,9.0,Mobile Phone,Tier 1,7.0,Debit Card,Female,3.0,2,Mobile Phone,3,Single,5,No Complaint,14.0,3.0,3.0,3.0,150.06,Active,Mid (6-12 months),0
54758,0,16.0,Mobile Phone,Tier 1,7.0,Debit Card,Female,3.0,5,Laptop & Accessory,1,Married,11,Complained,14.0,1.0,2.0,3.0,185.62,Active,Loyal (12+ months),3
54759,1,1.0,Mobile Phone,Tier 1,9.0,Credit Card,Male,3.0,4,Mobile Phone,3,Single,8,No Complaint,18.0,3.0,3.0,2.0,168.82,Churned,New (0-6 months),0
54760,0,10.0,Phone,Tier 2,20.0,UPI,Male,3.0,4,Mobile Phone,4,Married,6,No Complaint,14.0,2.0,2.0,5.0,146.43,Active,Mid (6-12 months),0
54761,0,6.0,Mobile Phone,Tier 1,11.0,Debit Card,Female,4.0,5,Laptop & Accessory,3,Married,3,No Complaint,13.0,6.0,7.0,9.0,186.62,Active,New (0-6 months),0
54762,0,14.0,Computer,Tier 1,23.0,Credit Card,Male,3.0,5,Laptop & Accessory,3,Single,8,No Complaint,15.0,1.0,2.0,1.0,175.94,Active,Loyal (12+ months),0
54763,0,4.0,Mobile Phone,Tier 1,9.0,Credit Card,Female,3.0,5,Laptop & Accessory,1,Single,7,Complained,25.0,2.0,2.0,1.0,193.77,Active,New (0-6 months),3
54764,0,19.0,Phone,Tier 1,9.0,Debit Card,Female,4.0,5,Mobile Phone,3,Single,3,No Complaint,15.0,2.0,2.0,1.0,147.74,Active,Loyal (12+ months),0
54765,0,16.0,Mobile Phone,Tier 1,36.0,Debit Card,Male,4.0,4,Laptop & Accessory,4,Married,3,No Complaint,14.0,6.0,8.0,9.0,169.34,Active,Loyal (12+ months),0
54766,0,12.0,Computer,Tier 1,19.0,Debit Card,Male,1.0,5,Laptop & Accessory,5,Married,4,No Complaint,16.0,2.0,2.0,3.0,187.88,Active,Mid (6-12 months),0
54767,0,8.0,Computer,Tier 1,23.0,Debit Card,Female,4.0,5,Mobile Phone,1,Single,3,No Complaint,17.0,2.0,2.0,4.0,150.53,Active,Mid (6-12 months),1
54768,1,13.0,Mobile Phone,Tier 3,18.0,E wallet,Female,3.0,4,Fashion,1,Married,3,No Complaint,19.0,1.0,8.0,8.0,201.54,Churned,Loyal (12+ months),1
54769,1,19.0,Mobile Phone,Tier 3,9.0,Credit Card,Male,3.0,4,Laptop & Accessory,1,Single,6,No Complaint,17.0,2.0,8.0,4.0,176.6,Churned,Loyal (12+ months),1
54770,0,17.0,Mobile Phone,Tier 1,21.0,Debit Card,Male,4.0,4,Grocery,5,Married,8,No Complaint,15.0,2.0,2.0,1.0,296.59,Active,Loyal (12+ months),0
54771,0,1.0,Mobile Phone,Tier 1,12.0,Cash on Delivery,Male,3.0,5,Fashion,1,Married,3,Complained,17.0,2.0,2.0,9.0,253.08,Active,New (0-6 months),3
54772,0,9.0,Mobile Phone,Tier 1,14.0,UPI,Male,3.0,4,Fashion,3,Single,5,No Complaint,22.0,1.0,2.0,3.0,227.21,Active,Mid (6-12 months),0
54773,0,2.0,Mobile Phone,Tier 3,9.0,E wallet,Female,3.0,4,Laptop & Accessory,4,Married,3,Complained,21.0,7.0,8.0,6.0,172.79,Active,New (0-6 months),2
54774,0,8.0,Mobile Phone,Tier 2,10.0,UPI,Male,3.0,4,Mobile Phone,1,Married,2,No Complaint,20.0,2.0,2.0,3.0,162.37,Active,Mid (6-12 months),1
54775,1,1.0,Computer,Tier 1,12.0,Credit Card,Female,3.0,5,Mobile Phone,3,Married,3,Complained,15.0,1.0,2.0,8.0,148.66,Churned,New (0-6 months),2
54776,0,1.0,Computer,Tier 1,10.0,Credit Card,Male,3.0,4,Mobile Phone,1,Married,3,No Complaint,12.0,1.0,2.0,1.0,142.06,Active,New (0-6 months),1
54777,0,25.0,Mobile Phone,Tier 3,33.0,E wallet,Female,4.0,4,Grocery,3,Married,4,No Complaint,15.0,1.0,5.0,18.0,288.07,Active,Loyal (12+ months),0
54778,0,18.0,Mobile Phone,Tier 1,11.0,Credit Card,Male,3.0,4,Laptop & Accessory,4,Single,11,No Complaint,13.0,2.0,3.0,4.0,184.33,Active,Loyal (12+ months),0
54779,0,1.0,Mobile Phone,Tier 1,9.0,Credit Card,Male,4.0,2,Mobile Phone,5,Single,9,No Complaint,14.0,1.0,2.0,2.0,159.24,Active,New (0-6 months),0
54780,0,7.0,Mobile Phone,Tier 3,7.0,Credit Card,Male,3.0,2,Laptop & Accessory,5,Married,3,No Complaint,23.0,1.0,2.0,9.0,165.37,Active,Mid (6-12 months),0
54781,0,9.0,Mobile Phone,Tier 1,34.0,Credit Card,Female,3.0,5,Mobile Phone,5,Single,3,No Complaint,12.0,1.0,2.0,2.0,150.59,Active,Mid (6-12 months),0
54782,0,10.0,Mobile Phone,Tier 3,7.0,Debit Card,Male,3.0,4,Laptop & Accessory,1,Married,3,Complained,15.0,4.0,5.0,12.0,187.01,Active,Mid (6-12 months),3
54783,0,6.0,Mobile Phone,Tier 3,20.0,Debit Card,Male,4.0,4,Laptop & Accessory,1,Married,4,No Complaint,12.0,1.0,2.0,4.0,169.03,Active,New (0-6 months),1
54784,0,4.0,Computer,Tier 1,12.0,Debit Card,Male,4.0,5,Mobile Phone,1,Married,11,No Complaint,13.0,1.0,2.0,4.0,162.61,Active,New (0-6 months),1
54785,0,27.0,Mobile Phone,Tier 3,14.0,E wallet,Female,4.0,5,Fashion,1,Married,9,Complained,19.0,1.0,2.0,5.0,234.34,Active,Loyal (12+ months),3
54786,0,19.0,Mobile Phone,Tier 3,16.0,E wallet,Male,4.0,4,Fashion,5,Married,6,Complained,13.0,1.0,2.0,3.0,232.61,Active,Loyal (12+ months),2
54787,0,6.0,Mobile Phone,Tier 1,15.0,Credit Card,Female,4.0,2,Laptop & Accessory,3,Married,7,No Complaint,13.0,2.0,2.0,4.0,176.75,Active,New (0-6 months),0
54788,0,26.0,Computer,Tier 1,32.0,Credit Card,Female,3.0,5,Grocery,1,Married,5,No Complaint,23.0,1.0,2.0,1.0,263.26,Active,Loyal (12+ months),1
54789,0,11.0,Mobile Phone,Tier 3,23.0,E wallet,Male,4.0,5,Laptop & Accessory,3,Married,6,No Complaint,20.0,2.0,2.0,1.0,188.34,Active,Mid (6-12 months),0
54790,0,2.0,Mobile Phone,Tier 2,15.0,Credit Card,Male,4.0,5,Mobile Phone,1,Married,3,No Complaint,14.0,2.0,2.0,5.0,174.36,Active,New (0-6 months),1
54791,0,1.0,Mobile Phone,Tier 1,7.0,Debit Card,Male,3.0,5,Laptop & Accessory,1,Married,8,No Complaint,23.0,3.0,3.0,3.0,172.75,Active,New (0-6 months),1
54792,0,18.0,Mobile Phone,Tier 1,15.0,Debit Card,Male,4.0,2,Mobile Phone,1,Married,4,Complained,25.0,2.0,2.0,3.0,153.18,Active,Loyal (12+ months),3
54793,0,16.0,Computer,Tier 1,9.0,Credit Card,Male,3.0,4,Mobile Phone,1,Single,7,Complained,15.0,2.0,3.0,3.0,150.15,Active,Loyal (12+ months),3
54794,0,10.0,Phone,Tier 2,15.0,Debit Card,Male,4.0,5,Mobile Phone,5,Married,2,No Complaint,22.0,1.0,2.0,4.0,148.42,Active,Mid (6-12 months),0
54795,0,1.0,Mobile Phone,Tier 3,10.0,UPI,Male,4.0,4,Laptop & Accessory,5,Married,3,Complained,19.0,1.0,2.0,4.0,166.94,Active,New (0-6 months),2
54796,0,9.0,Mobile Phone,Tier 1,16.0,Debit Card,Female,4.0,5,Fashion,3,Married,3,Complained,21.0,4.0,2.0,16.0,231.85,Active,Mid (6-12 months),2
54797,1,1.0,Computer,Tier 1,32.0,Debit Card,Female,4.0,4,Mobile Phone,4,Married,3,Complained,20.0,7.0,8.0,9.0,145.22,Churned,New (0-6 months),2
54798,0,6.0,Computer,Tier 1,7.0,Debit Card,Male,4.0,4,Mobile Phone,1,Married,2,No Complaint,13.0,2.0,2.0,3.0,148.14,Active,New (0-6 months),1
54799,0,1.0,Mobile Phone,Tier 3,11.0,E wallet,Male,3.0,5,Laptop & Accessory,5,Married,3,No Complaint,13.0,2.0,2.0,4.0,167.56,Active,New (0-6 months),0
54800,0,23.0,Mobile Phone,Tier 1,7.0,COD,Female,3.0,4,Mobile Phone,5,Married,4,No Complaint,17.0,1.0,2.0,3.0,160.8,Active,Loyal (12+ months),0
54801,0,1.0,Computer,Tier 1,11.0,Debit Card,Male,3.0,5,Mobile Phone,1,Married,2,No Complaint,18.0,1.0,4.0,5.0,156.62,Active,New (0-6 months),1
54802,0,6.0,Computer,Tier 3,12.0,Debit Card,Male,3.0,4,Laptop & Accessory,4,Married,3,No Complaint,15.0,3.0,6.0,4.0,190.24,Active,New (0-6 months),0
54803,0,12.0,Mobile Phone,Tier 3,16.0,E wallet,Male,4.0,5,Mobile Phone,4,Married,2,No Complaint,20.0,1.0,2.0,3.0,153.99,Active,Mid (6-12 months),0
54804,0,16.0,Mobile Phone,Tier 1,10.0,Debit Card,Female,4.0,2,Laptop & Accessory,1,Married,4,Complained,14.0,2.0,2.0,4.0,177.31,Active,Loyal (12+ months),3
54805,0,5.0,Phone,Tier 1,18.0,Debit Card,Male,3.0,4,Mobile Phone,1,Married,5,Complained,20.0,1.0,2.0,3.0,148.56,Active,New (0-6 months),3
54806,1,1.0,Mobile Phone,Tier 3,7.0,Credit Card,Female,3.0,5,Mobile Phone,3,Married,8,Complained,20.0,2.0,2.0,3.0,153.0,Churned,New (0-6 months),2
54807,0,27.0,Mobile Phone,Tier 3,15.0,E wallet,Male,4.0,4,Grocery,1,Married,7,No Complaint,15.0,3.0,2.0,3.0,243.36,Active,Loyal (12+ months),1
54808,0,9.0,Mobile Phone,Tier 1,32.0,Cash on Delivery,Male,4.0,5,Fashion,4,Married,5,No Complaint,17.0,3.0,2.0,9.0,234.03,Active,Mid (6-12 months),0
54809,0,11.0,Computer,Tier 3,28.0,Credit Card,Female,3.0,4,Mobile Phone,1,Married,7,No Complaint,16.0,2.0,2.0,1.0,154.73,Active,Mid (6-12 months),1
54810,0,27.0,Mobile Phone,Tier 1,30.0,Debit Card,Female,4.0,4,Grocery,1,Single,8,No Complaint,19.0,1.0,4.0,9.0,267.75,Active,Loyal (12+ months),1
54811,0,17.0,Computer,Tier 1,7.0,Debit Card,Female,3.0,4,Laptop & Accessory,1,Married,6,No Complaint,14.0,2.0,3.0,3.0,180.62,Active,Loyal (12+ months),1
54812,0,21.0,Mobile Phone,Tier 3,9.0,E wallet,Female,3.0,4,Laptop & Accessory,1,Married,2,Complained,23.0,4.0,8.0,8.0,170.37,Active,Loyal (12+ months),3
54813,0,11.0,Computer,Tier 3,26.0,Credit Card,Male,3.0,4,Fashion,4,Single,3,Complained,14.0,1.0,2.0,10.0,201.42,Active,Mid (6-12 months),2
54814,0,24.0,Computer,Tier 1,9.0,Debit Card,Male,4.0,4,Grocery,5,Married,3,No Complaint,15.0,14.0,15.0,8.0,304.24,Active,Loyal (12+ months),0
54815,0,13.0,Mobile Phone,Tier 2,9.0,Debit Card,Female,3.0,5,Laptop & Accessory,1,Married,10,No Complaint,12.0,2.0,2.0,5.0,177.04,Active,Loyal (12+ months),1
54816,0,7.0,Phone,Tier 2,10.0,UPI,Male,3.0,4,Mobile Phone,4,Married,5,Complained,12.0,1.0,2.0,4.0,147.77,Active,Mid (6-12 months),2
54817,1,1.0,Mobile Phone,Tier 1,32.0,Debit Card,Male,3.0,4,Mobile Phone,1,Single,3,Complained,25.0,1.0,2.0,2.0,152.95,Churned,New (0-6 months),3
54818,0,3.0,Mobile Phone,Tier 1,14.0,Credit Card,Female,4.0,5,Mobile Phone,1,Married,8,No Complaint,15.0,2.0,2.0,4.0,150.32,Active,New (0-6 months),1
54819,0,18.0,Mobile Phone,Tier 1,16.0,Debit Card,Male,4.0,4,Mobile Phone,5,Married,3,Complained,14.0,6.0,8.0,2.0,150.59,Active,Loyal (12+ months),2
54820,0,2.0,Mobile Phone,Tier 3,12.0,Credit Card,Male,4.0,4,Laptop & Accessory,1,Single,3,No Complaint,15.0,1.0,2.0,3.0,174.08,Active,New (0-6 months),1
54821,1,21.0,Computer,Tier 1,9.0,Debit Card,Male,3.0,5,Mobile Phone,1,Married,11,Complained,15.0,2.0,2.0,1.0,148.8,Churned,Loyal (12+ months),3
54822,0,17.0,Mobile Phone,Tier 1,15.0,Debit Card,Female,3.0,4,Laptop & Accessory,4,Married,6,No Complaint,22.0,2.0,2.0,1.0,172.65,Active,Loyal (12+ months),0
54823,1,1.0,Phone,Tier 3,9.0,Credit Card,Female,3.0,5,Mobile Phone,3,Single,3,No Complaint,14.0,2.0,2.0,3.0,145.44,Churned,New (0-6 months),0
54824,1,1.0,Mobile Phone,Tier 1,25.0,UPI,Female,4.0,4,Mobile Phone,1,Single,3,No Complaint,20.0,2.0,2.0,1.0,151.93,Churned,New (0-6 months),1
54825,0,10.0,Mobile Phone,Tier 1,21.0,Debit Card,Male,4.0,4,Laptop & Accessory,1,Married,2,Complained,18.0,3.0,5.0,12.0,190.86,Active,Mid (6-12 months),3
54826,0,21.0,Mobile Phone,Tier 3,9.0,Debit Card,Female,4.0,5,Mobile Phone,1,Single,3,Complained,19.0,1.0,2.0,3.0,157.94,Active,Loyal (12+ months),3
54827,1,1.0,Mobile Phone,Tier 1,10.0,Debit Card,Female,3.0,4,Laptop & Accessory,3,Married,2,Complained,20.0,2.0,2.0,3.0,166.71,Churned,New (0-6 months),2
54828,1,5.0,Mobile Phone,Tier 1,9.0,Debit Card,Female,3.0,6,Mobile Phone,1,Married,6,Complained,14.0,1.0,2.0,1.0,152.78,Churned,New (0-6 months),3
54829,0,2.0,Phone,Tier 1,16.0,Credit Card,Female,4.0,4,Mobile Phone,3,Married,7,No Complaint,19.0,1.0,3.0,3.0,148.77,Active,New (0-6 months),0
54830,1,3.0,Phone,Tier 1,13.0,Credit Card,Male,4.0,4,Mobile Phone,5,Married,9,Complained,22.0,2.0,3.0,3.0,149.04,Churned,New (0-6 months),2
54831,0,1.0,Phone,Tier 1,11.0,Debit Card,Female,4.0,4,Mobile Phone,3,Single,3,No Complaint,20.0,1.0,2.0,1.0,148.18,Active,New (0-6 months),0
54832,0,8.0,Phone,Tier 1,17.0,Debit Card,Male,3.0,4,Mobile Phone,4,Married,3,No Complaint,15.0,2.0,2.0,1.0,145.08,Active,Mid (6-12 months),0
54833,0,16.0,Mobile Phone,Tier 3,21.0,Credit Card,Female,4.0,5,Laptop & Accessory,3,Single,9,No Complaint,18.0,2.0,2.0,4.0,187.44,Active,Loyal (12+ months),0
54834,0,7.0,Mobile Phone,Tier 1,7.0,UPI,Male,4.0,5,Mobile Phone,5,Single,5,Complained,12.0,2.0,2.0,3.0,152.99,Active,Mid (6-12 months),2
54835,0,31.0,Mobile Phone,Tier 1,12.0,Cash on Delivery,Female,3.0,5,Fashion,4,Married,4,Complained,14.0,2.0,2.0,3.0,230.52,Active,Loyal (12+ months),2
54836,0,5.0,Phone,Tier 3,14.0,Debit Card,Male,3.0,5,Mobile Phone,3,Married,5,No Complaint,16.0,3.0,6.0,3.0,148.29,Active,New (0-6 months),0
54837,0,9.0,Mobile Phone,Tier 1,28.0,Debit Card,Female,3.0,4,Laptop & Accessory,1,Married,3,Complained,26.0,1.0,2.0,8.0,165.14,Active,Mid (6-12 months),3
54838,0,23.0,Mobile Phone,Tier 1,15.0,UPI,Female,3.0,4,Fashion,4,Married,6,No Complaint,12.0,1.0,2.0,8.0,199.03,Active,Loyal (12+ months),0
54839,0,22.0,Phone,Tier 1,27.0,Credit Card,Male,3.0,4,Mobile Phone,3,Married,6,No Complaint,18.0,2.0,2.0,1.0,147.59,Active,Loyal (12+ months),0
54840,0,5.0,Computer,Tier 3,27.0,E wallet,Female,3.0,4,Laptop & Accessory,3,Married,3,No Complaint,14.0,2.0,2.0,1.0,194.32,Active,New (0-6 months),0
54841,0,10.0,Mobile Phone,Tier 1,14.0,UPI,Male,4.0,4,Mobile Phone,1,Single,4,No Complaint,19.0,2.0,2.0,2.0,171.78,Active,Mid (6-12 months),1
54842,0,12.0,Mobile Phone,Tier 1,7.0,Cash on Delivery,Female,4.0,4,Fashion,5,Married,3,No Complaint,14.0,5.0,6.0,12.0,260.82,Active,Mid (6-12 months),0
54843,0,6.0,Computer,Tier 1,7.0,Debit Card,Female,4.0,5,Mobile Phone,4,Married,8,No Complaint,21.0,1.0,2.0,3.0,148.32,Active,New (0-6 months),0
54844,1,1.0,Phone,Tier 3,26.0,E wallet,Male,3.0,5,Mobile Phone,4,Married,3,Complained,19.0,1.0,2.0,1.0,149.13,Churned,New (0-6 months),2
54845,0,14.0,Mobile Phone,Tier 3,17.0,E wallet,Male,4.0,5,Fashion,4,Married,4,No Complaint,13.0,1.0,2.0,3.0,222.05,Active,Loyal (12+ months),0
54846,0,1.0,Computer,Tier 3,7.0,Credit Card,Male,3.0,5,Laptop & Accessory,5,Single,3,No Complaint,13.0,1.0,2.0,8.0,167.94,Active,New (0-6 months),0
54847,0,15.0,Mobile Phone,Tier 1,13.0,Credit Card,Male,3.0,4,Mobile Phone,5,Single,4,Complained,14.0,2.0,3.0,18.0,172.21,Active,Loyal (12+ months),2
54848,0,10.0,Mobile Phone,Tier 1,9.0,Credit Card,Male,4.0,4,Mobile Phone,3,Single,6,No Complaint,22.0,2.0,4.0,10.0,150.19,Active,Mid (6-12 months),0
54849,1,1.0,Phone,Tier 3,28.0,UPI,Male,3.0,5,Mobile Phone,4,Single,3,Complained,14.0,2.0,2.0,1.0,146.21,Churned,New (0-6 months),2
54850,1,1.0,Mobile Phone,Tier 1,11.0,COD,Male,3.0,4,Mobile Phone,5,Single,3,No Complaint,20.0,2.0,2.0,1.0,154.73,Churned,New (0-6 months),0
54851,0,5.0,Mobile Phone,Tier 1,19.0,Credit Card,Female,3.0,4,Laptop & Accessory,1,Married,2,Complained,12.0,7.0,9.0,6.0,183.55,Active,New (0-6 months),3
54852,0,14.0,Computer,Tier 1,16.0,Credit Card,Male,3.0,4,Mobile Phone,4,Married,10,Complained,15.0,1.0,2.0,1.0,161.17,Active,Loyal (12+ months),2
54853,0,6.0,Mobile Phone,Tier 1,10.0,Credit Card,Female,4.0,4,Laptop & Accessory,5,Married,3,No Complaint,13.0,2.0,7.0,4.0,192.25,Active,New (0-6 months),0
54854,1,1.0,Mobile Phone,Tier 3,10.0,Debit Card,Male,3.0,5,Fashion,1,Married,3,Complained,12.0,4.0,4.0,3.0,228.25,Churned,New (0-6 months),3
54855,0,7.0,Mobile Phone,Tier 1,7.0,Debit Card,Female,3.0,5,Laptop & Accessory,1,Single,2,No Complaint,15.0,2.0,2.0,5.0,194.49,Active,Mid (6-12 months),1
54856,1,1.0,Mobile Phone,Tier 3,7.0,Debit Card,Male,3.0,5,Fashion,3,Married,7,No Complaint,12.0,6.0,12.0,3.0,231.09,Churned,New (0-6 months),0
54857,0,19.0,Computer,Tier 1,11.0,Debit Card,Male,3.0,4,Laptop & Accessory,4,Married,3,No Complaint,13.0,2.0,2.0,9.0,169.47,Active,Loyal (12+ months),0
54858,0,3.0,Computer,Tier 3,27.0,COD,Female,3.0,4,Mobile Phone,1,Married,3,No Complaint,16.0,1.0,2.0,3.0,146.57,Active,New (0-6 months),1
54859,0,9.0,Mobile Phone,Tier 3,25.0,Credit Card,Female,3.0,4,Laptop & Accessory,3,Married,3,No Complaint,17.0,2.0,2.0,1.0,171.01,Active,Mid (6-12 months),0
54860,0,26.0,Mobile Phone,Tier 1,7.0,Debit Card,Male,4.0,4,Grocery,1,Married,4,No Complaint,15.0,4.0,8.0,9.0,295.99,Active,Loyal (12+ months),1
54861,1,21.0,Mobile Phone,Tier 1,9.0,COD,Male,3.0,4,Mobile Phone,3,Single,6,No Complaint,25.0,1.0,2.0,1.0,149.79,Churned,Loyal (12+ months),0
54862,0,27.0,Mobile Phone,Tier 3,9.0,Credit Card,Male,3.0,4,Grocery,3,Married,8,No Complaint,14.0,1.0,16.0,3.0,273.52,Active,Loyal (12+ months),0
54863,0,4.0,Mobile Phone,Tier 3,15.0,UPI,Male,4.0,4,Fashion,3,Married,7,No Complaint,12.0,3.0,8.0,8.0,197.64,Active,New (0-6 months),0
54864,0,12.0,Computer,Tier 3,17.0,COD,Female,3.0,4,Laptop & Accessory,1,Single,3,Complained,14.0,2.0,2.0,4.0,181.66,Active,Mid (6-12 months),3
54865,0,9.0,Mobile Phone,Tier 3,10.0,Debit Card,Male,4.0,4,Fashion,1,Married,8,No Complaint,14.0,1.0,2.0,9.0,203.23,Active,Mid (6-12 months),1
54866,0,13.0,Mobile Phone,Tier 3,9.0,Debit Card,Male,3.0,2,Fashion,3,Single,2,No Complaint,19.0,1.0,2.0,8.0,203.8,Active,Loyal (12+ months),0
54867,1,4.0,Computer,Tier 3,31.0,Debit Card,Female,4.0,2,Grocery,4,Single,6,Complained,17.0,2.0,2.0,1.0,256.94,Churned,New (0-6 months),2
54868,0,21.0,Computer,Tier 1,23.0,Credit Card,Male,4.0,2,Laptop & Accessory,3,Married,3,Complained,20.0,2.0,3.0,8.0,175.67,Active,Loyal (12+ months),2
54869,0,10.0,Computer,Tier 3,15.0,COD,Male,3.0,4,Laptop & Accessory,1,Married,6,No Complaint,14.0,2.0,2.0,8.0,175.79,Active,Mid (6-12 months),1
54870,1,1.0,Computer,Tier 1,16.0,Credit Card,Male,3.0,5,Mobile Phone,5,Single,2,Complained,23.0,1.0,2.0,3.0,148.21,Churned,New (0-6 months),2
54871,0,7.0,Computer,Tier 3,24.0,Debit Card,Male,3.0,4,Grocery,3,Single,3,No Complaint,15.0,6.0,7.0,1.0,299.44,Active,Mid (6-12 months),0
54872,1,1.0,Phone,Tier 1,17.0,Debit Card,Female,4.0,5,Mobile Phone,5,Single,8,Complained,21.0,2.0,2.0,1.0,149.04,Churned,New (0-6 months),2
54873,0,7.0,Mobile Phone,Tier 1,20.0,Debit Card,Female,3.0,4,Mobile Phone,1,Single,5,No Complaint,19.0,2.0,2.0,3.0,159.52,Active,Mid (6-12 months),1
54874,0,19.0,Phone,Tier 1,7.0,Credit Card,Female,4.0,4,Mobile Phone,1,Married,5,No Complaint,15.0,2.0,2.0,3.0,147.7,Active,Loyal (12+ months),1
54875,0,24.0,Mobile Phone,Tier 1,7.0,Credit Card,Male,4.0,4,Grocery,1,Married,11,No Complaint,15.0,1.0,2.0,4.0,298.99,Active,Loyal (12+ months),1
54876,0,7.0,Computer,Tier 1,7.0,UPI,Female,3.0,2,Laptop & Accessory,4,Married,3,Complained,14.0,2.0,2.0,3.0,179.88,Active,Mid (6-12 months),2
54877,0,15.0,Computer,Tier 1,16.0,Credit Card,Male,4.0,4,Others,3,Married,4,No Complaint,15.0,1.0,2.0,12.0,319.19,Active,Loyal (12+ months),0
54878,0,1.0,Mobile Phone,Tier 1,23.0,COD,Female,3.0,4,Mobile Phone,4,Married,11,No Complaint,15.0,3.0,3.0,3.0,153.11,Active,New (0-6 months),0
54879,0,19.0,Computer,Tier 1,30.0,Debit Card,Male,3.0,4,Laptop & Accessory,5,Married,3,Complained,16.0,2.0,2.0,9.0,161.33,Active,Loyal (12+ months),2
54880,0,21.0,Mobile Phone,Tier 3,11.0,Debit Card,Female,3.0,4,Laptop & Accessory,1,Single,3,Complained,18.0,2.0,2.0,8.0,166.63,Active,Loyal (12+ months),3
54881,1,1.0,Phone,Tier 1,29.0,Debit Card,Female,3.0,4,Mobile Phone,3,Married,6,Complained,12.0,1.0,2.0,2.0,146.32,Churned,New (0-6 months),2
54882,0,24.0,Mobile Phone,Tier 1,31.0,Debit Card,Male,4.0,4,Grocery,3,Married,5,Complained,19.0,1.0,2.0,6.0,264.73,Active,Loyal (12+ months),2
54883,0,12.0,Computer,Tier 1,17.0,Credit Card,Male,4.0,4,Mobile Phone,3,Married,2,No Complaint,18.0,1.0,2.0,3.0,151.84,Active,Mid (6-12 months),0
54884,0,20.0,Mobile Phone,Tier 1,14.0,Credit Card,Male,4.0,4,Fashion,3,Married,8,No Complaint,14.0,2.0,2.0,8.0,233.45,Active,Loyal (12+ months),0
54885,0,1.0,Mobile Phone,Tier 1,24.0,Credit Card,Female,3.0,5,Laptop & Accessory,3,Married,3,No Complaint,16.0,1.0,4.0,3.0,168.77,Active,New (0-6 months),0
54886,1,1.0,Mobile Phone,Tier 1,21.0,UPI,Male,3.0,5,Mobile Phone,4,Married,3,Complained,25.0,2.0,2.0,3.0,162.43,Churned,New (0-6 months),2
54887,0,5.0,Computer,Tier 1,7.0,Debit Card,Female,4.0,4,Laptop & Accessory,5,Married,3,No Complaint,13.0,2.0,2.0,4.0,166.48,Active,New (0-6 months),0
54888,0,1.0,Computer,Tier 1,12.0,Debit Card,Male,4.0,4,Mobile Phone,1,Single,3,No Complaint,16.0,1.0,2.0,1.0,135.51,Active,New (0-6 months),1
54889,0,28.0,Mobile Phone,Tier 1,24.0,Cash on Delivery,Female,3.0,4,Fashion,3,Married,10,No Complaint,12.0,1.0,2.0,9.0,232.39,Active,Loyal (12+ months),0
54890,0,9.0,Mobile Phone,Tier 1,32.0,Credit Card,Female,3.0,4,Fashion,3,Married,3,Complained,12.0,1.0,11.0,3.0,228.88,Active,Mid (6-12 months),2
54891,0,4.0,Mobile Phone,Tier 1,15.0,Debit Card,Female,4.0,2,Fashion,5,Married,2,Complained,13.0,1.0,2.0,8.0,239.16000000000005,Active,New (0-6 months),2
54892,1,1.0,Mobile Phone,Tier 1,18.0,Credit Card,Female,4.0,5,Mobile Phone,5,Single,3,Complained,16.0,2.0,2.0,1.0,151.0,Churned,New (0-6 months),2
54893,1,1.0,Computer,Tier 1,12.0,Credit Card,Female,3.0,4,Mobile Phone,4,Single,2,No Complaint,18.0,1.0,2.0,3.0,149.22,Churned,New (0-6 months),0
54894,0,1.0,Mobile Phone,Tier 1,9.0,Credit Card,Male,3.0,2,Laptop & Accessory,1,Married,3,No Complaint,13.0,2.0,2.0,4.0,179.72,Active,New (0-6 months),1
54895,0,1.0,Mobile Phone,Tier 1,15.0,Debit Card,Male,4.0,6,Mobile Phone,5,Married,3,No Complaint,16.0,1.0,2.0,2.0,149.51,Active,New (0-6 months),0
54896,0,22.0,Mobile Phone,Tier 1,13.0,Debit Card,Male,4.0,5,Laptop & Accessory,3,Single,4,No Complaint,14.0,1.0,3.0,3.0,167.4,Active,Loyal (12+ months),0
54897,0,22.0,Mobile Phone,Tier 1,11.0,Debit Card,Male,4.0,5,Fashion,3,Single,9,No Complaint,15.0,2.0,2.0,9.0,234.99,Active,Loyal (12+ months),0
54898,0,15.0,Mobile Phone,Tier 1,14.0,Credit Card,Female,3.0,4,Laptop & Accessory,3,Single,8,No Complaint,15.0,3.0,3.0,2.0,175.03,Active,Loyal (12+ months),0
54899,0,13.0,Mobile Phone,Tier 1,7.0,Debit Card,Female,4.0,5,Grocery,1,Married,3,No Complaint,17.0,10.0,2.0,9.0,252.42,Active,Loyal (12+ months),1
54900,0,1.0,Mobile Phone,Tier 1,9.0,Debit Card,Female,3.0,4,Laptop & Accessory,1,Married,2,No Complaint,19.0,3.0,3.0,3.0,167.27,Active,New (0-6 months),1
54901,0,9.0,Mobile Phone,Tier 1,17.0,UPI,Male,3.0,4,Mobile Phone,1,Married,3,No Complaint,21.0,1.0,2.0,3.0,164.17,Active,Mid (6-12 months),1
54902,0,1.0,Mobile Phone,Tier 3,12.0,E wallet,Male,3.0,4,Others,3,Married,8,No Complaint,15.0,1.0,2.0,1.0,308.03,Active,New (0-6 months),0
54903,0,24.0,Phone,Tier 1,16.0,Debit Card,Male,4.0,4,Mobile Phone,1,Married,6,No Complaint,19.0,2.0,2.0,1.0,148.8,Active,Loyal (12+ months),1
54904,0,31.0,Mobile Phone,Tier 1,9.0,Debit Card,Female,4.0,5,Grocery,1,Single,5,Complained,14.0,1.0,5.0,4.0,262.26,Active,Loyal (12+ months),3
54905,1,1.0,Mobile Phone,Tier 1,18.0,Credit Card,Female,4.0,6,Laptop & Accessory,4,Married,7,No Complaint,16.0,2.0,2.0,1.0,172.77,Churned,New (0-6 months),0
54906,0,29.0,Computer,Tier 1,25.0,Credit Card,Male,4.0,4,Laptop & Accessory,4,Married,5,Complained,15.0,3.0,7.0,8.0,188.85,Active,Loyal (12+ months),2
54907,0,15.0,Computer,Tier 1,14.0,Debit Card,Female,3.0,6,Others,3,Married,3,No Complaint,23.0,6.0,6.0,11.0,324.73,Active,Loyal (12+ months),0
54908,0,12.0,Mobile Phone,Tier 3,10.0,Debit Card,Male,3.0,4,Laptop & Accessory,1,Single,10,Complained,13.0,2.0,2.0,1.0,193.61,Active,Mid (6-12 months),3
54909,1,1.0,Computer,Tier 3,36.0,Credit Card,Male,4.0,6,Laptop & Accessory,5,Single,10,No Complaint,19.0,2.0,3.0,3.0,174.69,Churned,New (0-6 months),0
54910,1,16.0,Mobile Phone,Tier 3,9.0,E wallet,Female,3.0,6,Others,1,Married,3,No Complaint,16.0,4.0,7.0,10.0,323.45,Churned,Loyal (12+ months),1
54911,0,18.0,Mobile Phone,Tier 3,35.0,Credit Card,Female,3.0,2,Grocery,1,Married,5,Complained,19.0,5.0,2.0,12.0,258.2,Active,Loyal (12+ months),3
54912,0,24.0,Computer,Tier 3,7.0,Debit Card,Female,4.0,4,Laptop & Accessory,3,Married,2,No Complaint,13.0,1.0,2.0,14.0,188.47,Active,Loyal (12+ months),0
54913,1,1.0,Mobile Phone,Tier 1,23.0,Debit Card,Female,3.0,2,Mobile Phone,5,Single,3,No Complaint,17.0,4.0,16.0,15.0,152.43,Churned,New (0-6 months),0
54914,0,13.0,Computer,Tier 1,29.0,Credit Card,Female,3.0,4,Fashion,5,Single,3,Complained,14.0,2.0,2.0,9.0,233.8,Active,Loyal (12+ months),2
54915,0,7.0,Computer,Tier 3,15.0,Debit Card,Female,3.0,5,Mobile Phone,1,Single,2,No Complaint,20.0,1.0,3.0,3.0,148.42,Active,Mid (6-12 months),1
54916,0,19.0,Mobile Phone,Tier 3,18.0,Debit Card,Female,3.0,4,Grocery,1,Married,5,No Complaint,15.0,1.0,2.0,2.0,301.5,Active,Loyal (12+ months),1
54917,0,6.0,Computer,Tier 1,36.0,Credit Card,Female,4.0,4,Mobile Phone,3,Single,11,No Complaint,13.0,7.0,8.0,8.0,165.25,Active,New (0-6 months),0
54918,0,8.0,Mobile Phone,Tier 3,7.0,E wallet,Male,4.0,2,Laptop & Accessory,1,Married,2,No Complaint,12.0,1.0,2.0,3.0,222.25,Active,Mid (6-12 months),1
54919,0,31.0,Mobile Phone,Tier 3,7.0,Cash on Delivery,Male,4.0,4,Fashion,1,Married,5,Complained,15.0,2.0,2.0,5.0,244.04,Active,Loyal (12+ months),3
54920,0,19.0,Phone,Tier 2,31.0,Credit Card,Male,3.0,4,Mobile Phone,4,Single,3,No Complaint,17.0,1.0,2.0,5.0,146.77,Active,Loyal (12+ months),0
54921,0,27.0,Computer,Tier 3,9.0,E wallet,Female,3.0,5,Fashion,4,Married,4,No Complaint,13.0,6.0,7.0,13.0,200.25,Active,Loyal (12+ months),0
54922,1,1.0,Mobile Phone,Tier 1,22.0,UPI,Male,3.0,4,Laptop & Accessory,3,Married,9,No Complaint,15.0,1.0,2.0,1.0,173.34,Churned,New (0-6 months),0
54923,1,1.0,Computer,Tier 1,9.0,Debit Card,Male,3.0,4,Mobile Phone,5,Married,8,Complained,15.0,1.0,2.0,3.0,145.42,Churned,New (0-6 months),2
54924,0,8.0,Phone,Tier 3,17.0,Debit Card,Female,3.0,4,Mobile Phone,3,Married,3,Complained,20.0,1.0,2.0,1.0,147.2,Active,Mid (6-12 months),2
54925,0,2.0,Phone,Tier 3,17.0,Credit Card,Male,4.0,4,Mobile Phone,4,Married,3,No Complaint,23.0,1.0,2.0,1.0,135.52,Active,New (0-6 months),0
54926,0,12.0,Computer,Tier 1,10.0,UPI,Male,3.0,4,Mobile Phone,3,Married,5,No Complaint,17.0,3.0,3.0,3.0,153.21,Active,Mid (6-12 months),0
54927,0,24.0,Mobile Phone,Tier 1,9.0,Credit Card,Male,4.0,4,Others,3,Married,4,Complained,15.0,5.0,8.0,8.0,317.37,Active,Loyal (12+ months),2
54928,0,11.0,Mobile Phone,Tier 1,10.0,UPI,Female,3.0,4,Laptop & Accessory,4,Single,5,No Complaint,16.0,2.0,2.0,2.0,166.07,Active,Mid (6-12 months),0
54929,0,14.0,Mobile Phone,Tier 3,33.0,E wallet,Male,4.0,4,Laptop & Accessory,5,Married,3,No Complaint,15.0,4.0,8.0,6.0,208.96,Active,Loyal (12+ months),0
54930,0,1.0,Computer,Tier 1,7.0,Credit Card,Female,4.0,5,Mobile Phone,3,Married,3,No Complaint,14.0,1.0,2.0,4.0,145.07,Active,New (0-6 months),0
54931,0,20.0,Mobile Phone,Tier 1,7.0,Credit Card,Male,3.0,4,Others,1,Married,11,No Complaint,15.0,2.0,3.0,3.0,321.27,Active,Loyal (12+ months),1
54932,0,28.0,Mobile Phone,Tier 3,9.0,Debit Card,Female,3.0,5,Fashion,3,Married,8,No Complaint,12.0,7.0,2.0,1.0,231.86,Active,Loyal (12+ months),0
54933,0,30.0,Computer,Tier 1,16.0,Credit Card,Female,4.0,4,Mobile Phone,3,Married,4,No Complaint,20.0,2.0,2.0,4.0,154.42,Active,Loyal (12+ months),0
54934,0,10.0,Mobile Phone,Tier 1,19.0,Credit Card,Female,3.0,5,Fashion,1,Single,2,No Complaint,12.0,6.0,8.0,3.0,213.58,Active,Mid (6-12 months),1
54935,0,29.0,Computer,Tier 1,9.0,Credit Card,Male,3.0,5,Grocery,5,Single,9,No Complaint,15.0,3.0,7.0,3.0,292.56,Active,Loyal (12+ months),0
54936,0,17.0,Mobile Phone,Tier 3,32.0,Credit Card,Male,4.0,5,Fashion,1,Married,7,No Complaint,14.0,2.0,2.0,1.0,232.98,Active,Loyal (12+ months),1
54937,1,1.0,Computer,Tier 3,16.0,E wallet,Female,3.0,4,Mobile Phone,1,Single,3,Complained,15.0,2.0,2.0,3.0,148.23,Churned,New (0-6 months),3
54938,1,1.0,Phone,Tier 1,17.0,Debit Card,Female,3.0,5,Mobile Phone,5,Single,3,No Complaint,14.0,1.0,2.0,1.0,139.16,Churned,New (0-6 months),0
54939,0,20.0,Mobile Phone,Tier 1,15.0,Debit Card,Female,4.0,5,Laptop & Accessory,5,Married,10,Complained,24.0,2.0,2.0,8.0,171.15,Active,Loyal (12+ months),2
54940,1,15.0,Mobile Phone,Tier 1,11.0,Debit Card,Male,3.0,4,Mobile Phone,3,Married,11,Complained,13.0,1.0,3.0,8.0,149.61,Churned,Loyal (12+ months),2
54941,1,1.0,Computer,Tier 1,31.0,Cash on Delivery,Male,4.0,5,Fashion,5,Single,3,No Complaint,13.0,2.0,2.0,3.0,212.22,Churned,New (0-6 months),0
54942,0,1.0,Mobile Phone,Tier 1,7.0,Credit Card,Male,3.0,5,Mobile Phone,5,Married,3,No Complaint,17.0,2.0,2.0,4.0,164.55,Active,New (0-6 months),0
54943,0,4.0,Mobile Phone,Tier 1,27.0,UPI,Male,3.0,4,Laptop & Accessory,5,Married,2,No Complaint,16.0,1.0,2.0,3.0,224.57,Active,New (0-6 months),0
54944,0,15.0,Mobile Phone,Tier 1,14.0,COD,Female,3.0,2,Mobile Phone,3,Married,3,No Complaint,14.0,1.0,2.0,9.0,158.76,Active,Loyal (12+ months),0
54945,0,12.0,Mobile Phone,Tier 1,24.0,Debit Card,Female,4.0,5,Fashion,3,Married,2,No Complaint,19.0,2.0,2.0,3.0,213.23,Active,Mid (6-12 months),0
54946,0,14.0,Mobile Phone,Tier 1,27.0,Cash on Delivery,Male,4.0,4,Fashion,1,Married,6,No Complaint,21.0,4.0,12.0,3.0,228.22,Active,Loyal (12+ months),1
54947,0,1.0,Computer,Tier 1,15.0,Debit Card,Male,3.0,6,Mobile Phone,3,Married,3,No Complaint,20.0,2.0,2.0,3.0,171.21,Active,New (0-6 months),0
54948,0,29.0,Computer,Tier 1,9.0,Debit Card,Male,4.0,4,Fashion,4,Married,5,No Complaint,19.0,1.0,2.0,3.0,234.76,Active,Loyal (12+ months),0
54949,0,2.0,Mobile Phone,Tier 1,17.0,UPI,Female,3.0,4,Laptop & Accessory,3,Single,5,No Complaint,14.0,1.0,2.0,8.0,161.6,Active,New (0-6 months),0
54950,1,8.0,Mobile Phone,Tier 2,7.0,Credit Card,Male,4.0,5,Fashion,5,Married,11,No Complaint,15.0,3.0,4.0,3.0,229.82,Churned,Mid (6-12 months),0
54951,0,7.0,Mobile Phone,Tier 1,12.0,Debit Card,Male,3.0,5,Fashion,1,Married,6,No Complaint,16.0,2.0,2.0,3.0,196.19,Active,Mid (6-12 months),1
54952,1,1.0,Mobile Phone,Tier 3,11.0,Cash on Delivery,Male,3.0,4,Fashion,5,Single,2,Complained,23.0,3.0,5.0,3.0,220.82,Churned,New (0-6 months),2
54953,1,1.0,Computer,Tier 1,36.0,Credit Card,Female,3.0,5,Laptop & Accessory,3,Single,3,No Complaint,23.0,3.0,4.0,9.0,170.08,Churned,New (0-6 months),0
54954,0,2.0,Phone,Tier 1,22.0,Debit Card,Male,3.0,4,Mobile Phone,3,Married,3,No Complaint,17.0,1.0,3.0,3.0,147.07,Active,New (0-6 months),0
54955,0,8.0,Computer,Tier 1,10.0,Debit Card,Male,3.0,4,Laptop & Accessory,1,Single,2,No Complaint,18.0,2.0,2.0,5.0,202.56,Active,Mid (6-12 months),1
54956,0,11.0,Mobile Phone,Tier 3,17.0,Debit Card,Female,3.0,5,Laptop & Accessory,1,Married,4,Complained,15.0,2.0,2.0,1.0,191.94,Active,Mid (6-12 months),3
54957,1,1.0,Mobile Phone,Tier 1,11.0,COD,Male,3.0,4,Mobile Phone,1,Married,3,Complained,16.0,5.0,6.0,7.0,161.91,Churned,New (0-6 months),3
54958,1,1.0,Phone,Tier 1,28.0,Credit Card,Male,3.0,4,Mobile Phone,3,Married,3,No Complaint,21.0,2.0,2.0,1.0,148.77,Churned,New (0-6 months),0
54959,1,1.0,Phone,Tier 1,32.0,Credit Card,Male,3.0,5,Mobile Phone,4,Single,6,Complained,21.0,2.0,3.0,3.0,148.13,Churned,New (0-6 months),2
54960,0,16.0,Mobile Phone,Tier 1,9.0,Credit Card,Male,3.0,4,Grocery,5,Married,2,No Complaint,15.0,6.0,14.0,8.0,301.65,Active,Loyal (12+ months),0
54961,1,1.0,Computer,Tier 1,7.0,Credit Card,Male,3.0,5,Mobile Phone,4,Married,3,No Complaint,16.0,2.0,2.0,1.0,150.96,Churned,New (0-6 months),0
54962,1,14.0,Computer,Tier 3,7.0,UPI,Male,3.0,4,Laptop & Accessory,3,Single,5,Complained,15.0,2.0,2.0,1.0,172.28,Churned,Loyal (12+ months),2
54963,0,7.0,Computer,Tier 3,14.0,Debit Card,Female,2.0,4,Laptop & Accessory,4,Married,2,No Complaint,18.0,1.0,2.0,3.0,168.02,Active,Mid (6-12 months),0
54964,0,8.0,Computer,Tier 1,10.0,Debit Card,Male,3.0,5,Mobile Phone,1,Married,5,No Complaint,18.0,1.0,2.0,1.0,154.79,Active,Mid (6-12 months),1
54965,0,22.0,Computer,Tier 1,7.0,Credit Card,Male,3.0,2,Grocery,1,Single,4,No Complaint,15.0,1.0,3.0,2.0,293.85,Active,Loyal (12+ months),1
54966,0,19.0,Computer,Tier 3,16.0,Debit Card,Female,4.0,5,Laptop & Accessory,3,Married,3,No Complaint,14.0,5.0,5.0,13.0,180.93,Active,Loyal (12+ months),0
54967,0,26.0,Mobile Phone,Tier 1,6.0,Debit Card,Male,3.0,4,Fashion,4,Single,9,No Complaint,20.0,3.0,5.0,3.0,229.45,Active,Loyal (12+ months),0
54968,0,12.0,Mobile Phone,Tier 3,17.0,E wallet,Male,4.0,5,Fashion,3,Married,2,Complained,15.0,2.0,3.0,3.0,212.4,Active,Mid (6-12 months),2
54969,0,3.0,Mobile Phone,Tier 1,35.0,Debit Card,Female,4.0,4,Mobile Phone,1,Married,6,No Complaint,23.0,2.0,2.0,8.0,150.14,Active,New (0-6 months),1
54970,0,2.0,Mobile Phone,Tier 1,10.0,Credit Card,Female,4.0,4,Fashion,4,Married,2,No Complaint,18.0,1.0,2.0,8.0,201.55,Active,New (0-6 months),0
54971,0,20.0,Mobile Phone,Tier 3,10.0,E wallet,Male,3.0,4,Grocery,3,Married,5,No Complaint,15.0,5.0,5.0,10.0,299.65,Active,Loyal (12+ months),0
54972,0,12.0,Mobile Phone,Tier 3,9.0,E wallet,Male,3.0,4,Fashion,4,Single,9,No Complaint,17.0,2.0,2.0,1.0,198.51,Active,Mid (6-12 months),0
54973,0,17.0,Computer,Tier 1,34.0,Debit Card,Female,3.0,4,Fashion,5,Married,10,No Complaint,12.0,2.0,2.0,2.0,233.2,Active,Loyal (12+ months),0
54974,1,3.0,Computer,Tier 1,9.0,Debit Card,Male,3.0,4,Grocery,1,Married,9,No Complaint,12.0,11.0,2.0,6.0,246.69,Churned,New (0-6 months),1
54975,0,14.0,Mobile Phone,Tier 1,21.0,Credit Card,Male,3.0,5,Others,3,Single,3,No Complaint,15.0,4.0,5.0,10.0,321.26,Active,Loyal (12+ months),0
54976,0,1.0,Phone,Tier 1,7.0,COD,Female,4.0,5,Mobile Phone,4,Single,3,Complained,12.0,2.0,3.0,3.0,145.7,Active,New (0-6 months),2
54977,0,13.0,Computer,Tier 1,16.0,Debit Card,Male,4.0,4,Laptop & Accessory,4,Single,11,No Complaint,16.0,2.0,2.0,4.0,192.82,Active,Loyal (12+ months),0
54978,0,10.0,Computer,Tier 1,25.0,Debit Card,Male,4.0,4,Laptop & Accessory,1,Single,4,No Complaint,21.0,1.0,2.0,10.0,202.79,Active,Mid (6-12 months),1
54979,0,5.0,Computer,Tier 3,27.0,Debit Card,Male,4.0,2,Mobile Phone,1,Married,2,No Complaint,13.0,3.0,3.0,3.0,152.91,Active,New (0-6 months),1
54980,0,2.0,Mobile Phone,Tier 1,9.0,Debit Card,Male,4.0,5,Mobile Phone,4,Married,2,No Complaint,18.0,1.0,2.0,5.0,157.01,Active,New (0-6 months),0
54981,0,9.0,Computer,Tier 3,18.0,E wallet,Male,3.0,4,Laptop & Accessory,1,Married,3,No Complaint,12.0,2.0,2.0,3.0,174.68,Active,Mid (6-12 months),1
54982,0,23.0,Mobile Phone,Tier 3,15.0,Cash on Delivery,Male,3.0,5,Grocery,4,Married,8,No Complaint,18.0,2.0,2.0,4.0,256.2,Active,Loyal (12+ months),0
54983,0,8.0,Computer,Tier 1,9.0,Debit Card,Male,4.0,4,Laptop & Accessory,3,Single,4,No Complaint,12.0,2.0,2.0,3.0,165.33,Active,Mid (6-12 months),0
54984,0,3.0,Computer,Tier 1,17.0,Debit Card,Female,4.0,4,Mobile Phone,4,Married,2,No Complaint,15.0,1.0,2.0,2.0,157.91,Active,New (0-6 months),0
54985,0,16.0,Mobile Phone,Tier 1,36.0,Credit Card,Male,3.0,6,Laptop & Accessory,1,Single,6,No Complaint,20.0,2.0,2.0,1.0,167.72,Active,Loyal (12+ months),1
54986,0,3.0,Mobile Phone,Tier 1,15.0,Credit Card,Male,4.0,5,Laptop & Accessory,1,Married,3,Complained,16.0,2.0,2.0,3.0,175.56,Active,New (0-6 months),3
54987,0,12.0,Mobile Phone,Tier 2,7.0,UPI,Male,3.0,2,Mobile Phone,3,Married,3,No Complaint,14.0,4.0,6.0,1.0,153.44,Active,Mid (6-12 months),0
54988,0,2.0,Computer,Tier 1,13.0,Debit Card,Male,3.0,5,Mobile Phone,3,Married,3,Complained,15.0,2.0,2.0,3.0,152.03,Active,New (0-6 months),2
54989,1,1.0,Computer,Tier 1,15.0,Credit Card,Male,4.0,4,Mobile Phone,3,Single,3,No Complaint,13.0,2.0,2.0,1.0,144.04,Churned,New (0-6 months),0
54990,1,1.0,Mobile Phone,Tier 3,16.0,E wallet,Female,4.0,4,Laptop & Accessory,5,Single,5,Complained,18.0,1.0,2.0,4.0,207.24,Churned,New (0-6 months),2
54991,0,15.0,Mobile Phone,Tier 1,19.0,Debit Card,Male,3.0,4,Mobile Phone,1,Married,5,Complained,12.0,2.0,2.0,1.0,172.66,Active,Loyal (12+ months),3
54992,1,1.0,Computer,Tier 1,22.0,Credit Card,Male,4.0,4,Mobile Phone,3,Married,3,No Complaint,13.0,2.0,3.0,3.0,151.1,Churned,New (0-6 months),0
54993,0,11.0,Mobile Phone,Tier 1,32.0,Credit Card,Female,3.0,5,Laptop & Accessory,1,Married,9,No Complaint,14.0,2.0,2.0,4.0,182.31,Active,Mid (6-12 months),1
54994,0,1.0,Mobile Phone,Tier 1,13.0,Debit Card,Male,3.0,5,Mobile Phone,3,Married,3,No Complaint,14.0,2.0,3.0,3.0,150.39,Active,New (0-6 months),0
54995,0,8.0,Mobile Phone,Tier 3,16.0,Debit Card,Female,4.0,4,Laptop & Accessory,3,Married,3,No Complaint,21.0,1.0,2.0,4.0,182.14,Active,Mid (6-12 months),0
54996,0,9.0,Mobile Phone,Tier 2,15.0,COD,Male,4.0,4,Mobile Phone,3,Single,3,No Complaint,18.0,1.0,2.0,5.0,168.23,Active,Mid (6-12 months),0
54997,1,1.0,Mobile Phone,Tier 3,30.0,Debit Card,Female,3.0,5,Fashion,5,Married,3,No Complaint,14.0,2.0,4.0,11.0,198.36,Churned,New (0-6 months),0
54998,0,14.0,Computer,Tier 1,16.0,Credit Card,Female,3.0,4,Fashion,3,Single,11,No Complaint,18.0,2.0,2.0,14.0,259.99,Active,Loyal (12+ months),0
54999,1,6.0,Computer,Tier 3,19.0,Debit Card,Male,3.0,4,Grocery,5,Single,2,Complained,13.0,1.0,14.0,15.0,262.58,Churned,New (0-6 months),2
55000,0,16.0,Mobile Phone,Tier 3,11.0,E wallet,Male,3.0,4,Laptop & Accessory,5,Single,9,No Complaint,14.0,2.0,2.0,6.0,176.55,Active,Loyal (12+ months),0
55001,0,9.0,Phone,Tier 1,7.0,Credit Card,Male,3.0,5,Mobile Phone,3,Married,8,No Complaint,13.0,2.0,2.0,8.0,147.58,Active,Mid (6-12 months),0
55002,0,1.0,Mobile Phone,Tier 1,31.0,Credit Card,Male,3.0,4,Mobile Phone,4,Single,10,No Complaint,23.0,1.0,2.0,3.0,160.97,Active,New (0-6 months),0
55003,1,1.0,Mobile Phone,Tier 1,19.0,Debit Card,Female,4.0,4,Mobile Phone,1,Married,3,Complained,12.0,2.0,2.0,1.0,150.15,Churned,New (0-6 months),3
55004,0,1.0,Mobile Phone,Tier 1,10.0,Credit Card,Male,3.0,2,Mobile Phone,1,Married,3,No Complaint,23.0,2.0,2.0,8.0,169.2,Active,New (0-6 months),1
55005,0,4.0,Mobile Phone,Tier 3,17.0,E wallet,Male,4.0,5,Laptop & Accessory,3,Married,3,No Complaint,19.0,1.0,2.0,5.0,190.78,Active,New (0-6 months),0
55006,0,14.0,Computer,Tier 1,33.0,Credit Card,Female,4.0,5,Laptop & Accessory,1,Married,5,Complained,14.0,1.0,2.0,1.0,169.22,Active,Loyal (12+ months),3
55007,0,9.0,Mobile Phone,Tier 1,9.0,Debit Card,Male,3.0,5,Fashion,4,Married,4,No Complaint,19.0,3.0,7.0,3.0,227.74,Active,Mid (6-12 months),0
55008,0,8.0,Computer,Tier 1,8.0,Credit Card,Male,4.0,5,Laptop & Accessory,5,Single,2,No Complaint,21.0,1.0,5.0,10.0,178.43,Active,Mid (6-12 months),0
55009,0,9.0,Computer,Tier 1,11.0,UPI,Male,3.0,5,Mobile Phone,1,Married,3,No Complaint,14.0,2.0,3.0,3.0,148.76,Active,Mid (6-12 months),1
55010,1,7.0,Mobile Phone,Tier 3,16.0,E wallet,Female,3.0,6,Laptop & Accessory,3,Single,10,No Complaint,14.0,1.0,2.0,4.0,178.46,Churned,Mid (6-12 months),0
55011,0,6.0,Computer,Tier 3,9.0,Debit Card,Female,4.0,4,Mobile Phone,5,Married,3,No Complaint,13.0,2.0,2.0,1.0,153.27,Active,New (0-6 months),0
55012,0,30.0,Mobile Phone,Tier 1,11.0,Cash on Delivery,Female,4.0,4,Others,5,Married,6,No Complaint,14.0,5.0,5.0,3.0,324.43,Active,Loyal (12+ months),0
55013,0,3.0,Mobile Phone,Tier 1,13.0,Credit Card,Female,3.0,4,Mobile Phone,1,Married,3,No Complaint,14.0,1.0,2.0,9.0,156.31,Active,New (0-6 months),1
55014,0,1.0,Mobile Phone,Tier 1,16.0,Debit Card,Male,3.0,4,Mobile Phone,5,Single,3,No Complaint,26.0,1.0,2.0,1.0,150.52,Active,New (0-6 months),0
55015,0,19.0,Mobile Phone,Tier 1,14.0,Credit Card,Female,3.0,4,Mobile Phone,3,Married,6,Complained,20.0,1.0,2.0,3.0,169.77,Active,Loyal (12+ months),2
55016,0,11.0,Mobile Phone,Tier 1,8.0,Debit Card,Female,3.0,5,Laptop & Accessory,1,Married,3,No Complaint,14.0,1.0,4.0,12.0,189.74,Active,Mid (6-12 months),1
55017,0,1.0,Mobile Phone,Tier 1,6.0,Debit Card,Male,3.0,5,Mobile Phone,3,Single,3,No Complaint,13.0,1.0,2.0,3.0,155.33,Active,New (0-6 months),0
55018,1,8.0,Mobile Phone,Tier 1,17.0,Debit Card,Male,4.0,4,Mobile Phone,3,Single,3,Complained,12.0,2.0,2.0,3.0,154.36,Churned,Mid (6-12 months),2
55019,0,27.0,Mobile Phone,Tier 1,14.0,Credit Card,Female,3.0,4,Others,3,Married,5,No Complaint,15.0,4.0,5.0,8.0,311.06,Active,Loyal (12+ months),0
55020,0,3.0,Phone,Tier 1,22.0,Debit Card,Female,4.0,6,Mobile Phone,1,Married,2,Complained,19.0,2.0,2.0,4.0,146.68,Active,New (0-6 months),3
55021,1,1.0,Computer,Tier 1,10.0,Debit Card,Male,3.0,5,Mobile Phone,1,Married,2,Complained,12.0,1.0,2.0,1.0,153.53,Churned,New (0-6 months),3
55022,0,20.0,Mobile Phone,Tier 3,9.0,E wallet,Female,4.0,4,Grocery,5,Married,10,No Complaint,15.0,7.0,16.0,10.0,295.48,Active,Loyal (12+ months),0
55023,0,18.0,Computer,Tier 1,24.0,Debit Card,Male,4.0,6,Mobile Phone,3,Single,4,No Complaint,14.0,2.0,2.0,1.0,147.9,Active,Loyal (12+ months),0
55024,0,7.0,Mobile Phone,Tier 2,9.0,UPI,Male,4.0,4,Mobile Phone,3,Married,3,No Complaint,14.0,2.0,2.0,5.0,161.0,Active,Mid (6-12 months),0
55025,1,5.0,Computer,Tier 1,12.0,Debit Card,Male,4.0,5,Mobile Phone,5,Married,8,No Complaint,18.0,1.0,2.0,1.0,146.07,Churned,New (0-6 months),0
55026,0,4.0,Mobile Phone,Tier 3,36.0,Debit Card,Male,4.0,4,Laptop & Accessory,5,Married,10,No Complaint,20.0,2.0,2.0,4.0,166.15,Active,New (0-6 months),0
55027,0,14.0,Computer,Tier 3,9.0,Credit Card,Male,4.0,4,Laptop & Accessory,4,Married,7,No Complaint,13.0,2.0,2.0,1.0,168.27,Active,Loyal (12+ months),0
55028,0,24.0,Computer,Tier 1,9.0,Credit Card,Female,2.0,4,Grocery,5,Married,4,No Complaint,15.0,1.0,3.0,3.0,303.56,Active,Loyal (12+ months),0
55029,0,2.0,Mobile Phone,Tier 1,26.0,Credit Card,Male,4.0,5,Mobile Phone,5,Married,3,No Complaint,13.0,2.0,4.0,4.0,156.96,Active,New (0-6 months),0
55030,0,20.0,Mobile Phone,Tier 1,22.0,Debit Card,Male,3.0,4,Others,4,Married,7,No Complaint,15.0,2.0,2.0,4.0,315.81,Active,Loyal (12+ months),0
55031,0,9.0,Mobile Phone,Tier 3,24.0,Debit Card,Male,4.0,4,Laptop & Accessory,5,Married,5,Complained,16.0,1.0,2.0,3.0,214.66,Active,Mid (6-12 months),2
55032,1,1.0,Phone,Tier 1,24.0,Debit Card,Female,4.0,4,Mobile Phone,4,Married,3,No Complaint,14.0,2.0,2.0,1.0,147.1,Churned,New (0-6 months),0
55033,0,7.0,Computer,Tier 3,32.0,Credit Card,Female,3.0,4,Laptop & Accessory,3,Married,3,No Complaint,13.0,1.0,2.0,2.0,170.39,Active,Mid (6-12 months),0
55034,0,10.0,Mobile Phone,Tier 1,13.0,Debit Card,Male,3.0,6,Mobile Phone,3,Married,3,No Complaint,15.0,2.0,2.0,8.0,152.41,Active,Mid (6-12 months),0
55035,0,4.0,Mobile Phone,Tier 1,14.0,Debit Card,Male,3.0,4,Laptop & Accessory,3,Married,3,No Complaint,14.0,5.0,9.0,10.0,159.91,Active,New (0-6 months),0
55036,0,18.0,Mobile Phone,Tier 1,36.0,UPI,Male,3.0,4,Laptop & Accessory,1,Single,3,No Complaint,26.0,7.0,14.0,18.0,170.41,Active,Loyal (12+ months),1
55037,0,1.0,Mobile Phone,Tier 3,28.0,E wallet,Male,3.0,2,Mobile Phone,1,Single,3,No Complaint,18.0,3.0,3.0,3.0,151.78,Active,New (0-6 months),1
55038,0,20.0,Mobile Phone,Tier 1,9.0,Cash on Delivery,Male,3.0,4,Laptop & Accessory,1,Married,4,No Complaint,12.0,1.0,2.0,5.0,198.79,Active,Loyal (12+ months),1
55039,0,16.0,Computer,Tier 2,9.0,Credit Card,Male,4.0,2,Laptop & Accessory,5,Married,9,No Complaint,17.0,2.0,2.0,4.0,187.72,Active,Loyal (12+ months),0
55040,0,31.0,Mobile Phone,Tier 3,14.0,E wallet,Male,3.0,2,Laptop & Accessory,1,Married,2,Complained,19.0,1.0,2.0,10.0,177.2,Active,Loyal (12+ months),3
55041,0,6.0,Computer,Tier 1,20.0,UPI,Female,4.0,5,Mobile Phone,4,Married,3,No Complaint,21.0,3.0,3.0,3.0,159.0,Active,New (0-6 months),0
55042,0,6.0,Computer,Tier 1,9.0,Debit Card,Female,3.0,4,Laptop & Accessory,3,Single,6,Complained,15.0,2.0,2.0,8.0,174.98,Active,New (0-6 months),2
55043,0,10.0,Mobile Phone,Tier 1,8.0,Cash on Delivery,Female,4.0,6,Fashion,5,Married,4,Complained,22.0,8.0,8.0,3.0,227.52,Active,Mid (6-12 months),2
55044,0,7.0,Mobile Phone,Tier 1,16.0,Credit Card,Male,3.0,4,Mobile Phone,1,Married,2,No Complaint,14.0,1.0,5.0,11.0,152.81,Active,Mid (6-12 months),1
55045,0,14.0,Mobile Phone,Tier 3,17.0,Cash on Delivery,Female,3.0,5,Laptop & Accessory,4,Married,9,No Complaint,13.0,2.0,2.0,4.0,193.52,Active,Loyal (12+ months),0
55046,0,1.0,Mobile Phone,Tier 3,17.0,Debit Card,Male,3.0,4,Laptop & Accessory,1,Single,2,No Complaint,15.0,2.0,2.0,2.0,174.5,Active,New (0-6 months),1
55047,0,4.0,Mobile Phone,Tier 1,8.0,Credit Card,Male,4.0,4,Mobile Phone,4,Married,2,Complained,22.0,4.0,6.0,8.0,160.79,Active,New (0-6 months),2
55048,0,16.0,Computer,Tier 1,33.0,Credit Card,Female,3.0,4,Fashion,5,Married,5,Complained,18.0,1.0,2.0,1.0,256.91,Active,Loyal (12+ months),2
55049,0,9.0,Computer,Tier 3,15.0,E wallet,Female,4.0,5,Fashion,1,Married,6,Complained,12.0,4.0,5.0,3.0,228.77,Active,Mid (6-12 months),3
55050,0,1.0,Phone,Tier 1,21.0,Debit Card,Male,3.0,4,Mobile Phone,5,Married,3,Complained,15.0,6.0,7.0,9.0,147.35,Active,New (0-6 months),2
55051,0,28.0,Computer,Tier 1,8.0,Debit Card,Female,3.0,4,Fashion,3,Married,9,No Complaint,18.0,1.0,2.0,3.0,230.02,Active,Loyal (12+ months),0
55052,0,18.0,Phone,Tier 1,9.0,Debit Card,Female,4.0,2,Mobile Phone,1,Married,3,No Complaint,14.0,2.0,8.0,8.0,145.11,Active,Loyal (12+ months),1
55053,1,1.0,Computer,Tier 1,17.0,Credit Card,Female,4.0,5,Mobile Phone,4,Single,3,Complained,26.0,1.0,2.0,1.0,143.59,Churned,New (0-6 months),2
55054,0,3.0,Mobile Phone,Tier 1,8.0,Debit Card,Female,4.0,4,Mobile Phone,1,Married,3,No Complaint,16.0,2.0,2.0,3.0,162.6,Active,New (0-6 months),1
55055,0,28.0,Mobile Phone,Tier 1,10.0,Debit Card,Male,3.0,4,Grocery,1,Married,5,No Complaint,15.0,1.0,2.0,10.0,302.79,Active,Loyal (12+ months),1
55056,0,5.0,Mobile Phone,Tier 1,18.0,Credit Card,Male,4.0,4,Laptop & Accessory,5,Married,3,Complained,13.0,2.0,2.0,2.0,193.33,Active,New (0-6 months),2
55057,0,5.0,Mobile Phone,Tier 1,31.0,Credit Card,Female,4.0,5,Laptop & Accessory,5,Single,3,No Complaint,20.0,2.0,2.0,9.0,193.12,Active,New (0-6 months),0
55058,0,31.0,Mobile Phone,Tier 3,10.0,Debit Card,Female,3.0,5,Laptop & Accessory,1,Single,7,No Complaint,18.0,1.0,2.0,6.0,176.71,Active,Loyal (12+ months),1
55059,0,17.0,Mobile Phone,Tier 1,10.0,Debit Card,Male,4.0,6,Others,1,Married,5,No Complaint,15.0,2.0,2.0,8.0,322.4,Active,Loyal (12+ months),1
55060,0,23.0,Mobile Phone,Tier 1,11.0,Credit Card,Male,3.0,5,Others,3,Married,4,No Complaint,15.0,1.0,2.0,1.0,312.11,Active,Loyal (12+ months),0
55061,0,10.0,Computer,Tier 1,10.0,COD,Male,3.0,4,Mobile Phone,4,Married,3,No Complaint,13.0,1.0,2.0,8.0,161.92,Active,Mid (6-12 months),0
55062,0,22.0,Mobile Phone,Tier 1,9.0,COD,Male,4.0,2,Mobile Phone,4,Single,7,No Complaint,12.0,1.0,2.0,1.0,150.59,Active,Loyal (12+ months),0
55063,0,1.0,Mobile Phone,Tier 1,11.0,Debit Card,Male,4.0,4,Mobile Phone,3,Married,3,No Complaint,12.0,2.0,2.0,4.0,150.17,Active,New (0-6 months),0
55064,0,3.0,Mobile Phone,Tier 1,14.0,Debit Card,Male,3.0,4,Laptop & Accessory,1,Married,3,Complained,12.0,2.0,2.0,1.0,191.23,Active,New (0-6 months),3
55065,0,22.0,Mobile Phone,Tier 1,8.0,Debit Card,Male,4.0,5,Others,1,Single,8,No Complaint,15.0,2.0,2.0,1.0,307.65,Active,Loyal (12+ months),1
55066,0,3.0,Mobile Phone,Tier 1,8.0,Debit Card,Female,3.0,5,Grocery,1,Married,5,No Complaint,15.0,1.0,2.0,8.0,286.24,Active,New (0-6 months),1
55067,0,8.0,Mobile Phone,Tier 1,27.0,COD,Female,3.0,2,Mobile Phone,3,Married,2,No Complaint,18.0,2.0,2.0,1.0,150.85,Active,Mid (6-12 months),0
55068,0,18.0,Mobile Phone,Tier 3,12.0,E wallet,Male,3.0,4,Others,4,Married,9,No Complaint,15.0,2.0,4.0,11.0,307.13,Active,Loyal (12+ months),0
55069,0,7.0,Mobile Phone,Tier 3,17.0,E wallet,Male,3.0,2,Fashion,3,Married,2,Complained,15.0,1.0,2.0,9.0,208.8,Active,Mid (6-12 months),2
55070,0,1.0,Mobile Phone,Tier 1,32.0,Debit Card,Female,3.0,2,Mobile Phone,1,Single,3,Complained,13.0,1.0,2.0,2.0,154.94,Active,New (0-6 months),3
55071,0,1.0,Phone,Tier 1,8.0,Debit Card,Male,3.0,4,Mobile Phone,3,Married,3,No Complaint,23.0,2.0,2.0,2.0,137.23,Active,New (0-6 months),0
55072,1,1.0,Computer,Tier 3,31.0,Debit Card,Male,4.0,6,Mobile Phone,1,Single,3,Complained,15.0,2.0,2.0,1.0,136.18,Churned,New (0-6 months),3
55073,0,1.0,Mobile Phone,Tier 1,11.0,Debit Card,Male,3.0,4,Mobile Phone,1,Single,3,Complained,21.0,3.0,3.0,3.0,153.75,Active,New (0-6 months),3
55074,1,9.0,Mobile Phone,Tier 3,9.0,E wallet,Female,4.0,6,Others,4,Single,4,Complained,15.0,2.0,2.0,12.0,313.24,Churned,Mid (6-12 months),2
55075,0,29.0,Computer,Tier 1,15.0,Credit Card,Male,3.0,5,Grocery,4,Married,3,Complained,16.0,3.0,16.0,1.0,260.77,Active,Loyal (12+ months),2
55076,1,1.0,Computer,Tier 1,17.0,Debit Card,Female,3.0,5,Mobile Phone,3,Single,3,No Complaint,21.0,2.0,3.0,3.0,151.25,Churned,New (0-6 months),0
55077,0,20.0,Mobile Phone,Tier 3,11.0,E wallet,Female,3.0,5,Others,4,Married,4,No Complaint,15.0,2.0,2.0,9.0,312.89,Active,Loyal (12+ months),0
55078,0,8.0,Mobile Phone,Tier 3,9.0,E wallet,Female,3.0,4,Laptop & Accessory,5,Single,2,Complained,13.0,2.0,2.0,3.0,170.38,Active,Mid (6-12 months),2
55079,0,25.0,Computer,Tier 3,16.0,Debit Card,Male,3.0,4,Others,4,Married,6,Complained,25.0,7.0,12.0,11.0,323.47,Active,Loyal (12+ months),2
55080,0,31.0,Mobile Phone,Tier 1,25.0,Credit Card,Male,4.0,4,Fashion,1,Single,8,No Complaint,13.0,4.0,6.0,3.0,230.12,Active,Loyal (12+ months),1
55081,0,8.0,Computer,Tier 1,26.0,Credit Card,Female,3.0,4,Laptop & Accessory,4,Married,6,No Complaint,14.0,1.0,6.0,11.0,169.44,Active,Mid (6-12 months),0
55082,0,2.0,Computer,Tier 1,8.0,Credit Card,Male,3.0,4,Mobile Phone,3,Single,2,Complained,12.0,2.0,2.0,3.0,146.54,Active,New (0-6 months),2
55083,0,18.0,Mobile Phone,Tier 1,11.0,Debit Card,Male,4.0,2,Others,5,Married,3,No Complaint,15.0,3.0,15.0,14.0,316.9,Active,Loyal (12+ months),0
55084,0,8.0,Computer,Tier 2,18.0,Debit Card,Male,3.0,5,Laptop & Accessory,4,Married,6,No Complaint,12.0,1.0,2.0,9.0,169.9,Active,Mid (6-12 months),0
55085,0,9.0,Mobile Phone,Tier 1,13.0,Debit Card,Male,4.0,4,Mobile Phone,3,Married,2,Complained,15.0,2.0,3.0,3.0,160.06,Active,Mid (6-12 months),2
55086,0,16.0,Phone,Tier 1,14.0,Credit Card,Female,4.0,2,Laptop & Accessory,4,Married,8,Complained,17.0,1.0,2.0,1.0,148.72,Active,Loyal (12+ months),2
55087,0,17.0,Mobile Phone,Tier 3,11.0,E wallet,Female,3.0,5,Fashion,1,Single,5,No Complaint,15.0,11.0,16.0,3.0,227.31,Active,Loyal (12+ months),1
55088,0,10.0,Mobile Phone,Tier 1,9.0,Debit Card,Female,3.0,4,Laptop & Accessory,4,Single,11,Complained,12.0,5.0,6.0,13.0,179.1,Active,Mid (6-12 months),2
55089,1,8.0,Mobile Phone,Tier 1,22.0,Credit Card,Female,4.0,4,Fashion,1,Married,3,No Complaint,12.0,1.0,2.0,6.0,204.78,Churned,Mid (6-12 months),1
55090,0,2.0,Computer,Tier 1,9.0,Debit Card,Male,3.0,5,Mobile Phone,1,Married,3,Complained,13.0,1.0,3.0,3.0,163.67,Active,New (0-6 months),3
55091,0,25.0,Computer,Tier 1,13.0,Credit Card,Female,3.0,5,Mobile Phone,3,Single,2,No Complaint,15.0,4.0,8.0,8.0,153.38,Active,Loyal (12+ months),0
55092,0,4.0,Computer,Tier 1,16.0,Credit Card,Female,4.0,4,Laptop & Accessory,3,Single,9,Complained,19.0,1.0,2.0,8.0,171.95,Active,New (0-6 months),2
55093,1,1.0,Mobile Phone,Tier 1,14.0,COD,Female,3.0,4,Mobile Phone,3,Married,5,Complained,14.0,5.0,8.0,8.0,158.39,Churned,New (0-6 months),2
55094,0,2.0,Phone,Tier 1,8.0,COD,Male,3.0,4,Mobile Phone,5,Single,4,No Complaint,12.0,2.0,2.0,3.0,145.8,Active,New (0-6 months),0
55095,0,1.0,Phone,Tier 1,8.0,Credit Card,Female,3.0,4,Mobile Phone,4,Single,3,No Complaint,19.0,2.0,3.0,2.0,145.96,Active,New (0-6 months),0
55096,0,6.0,Mobile Phone,Tier 3,15.0,Credit Card,Male,3.0,2,Laptop & Accessory,1,Married,3,No Complaint,16.0,1.0,2.0,9.0,187.09,Active,New (0-6 months),1
55097,0,19.0,Computer,Tier 1,32.0,Credit Card,Female,3.0,4,Others,4,Single,5,No Complaint,15.0,1.0,2.0,1.0,305.61,Active,Loyal (12+ months),0
55098,0,13.0,Mobile Phone,Tier 1,20.0,Credit Card,Female,4.0,5,Grocery,4,Married,8,Complained,15.0,11.0,16.0,3.0,296.23,Active,Loyal (12+ months),2
55099,0,31.0,Phone,Tier 1,30.0,Debit Card,Male,3.0,4,Mobile Phone,3,Married,3,No Complaint,13.0,2.0,3.0,3.0,148.72,Active,Loyal (12+ months),0
55100,1,1.0,Mobile Phone,Tier 1,14.0,Debit Card,Male,4.0,4,Laptop & Accessory,3,Married,3,No Complaint,19.0,1.0,2.0,2.0,173.83,Churned,New (0-6 months),0
55101,1,3.0,Mobile Phone,Tier 1,30.0,Credit Card,Male,4.0,4,Mobile Phone,5,Single,2,No Complaint,14.0,1.0,2.0,4.0,164.04,Churned,New (0-6 months),0
55102,0,4.0,Mobile Phone,Tier 1,13.0,COD,Female,3.0,5,Laptop & Accessory,1,Married,2,No Complaint,13.0,6.0,7.0,8.0,171.27,Active,New (0-6 months),1
55103,0,10.0,Mobile Phone,Tier 1,17.0,Cash on Delivery,Female,4.0,4,Fashion,3,Married,5,No Complaint,13.0,2.0,2.0,8.0,195.94,Active,Mid (6-12 months),0
55104,0,20.0,Mobile Phone,Tier 2,8.0,Debit Card,Female,3.0,4,Mobile Phone,5,Single,8,No Complaint,13.0,3.0,6.0,8.0,159.23,Active,Loyal (12+ months),0
55105,0,2.0,Computer,Tier 1,8.0,Debit Card,Female,3.0,6,Laptop & Accessory,1,Married,2,No Complaint,12.0,8.0,8.0,6.0,191.74,Active,New (0-6 months),1
55106,0,24.0,Mobile Phone,Tier 1,35.0,Debit Card,Female,3.0,4,Grocery,5,Married,6,Complained,15.0,1.0,2.0,3.0,293.8,Active,Loyal (12+ months),2
55107,1,4.0,Mobile Phone,Tier 3,32.0,E wallet,Male,3.0,5,Fashion,4,Single,4,Complained,13.0,2.0,2.0,3.0,215.94,Churned,New (0-6 months),2
55108,1,16.0,Mobile Phone,Tier 3,12.0,Debit Card,Male,4.0,4,Fashion,4,Single,11,Complained,20.0,8.0,8.0,3.0,209.46,Churned,Loyal (12+ months),2
55109,0,4.0,Mobile Phone,Tier 1,24.0,Credit Card,Female,4.0,4,Fashion,5,Married,3,Complained,24.0,2.0,2.0,9.0,244.16000000000005,Active,New (0-6 months),2
55110,0,13.0,Mobile Phone,Tier 1,25.0,Debit Card,Male,3.0,4,Laptop & Accessory,3,Single,2,No Complaint,12.0,2.0,2.0,8.0,170.34,Active,Loyal (12+ months),0
55111,0,5.0,Computer,Tier 3,9.0,Debit Card,Female,3.0,4,Fashion,3,Married,3,Complained,20.0,9.0,10.0,3.0,223.52,Active,New (0-6 months),2
55112,0,15.0,Computer,Tier 3,17.0,Credit Card,Male,3.0,6,Laptop & Accessory,4,Single,3,No Complaint,14.0,4.0,12.0,10.0,186.51,Active,Loyal (12+ months),0
55113,1,1.0,Computer,Tier 3,8.0,Debit Card,Female,3.0,4,Mobile Phone,4,Single,3,Complained,12.0,3.0,3.0,3.0,148.02,Churned,New (0-6 months),2
55114,1,8.0,Phone,Tier 1,10.0,Debit Card,Male,3.0,4,Mobile Phone,5,Married,6,No Complaint,13.0,2.0,2.0,3.0,148.62,Churned,Mid (6-12 months),0
55115,0,16.0,Computer,Tier 1,9.0,Debit Card,Male,3.0,4,Grocery,3,Married,2,Complained,15.0,1.0,3.0,11.0,303.61,Active,Loyal (12+ months),2
55116,0,29.0,Mobile Phone,Tier 1,9.0,Credit Card,Female,3.0,6,Others,3,Married,6,No Complaint,15.0,5.0,10.0,12.0,316.87,Active,Loyal (12+ months),0
55117,0,30.0,Mobile Phone,Tier 2,15.0,Debit Card,Male,4.0,4,Others,4,Single,8,No Complaint,15.0,3.0,8.0,8.0,322.17,Active,Loyal (12+ months),0
55118,0,14.0,Computer,Tier 1,23.0,Debit Card,Male,4.0,4,Mobile Phone,3,Married,11,No Complaint,17.0,2.0,2.0,1.0,160.44,Active,Loyal (12+ months),0
55119,0,8.0,Mobile Phone,Tier 1,16.0,Debit Card,Male,3.0,4,Fashion,1,Married,2,No Complaint,12.0,1.0,2.0,3.0,210.0,Active,Mid (6-12 months),1
55120,0,14.0,Mobile Phone,Tier 1,9.0,Debit Card,Male,4.0,4,Laptop & Accessory,1,Single,3,No Complaint,14.0,4.0,9.0,9.0,171.61,Active,Loyal (12+ months),1
55121,0,15.0,Computer,Tier 3,8.0,E wallet,Female,4.0,4,Laptop & Accessory,5,Married,2,No Complaint,18.0,1.0,2.0,8.0,166.03,Active,Loyal (12+ months),0
55122,0,9.0,Computer,Tier 1,11.0,Debit Card,Male,3.0,4,Laptop & Accessory,3,Single,3,Complained,12.0,2.0,2.0,2.0,167.49,Active,Mid (6-12 months),2
55123,0,25.0,Mobile Phone,Tier 2,12.0,Debit Card,Male,3.0,4,Grocery,4,Married,3,Complained,12.0,1.0,2.0,11.0,265.26,Active,Loyal (12+ months),2
55124,0,12.0,Mobile Phone,Tier 3,9.0,Debit Card,Female,3.0,4,Laptop & Accessory,5,Married,5,No Complaint,16.0,1.0,2.0,8.0,193.93,Active,Mid (6-12 months),0
55125,0,8.0,Mobile Phone,Tier 3,22.0,Credit Card,Female,4.0,4,Laptop & Accessory,5,Single,3,No Complaint,13.0,5.0,10.0,7.0,186.25,Active,Mid (6-12 months),0
55126,0,1.0,Mobile Phone,Tier 1,26.0,Credit Card,Male,4.0,4,Mobile Phone,1,Married,5,No Complaint,12.0,1.0,2.0,3.0,161.69,Active,New (0-6 months),1
55127,1,21.0,Mobile Phone,Tier 1,14.0,Credit Card,Female,3.0,5,Fashion,5,Married,9,Complained,15.0,2.0,6.0,3.0,225.08,Churned,Loyal (12+ months),2
55128,0,14.0,Phone,Tier 1,8.0,Debit Card,Male,3.0,4,Mobile Phone,4,Married,5,No Complaint,23.0,2.0,2.0,4.0,148.87,Active,Loyal (12+ months),0
55129,0,10.0,Computer,Tier 3,14.0,E wallet,Female,3.0,2,Laptop & Accessory,5,Married,4,No Complaint,17.0,6.0,7.0,14.0,171.39,Active,Mid (6-12 months),0
55130,0,22.0,Mobile Phone,Tier 1,11.0,Debit Card,Male,3.0,4,Fashion,1,Single,3,No Complaint,12.0,2.0,2.0,9.0,203.98,Active,Loyal (12+ months),1
55131,0,1.0,Mobile Phone,Tier 3,18.0,Credit Card,Female,4.0,2,Mobile Phone,1,Married,10,No Complaint,15.0,1.0,2.0,1.0,150.34,Active,New (0-6 months),1
55132,0,25.0,Mobile Phone,Tier 1,18.0,Cash on Delivery,Female,3.0,5,Grocery,4,Single,5,No Complaint,17.0,1.0,2.0,4.0,256.42,Active,Loyal (12+ months),0
55133,0,1.0,Computer,Tier 1,8.0,Debit Card,Female,4.0,4,Mobile Phone,1,Single,3,No Complaint,16.0,2.0,2.0,1.0,141.11,Active,New (0-6 months),1
55134,0,9.0,Mobile Phone,Tier 1,8.0,Credit Card,Female,3.0,5,Laptop & Accessory,1,Married,2,No Complaint,13.0,1.0,2.0,1.0,178.63,Active,Mid (6-12 months),1
55135,0,1.0,Computer,Tier 3,9.0,Debit Card,Male,3.0,6,Laptop & Accessory,1,Single,5,No Complaint,21.0,1.0,2.0,1.0,175.71,Active,New (0-6 months),1
55136,1,19.0,Mobile Phone,Tier 3,20.0,E wallet,Male,3.0,2,Grocery,3,Single,8,Complained,18.0,1.0,4.0,9.0,261.95,Churned,Loyal (12+ months),2
55137,0,30.0,Mobile Phone,Tier 1,30.0,Debit Card,Male,4.0,4,Grocery,4,Married,6,Complained,13.0,14.0,2.0,10.0,259.02,Active,Loyal (12+ months),2
55138,0,8.0,Computer,Tier 1,33.0,COD,Female,4.0,5,Mobile Phone,3,Married,3,No Complaint,21.0,2.0,2.0,1.0,145.29,Active,Mid (6-12 months),0
55139,0,14.0,Mobile Phone,Tier 1,9.0,Credit Card,Female,3.0,2,Laptop & Accessory,3,Married,7,No Complaint,21.0,7.0,12.0,9.0,188.77,Active,Loyal (12+ months),0
55140,0,8.0,Mobile Phone,Tier 1,36.0,Credit Card,Male,3.0,4,Laptop & Accessory,3,Married,6,No Complaint,14.0,6.0,8.0,8.0,179.29,Active,Mid (6-12 months),0
55141,1,1.0,Computer,Tier 3,9.0,Debit Card,Female,3.0,5,Mobile Phone,1,Single,9,No Complaint,15.0,1.0,2.0,1.0,152.85,Churned,New (0-6 months),1
55142,1,1.0,Computer,Tier 3,25.0,E wallet,Female,4.0,4,Laptop & Accessory,3,Married,2,Complained,19.0,1.0,4.0,3.0,171.14,Churned,New (0-6 months),2
55143,0,12.0,Computer,Tier 1,14.0,Debit Card,Male,3.0,2,Mobile Phone,3,Married,3,No Complaint,12.0,1.0,2.0,4.0,151.1,Active,Mid (6-12 months),0
55144,0,8.0,Mobile Phone,Tier 1,9.0,COD,Female,4.0,4,Laptop & Accessory,1,Single,3,No Complaint,12.0,5.0,5.0,12.0,191.87,Active,Mid (6-12 months),1
55145,0,2.0,Mobile Phone,Tier 3,33.0,Debit Card,Male,3.0,5,Laptop & Accessory,5,Married,3,No Complaint,12.0,2.0,2.0,5.0,172.24,Active,New (0-6 months),0
55146,1,1.0,Mobile Phone,Tier 1,29.0,Credit Card,Male,4.0,4,Laptop & Accessory,3,Married,3,Complained,16.0,6.0,7.0,8.0,186.79,Churned,New (0-6 months),2
55147,0,13.0,Mobile Phone,Tier 3,28.0,Debit Card,Male,3.0,5,Laptop & Accessory,1,Married,5,Complained,13.0,1.0,2.0,5.0,186.2,Active,Loyal (12+ months),3
55148,0,25.0,Computer,Tier 3,9.0,E wallet,Male,3.0,4,Fashion,4,Married,4,No Complaint,12.0,4.0,4.0,3.0,230.96,Active,Loyal (12+ months),0
55149,0,15.0,Computer,Tier 1,29.0,Debit Card,Female,4.0,4,Laptop & Accessory,1,Married,5,Complained,15.0,3.0,4.0,4.0,179.67,Active,Loyal (12+ months),3
55150,0,11.0,Mobile Phone,Tier 1,11.0,Debit Card,Male,3.0,4,Mobile Phone,3,Married,9,Complained,16.0,2.0,2.0,4.0,154.96,Active,Mid (6-12 months),2
55151,0,7.0,Computer,Tier 3,12.0,Debit Card,Male,4.0,4,Laptop & Accessory,1,Married,8,No Complaint,14.0,2.0,2.0,3.0,224.98,Active,Mid (6-12 months),1
55152,0,6.0,Mobile Phone,Tier 3,9.0,E wallet,Male,3.0,4,Laptop & Accessory,4,Married,2,Complained,14.0,2.0,2.0,3.0,165.78,Active,New (0-6 months),2
55153,0,13.0,Computer,Tier 1,32.0,Debit Card,Male,4.0,4,Fashion,3,Married,5,No Complaint,22.0,1.0,2.0,6.0,234.2,Active,Loyal (12+ months),0
55154,0,1.0,Mobile Phone,Tier 3,25.0,Debit Card,Male,4.0,2,Laptop & Accessory,3,Married,4,No Complaint,12.0,2.0,2.0,3.0,187.32,Active,New (0-6 months),0
55155,0,26.0,Computer,Tier 1,35.0,Credit Card,Female,3.0,2,Grocery,3,Married,4,Complained,12.0,2.0,2.0,3.0,257.47,Active,Loyal (12+ months),2
55156,0,17.0,Mobile Phone,Tier 1,13.0,Credit Card,Female,4.0,5,Laptop & Accessory,3,Single,3,Complained,15.0,1.0,2.0,9.0,165.81,Active,Loyal (12+ months),2
55157,0,1.0,Mobile Phone,Tier 3,17.0,E wallet,Female,4.0,5,Laptop & Accessory,1,Married,3,Complained,12.0,2.0,5.0,5.0,182.69,Active,New (0-6 months),3
55158,1,1.0,Phone,Tier 1,24.0,Debit Card,Female,3.0,4,Mobile Phone,3,Single,3,Complained,14.0,5.0,8.0,8.0,148.94,Churned,New (0-6 months),2
55159,0,1.0,Mobile Phone,Tier 1,9.0,Credit Card,Male,3.0,5,Mobile Phone,1,Single,2,No Complaint,13.0,2.0,2.0,2.0,164.04,Active,New (0-6 months),1
55160,0,16.0,Mobile Phone,Tier 2,17.0,UPI,Female,3.0,4,Grocery,5,Married,2,No Complaint,15.0,1.0,2.0,10.0,292.99,Active,Loyal (12+ months),0
55161,0,26.0,Mobile Phone,Tier 1,15.0,UPI,Female,3.0,4,Mobile Phone,5,Married,11,No Complaint,14.0,2.0,2.0,5.0,154.5,Active,Loyal (12+ months),0
55162,0,11.0,Mobile Phone,Tier 1,18.0,Credit Card,Female,4.0,4,Mobile Phone,3,Single,6,No Complaint,19.0,2.0,2.0,3.0,161.29,Active,Mid (6-12 months),0
55163,0,9.0,Computer,Tier 1,25.0,Debit Card,Male,3.0,4,Fashion,1,Single,4,No Complaint,12.0,3.0,3.0,3.0,218.62,Active,Mid (6-12 months),1
55164,0,1.0,Mobile Phone,Tier 1,8.0,COD,Male,3.0,4,Mobile Phone,1,Married,6,No Complaint,12.0,1.0,2.0,3.0,157.29,Active,New (0-6 months),1
55165,0,1.0,Mobile Phone,Tier 1,14.0,UPI,Male,4.0,2,Mobile Phone,5,Single,2,No Complaint,13.0,1.0,2.0,8.0,160.78,Active,New (0-6 months),0
55166,0,3.0,Mobile Phone,Tier 2,24.0,UPI,Male,3.0,5,Fashion,5,Single,3,No Complaint,14.0,1.0,2.0,10.0,204.88,Active,New (0-6 months),0
55167,1,13.0,Computer,Tier 1,35.0,Debit Card,Male,4.0,5,Laptop & Accessory,5,Single,5,No Complaint,21.0,1.0,2.0,4.0,167.84,Churned,Loyal (12+ months),0
55168,1,1.0,Computer,Tier 1,21.0,UPI,Female,3.0,4,Fashion,1,Single,2,Complained,13.0,5.0,8.0,8.0,200.53,Churned,New (0-6 months),3
55169,0,28.0,Mobile Phone,Tier 1,8.0,Credit Card,Female,3.0,4,Grocery,1,Single,8,No Complaint,15.0,7.0,13.0,8.0,298.28,Active,Loyal (12+ months),1
55170,0,31.0,Mobile Phone,Tier 1,8.0,Credit Card,Female,4.0,4,Others,5,Married,5,Complained,15.0,2.0,2.0,6.0,322.01,Active,Loyal (12+ months),2
55171,0,29.0,Mobile Phone,Tier 1,8.0,Credit Card,Male,3.0,2,Grocery,1,Married,4,No Complaint,14.0,1.0,2.0,1.0,272.32,Active,Loyal (12+ months),1
55172,0,10.0,Mobile Phone,Tier 3,10.0,E wallet,Female,4.0,4,Laptop & Accessory,4,Single,5,Complained,17.0,1.0,2.0,3.0,217.78,Active,Mid (6-12 months),2
55173,1,1.0,Computer,Tier 3,8.0,Debit Card,Female,3.0,6,Mobile Phone,3,Single,3,No Complaint,13.0,1.0,2.0,1.0,138.59,Churned,New (0-6 months),0
55174,0,4.0,Mobile Phone,Tier 3,14.0,E wallet,Female,4.0,4,Laptop & Accessory,5,Married,9,No Complaint,15.0,2.0,2.0,3.0,172.79,Active,New (0-6 months),0
55175,0,5.0,Mobile Phone,Tier 1,15.0,Debit Card,Female,4.0,4,Grocery,4,Single,5,No Complaint,12.0,1.0,2.0,1.0,289.22,Active,New (0-6 months),0
55176,0,8.0,Computer,Tier 1,8.0,UPI,Male,4.0,4,Mobile Phone,5,Married,7,No Complaint,15.0,2.0,2.0,4.0,154.96,Active,Mid (6-12 months),0
55177,1,1.0,Phone,Tier 1,15.0,Debit Card,Female,3.0,5,Mobile Phone,4,Single,3,No Complaint,13.0,1.0,2.0,1.0,137.61,Churned,New (0-6 months),0
55178,0,1.0,Phone,Tier 1,18.0,Debit Card,Male,4.0,4,Mobile Phone,5,Married,2,No Complaint,15.0,2.0,2.0,5.0,145.99,Active,New (0-6 months),0
55179,0,10.0,Mobile Phone,Tier 1,11.0,Debit Card,Male,3.0,5,Laptop & Accessory,1,Single,3,No Complaint,17.0,1.0,2.0,9.0,183.1,Active,Mid (6-12 months),1
55180,0,10.0,Mobile Phone,Tier 3,23.0,E wallet,Female,4.0,5,Laptop & Accessory,5,Married,6,No Complaint,14.0,2.0,2.0,3.0,181.47,Active,Mid (6-12 months),0
55181,0,21.0,Mobile Phone,Tier 1,8.0,COD,Male,4.0,4,Mobile Phone,1,Married,9,No Complaint,13.0,2.0,2.0,3.0,159.2,Active,Loyal (12+ months),1
55182,1,1.0,Mobile Phone,Tier 3,16.0,Debit Card,Male,4.0,5,Mobile Phone,5,Married,5,No Complaint,13.0,3.0,3.0,3.0,169.0,Churned,New (0-6 months),0
55183,0,11.0,Computer,Tier 1,12.0,COD,Male,3.0,2,Mobile Phone,3,Single,2,No Complaint,15.0,1.0,2.0,4.0,160.0,Active,Mid (6-12 months),0
55184,0,30.0,Phone,Tier 1,8.0,Debit Card,Female,3.0,4,Mobile Phone,5,Married,4,No Complaint,23.0,1.0,2.0,1.0,145.66,Active,Loyal (12+ months),0
55185,0,21.0,Mobile Phone,Tier 1,9.0,Credit Card,Female,3.0,4,Grocery,3,Married,5,No Complaint,15.0,3.0,6.0,7.0,296.69,Active,Loyal (12+ months),0
55186,0,1.0,Mobile Phone,Tier 3,11.0,Credit Card,Female,3.0,4,Laptop & Accessory,3,Married,3,Complained,13.0,2.0,2.0,4.0,166.62,Active,New (0-6 months),2
55187,0,6.0,Mobile Phone,Tier 3,14.0,E wallet,Male,4.0,4,Laptop & Accessory,1,Married,6,No Complaint,13.0,1.0,2.0,3.0,217.04,Active,New (0-6 months),1
55188,0,8.0,Mobile Phone,Tier 1,8.0,Debit Card,Female,3.0,5,Mobile Phone,4,Married,7,No Complaint,18.0,2.0,2.0,3.0,157.94,Active,Mid (6-12 months),0
55189,0,15.0,Phone,Tier 1,12.0,Credit Card,Male,3.0,2,Mobile Phone,3,Married,4,Complained,13.0,1.0,2.0,4.0,146.27,Active,Loyal (12+ months),2
55190,0,14.0,Computer,Tier 1,16.0,UPI,Male,3.0,4,Laptop & Accessory,3,Married,5,No Complaint,12.0,1.0,2.0,8.0,164.75,Active,Loyal (12+ months),0
55191,0,5.0,Mobile Phone,Tier 3,15.0,Debit Card,Male,3.0,4,Fashion,1,Married,3,No Complaint,19.0,3.0,2.0,10.0,232.93,Active,New (0-6 months),1
55192,1,10.0,Mobile Phone,Tier 3,16.0,E wallet,Male,3.0,4,Fashion,1,Married,6,No Complaint,12.0,5.0,5.0,3.0,225.96,Churned,Mid (6-12 months),1
55193,1,3.0,Computer,Tier 1,9.0,Debit Card,Female,3.0,5,Mobile Phone,5,Single,4,Complained,24.0,1.0,2.0,1.0,161.46,Churned,New (0-6 months),2
55194,1,1.0,Computer,Tier 1,8.0,Debit Card,Female,4.0,2,Fashion,4,Single,3,No Complaint,12.0,2.0,5.0,8.0,199.46,Churned,New (0-6 months),0
55195,0,19.0,Mobile Phone,Tier 1,27.0,Credit Card,Male,4.0,6,Fashion,5,Married,4,Complained,19.0,2.0,2.0,8.0,233.51,Active,Loyal (12+ months),2
55196,0,5.0,Phone,Tier 2,15.0,Credit Card,Female,4.0,2,Mobile Phone,4,Single,11,No Complaint,19.0,2.0,2.0,3.0,146.09,Active,New (0-6 months),0
55197,1,1.0,Computer,Tier 1,9.0,Debit Card,Male,4.0,4,Mobile Phone,1,Married,8,Complained,14.0,1.0,3.0,3.0,162.22,Churned,New (0-6 months),3
55198,0,19.0,Mobile Phone,Tier 1,36.0,Cash on Delivery,Male,3.0,4,Fashion,1,Married,6,Complained,19.0,2.0,2.0,3.0,218.8,Active,Loyal (12+ months),3
55199,0,22.0,Mobile Phone,Tier 3,14.0,E wallet,Male,4.0,4,Laptop & Accessory,5,Married,6,No Complaint,12.0,1.0,3.0,3.0,179.86,Active,Loyal (12+ months),0
55200,1,1.0,Mobile Phone,Tier 2,16.0,COD,Female,3.0,4,Mobile Phone,3,Married,3,No Complaint,16.0,3.0,3.0,3.0,152.42,Churned,New (0-6 months),0
55201,0,14.0,Computer,Tier 1,15.0,Credit Card,Male,3.0,5,Fashion,4,Married,4,No Complaint,12.0,1.0,5.0,9.0,262.57,Active,Loyal (12+ months),0
55202,0,2.0,Mobile Phone,Tier 3,12.0,Credit Card,Male,3.0,4,Laptop & Accessory,5,Single,2,No Complaint,19.0,1.0,2.0,3.0,209.63,Active,New (0-6 months),0
55203,0,18.0,Computer,Tier 1,12.0,Debit Card,Male,3.0,5,Mobile Phone,3,Single,5,No Complaint,15.0,1.0,2.0,4.0,156.62,Active,Loyal (12+ months),0
55204,0,27.0,Mobile Phone,Tier 1,9.0,Credit Card,Male,3.0,2,Grocery,4,Single,6,No Complaint,13.0,1.0,9.0,9.0,290.98,Active,Loyal (12+ months),0
55205,0,23.0,Mobile Phone,Tier 1,12.0,COD,Male,4.0,4,Laptop & Accessory,3,Married,4,No Complaint,15.0,1.0,2.0,3.0,191.51,Active,Loyal (12+ months),0
55206,0,14.0,Phone,Tier 1,9.0,Credit Card,Male,4.0,4,Mobile Phone,3,Married,4,No Complaint,15.0,2.0,2.0,3.0,148.45,Active,Loyal (12+ months),0
55207,0,18.0,Mobile Phone,Tier 1,27.0,Debit Card,Male,3.0,4,Mobile Phone,4,Single,3,No Complaint,14.0,2.0,2.0,4.0,159.2,Active,Loyal (12+ months),0
55208,0,7.0,Computer,Tier 3,14.0,Credit Card,Male,3.0,4,Laptop & Accessory,5,Married,2,No Complaint,15.0,2.0,2.0,4.0,168.73,Active,Mid (6-12 months),0
55209,0,8.0,Mobile Phone,Tier 3,10.0,UPI,Male,3.0,6,Laptop & Accessory,5,Single,5,No Complaint,19.0,3.0,4.0,13.0,172.59,Active,Mid (6-12 months),0
55210,0,4.0,Mobile Phone,Tier 3,23.0,Debit Card,Male,4.0,4,Laptop & Accessory,3,Married,10,No Complaint,16.0,2.0,3.0,3.0,178.01,Active,New (0-6 months),0
55211,0,16.0,Computer,Tier 1,16.0,Credit Card,Female,4.0,4,Mobile Phone,1,Single,3,No Complaint,14.0,1.0,6.0,9.0,161.73,Active,Loyal (12+ months),1
55212,0,18.0,Computer,Tier 3,8.0,E wallet,Female,4.0,4,Laptop & Accessory,3,Married,9,No Complaint,13.0,1.0,2.0,1.0,172.68,Active,Loyal (12+ months),0
55213,0,4.0,Computer,Tier 1,14.0,COD,Male,4.0,4,Mobile Phone,3,Married,3,No Complaint,14.0,1.0,2.0,1.0,137.74,Active,New (0-6 months),0
55214,0,31.0,Mobile Phone,Tier 1,8.0,Debit Card,Male,4.0,2,Laptop & Accessory,3,Married,2,No Complaint,25.0,2.0,3.0,9.0,174.0,Active,Loyal (12+ months),0
55215,0,23.0,Mobile Phone,Tier 1,14.0,Debit Card,Male,3.0,4,Fashion,4,Married,5,No Complaint,15.0,1.0,2.0,3.0,229.66,Active,Loyal (12+ months),0
55216,0,8.0,Computer,Tier 1,22.0,Credit Card,Male,4.0,4,Grocery,5,Married,9,No Complaint,15.0,3.0,7.0,10.0,295.07,Active,Mid (6-12 months),0
55217,1,1.0,Computer,Tier 3,8.0,COD,Male,4.0,4,Mobile Phone,3,Married,5,No Complaint,16.0,2.0,2.0,3.0,154.09,Churned,New (0-6 months),0
55218,1,1.0,Computer,Tier 3,20.0,COD,Female,3.0,4,Laptop & Accessory,4,Single,7,No Complaint,12.0,2.0,2.0,1.0,182.65,Churned,New (0-6 months),0
55219,1,1.0,Mobile Phone,Tier 3,31.0,Credit Card,Female,3.0,5,Laptop & Accessory,4,Single,2,Complained,24.0,5.0,11.0,11.0,170.99,Churned,New (0-6 months),2
55220,0,9.0,Phone,Tier 3,14.0,Debit Card,Male,4.0,4,Mobile Phone,3,Married,3,No Complaint,14.0,1.0,2.0,1.0,149.04,Active,Mid (6-12 months),0
55221,1,1.0,Computer,Tier 1,16.0,Credit Card,Male,3.0,4,Mobile Phone,5,Single,4,Complained,12.0,1.0,2.0,1.0,156.72,Churned,New (0-6 months),2
55222,0,1.0,Computer,Tier 3,20.0,Debit Card,Female,4.0,4,Mobile Phone,4,Married,3,No Complaint,14.0,1.0,2.0,1.0,145.33,Active,New (0-6 months),0
55223,0,18.0,Computer,Tier 1,9.0,Credit Card,Male,3.0,4,Fashion,3,Single,7,Complained,19.0,3.0,3.0,3.0,227.09,Active,Loyal (12+ months),2
55224,0,3.0,Mobile Phone,Tier 3,26.0,Debit Card,Male,4.0,5,Laptop & Accessory,3,Married,3,No Complaint,15.0,2.0,2.0,3.0,211.2,Active,New (0-6 months),0
55225,0,4.0,Phone,Tier 2,8.0,Debit Card,Male,3.0,4,Mobile Phone,3,Married,2,No Complaint,22.0,1.0,2.0,4.0,145.64,Active,New (0-6 months),0
55226,0,29.0,Mobile Phone,Tier 1,11.0,Debit Card,Male,2.0,4,Laptop & Accessory,3,Married,2,Complained,17.0,2.0,2.0,3.0,165.35,Active,Loyal (12+ months),2
55227,0,7.0,Mobile Phone,Tier 1,11.0,Credit Card,Female,3.0,5,Mobile Phone,4,Married,10,No Complaint,12.0,2.0,2.0,3.0,163.38,Active,Mid (6-12 months),0
55228,0,21.0,Mobile Phone,Tier 3,21.0,Credit Card,Female,4.0,4,Laptop & Accessory,3,Married,5,Complained,18.0,2.0,2.0,3.0,170.91,Active,Loyal (12+ months),2
55229,1,1.0,Computer,Tier 1,9.0,Credit Card,Male,3.0,5,Mobile Phone,5,Single,9,No Complaint,12.0,2.0,2.0,1.0,150.61,Churned,New (0-6 months),0
55230,0,2.0,Phone,Tier 1,8.0,Debit Card,Male,4.0,5,Mobile Phone,3,Married,3,No Complaint,15.0,1.0,2.0,1.0,140.63,Active,New (0-6 months),0
55231,0,2.0,Computer,Tier 3,14.0,Debit Card,Male,3.0,4,Laptop & Accessory,5,Single,2,No Complaint,15.0,2.0,2.0,4.0,173.98,Active,New (0-6 months),0
55232,0,23.0,Mobile Phone,Tier 1,10.0,Credit Card,Female,3.0,5,Laptop & Accessory,5,Married,6,No Complaint,26.0,1.0,2.0,3.0,172.89,Active,Loyal (12+ months),0
55233,0,3.0,Computer,Tier 1,9.0,Debit Card,Female,4.0,4,Mobile Phone,4,Married,2,No Complaint,14.0,2.0,2.0,3.0,156.8,Active,New (0-6 months),0
55234,0,2.0,Mobile Phone,Tier 1,36.0,Debit Card,Male,4.0,6,Laptop & Accessory,4,Married,3,No Complaint,15.0,1.0,2.0,8.0,190.49,Active,New (0-6 months),0
55235,0,7.0,Mobile Phone,Tier 1,15.0,Debit Card,Male,4.0,4,Laptop & Accessory,3,Single,4,Complained,18.0,2.0,2.0,1.0,188.88,Active,Mid (6-12 months),2
55236,0,6.0,Mobile Phone,Tier 1,17.0,Credit Card,Male,4.0,4,Fashion,1,Single,4,No Complaint,26.0,1.0,2.0,1.0,237.44,Active,New (0-6 months),1
55237,0,28.0,Computer,Tier 1,18.0,Credit Card,Female,3.0,4,Grocery,1,Married,5,No Complaint,21.0,1.0,2.0,13.0,285.32,Active,Loyal (12+ months),1
55238,1,1.0,Phone,Tier 1,8.0,COD,Male,4.0,5,Mobile Phone,5,Single,8,No Complaint,14.0,2.0,2.0,8.0,148.62,Churned,New (0-6 months),0
55239,0,18.0,Mobile Phone,Tier 1,35.0,Debit Card,Male,3.0,4,Grocery,5,Married,5,No Complaint,14.0,1.0,15.0,18.0,288.28,Active,Loyal (12+ months),0
55240,0,13.0,Mobile Phone,Tier 1,13.0,Debit Card,Female,3.0,4,Fashion,4,Single,6,No Complaint,19.0,3.0,3.0,3.0,208.76,Active,Loyal (12+ months),0
55241,0,20.0,Mobile Phone,Tier 3,10.0,Debit Card,Female,3.0,4,Grocery,4,Married,10,No Complaint,13.0,1.0,6.0,2.0,291.06,Active,Loyal (12+ months),0
55242,0,9.0,Mobile Phone,Tier 1,23.0,Debit Card,Female,4.0,5,Fashion,4,Single,3,No Complaint,20.0,4.0,4.0,3.0,211.06,Active,Mid (6-12 months),0
55243,0,1.0,Phone,Tier 1,27.0,Debit Card,Male,4.0,4,Laptop & Accessory,3,Single,2,No Complaint,15.0,2.0,2.0,3.0,147.72,Active,New (0-6 months),0
55244,1,4.0,Phone,Tier 1,16.0,Debit Card,Male,3.0,4,Mobile Phone,5,Single,5,No Complaint,15.0,2.0,2.0,1.0,145.18,Churned,New (0-6 months),0
55245,0,8.0,Mobile Phone,Tier 3,8.0,Cash on Delivery,Male,4.0,5,Fashion,3,Married,3,Complained,15.0,8.0,9.0,7.0,195.83,Active,Mid (6-12 months),2
55246,1,1.0,Computer,Tier 1,10.0,Debit Card,Female,3.0,4,Mobile Phone,3,Single,3,No Complaint,13.0,3.0,8.0,8.0,165.84,Churned,New (0-6 months),0
55247,0,24.0,Computer,Tier 1,29.0,Credit Card,Male,3.0,6,Grocery,1,Single,3,Complained,14.0,1.0,14.0,10.0,269.11,Active,Loyal (12+ months),3
55248,0,8.0,Phone,Tier 3,14.0,COD,Male,3.0,4,Mobile Phone,3,Married,2,Complained,26.0,4.0,6.0,8.0,148.08,Active,Mid (6-12 months),2
55249,0,16.0,Mobile Phone,Tier 1,9.0,Credit Card,Male,4.0,5,Mobile Phone,4,Married,6,No Complaint,15.0,1.0,2.0,1.0,173.41,Active,Loyal (12+ months),0
55250,0,11.0,Mobile Phone,Tier 1,20.0,Credit Card,Male,3.0,4,Laptop & Accessory,1,Married,3,No Complaint,18.0,3.0,4.0,8.0,167.85,Active,Mid (6-12 months),1
55251,0,3.0,Mobile Phone,Tier 1,15.0,UPI,Female,3.0,6,Laptop & Accessory,5,Married,5,No Complaint,14.0,2.0,2.0,3.0,222.15,Active,New (0-6 months),0
55252,0,7.0,Mobile Phone,Tier 1,32.0,Debit Card,Male,3.0,5,Laptop & Accessory,4,Single,3,No Complaint,14.0,2.0,2.0,3.0,168.2,Active,Mid (6-12 months),0
55253,0,19.0,Phone,Tier 1,35.0,COD,Male,4.0,4,Mobile Phone,1,Married,6,No Complaint,21.0,2.0,2.0,4.0,146.32,Active,Loyal (12+ months),1
55254,0,16.0,Computer,Tier 1,9.0,Debit Card,Male,3.0,4,Fashion,1,Married,4,Complained,15.0,5.0,14.0,3.0,226.24,Active,Loyal (12+ months),3
55255,0,14.0,Mobile Phone,Tier 3,16.0,Credit Card,Male,3.0,4,Laptop & Accessory,5,Married,2,No Complaint,13.0,8.0,8.0,2.0,179.73,Active,Loyal (12+ months),0
55256,0,7.0,Mobile Phone,Tier 1,35.0,Debit Card,Male,4.0,4,Laptop & Accessory,3,Married,3,Complained,13.0,5.0,6.0,8.0,177.07,Active,Mid (6-12 months),2
55257,0,14.0,Mobile Phone,Tier 2,13.0,Credit Card,Male,3.0,4,Grocery,1,Single,3,Complained,22.0,1.0,8.0,8.0,289.37,Active,Loyal (12+ months),3
55258,0,1.0,Phone,Tier 1,28.0,COD,Male,3.0,5,Mobile Phone,5,Married,2,No Complaint,15.0,1.0,2.0,1.0,147.96,Active,New (0-6 months),0
55259,0,14.0,Computer,Tier 1,15.0,Debit Card,Male,4.0,4,Laptop & Accessory,1,Married,5,Complained,19.0,2.0,3.0,3.0,165.69,Active,Loyal (12+ months),3
55260,0,19.0,Mobile Phone,Tier 1,8.0,Cash on Delivery,Male,4.0,4,Fashion,4,Married,3,No Complaint,13.0,4.0,8.0,8.0,199.41,Active,Loyal (12+ months),0
55261,0,9.0,Phone,Tier 3,35.0,Debit Card,Female,4.0,5,Mobile Phone,3,Married,2,No Complaint,24.0,3.0,5.0,3.0,149.3,Active,Mid (6-12 months),0
55262,0,6.0,Mobile Phone,Tier 1,12.0,Debit Card,Female,4.0,5,Laptop & Accessory,4,Married,5,No Complaint,13.0,2.0,3.0,6.0,183.78,Active,New (0-6 months),0
55263,0,10.0,Mobile Phone,Tier 3,9.0,Debit Card,Male,4.0,4,Mobile Phone,1,Single,5,Complained,22.0,2.0,2.0,3.0,151.44,Active,Mid (6-12 months),3
55264,0,22.0,Mobile Phone,Tier 3,23.0,Debit Card,Female,4.0,4,Laptop & Accessory,3,Married,10,No Complaint,15.0,8.0,8.0,8.0,189.39,Active,Loyal (12+ months),0
55265,0,3.0,Mobile Phone,Tier 1,16.0,Debit Card,Male,4.0,2,Mobile Phone,3,Married,8,No Complaint,19.0,1.0,2.0,1.0,149.51,Active,New (0-6 months),0
55266,0,7.0,Mobile Phone,Tier 3,15.0,Debit Card,Male,3.0,4,Laptop & Accessory,5,Married,4,No Complaint,14.0,3.0,3.0,3.0,188.92,Active,Mid (6-12 months),0
55267,1,1.0,Mobile Phone,Tier 3,8.0,Debit Card,Male,4.0,5,Laptop & Accessory,5,Married,3,No Complaint,12.0,2.0,7.0,3.0,222.14,Churned,New (0-6 months),0
55268,0,12.0,Computer,Tier 2,17.0,UPI,Male,4.0,4,Laptop & Accessory,3,Married,5,No Complaint,12.0,1.0,2.0,3.0,185.77,Active,Mid (6-12 months),0
55269,0,9.0,Phone,Tier 1,8.0,Credit Card,Male,4.0,5,Mobile Phone,5,Single,3,No Complaint,20.0,2.0,2.0,3.0,149.5,Active,Mid (6-12 months),0
55270,0,8.0,Mobile Phone,Tier 3,36.0,Cash on Delivery,Male,3.0,4,Fashion,4,Married,5,No Complaint,13.0,2.0,2.0,3.0,217.5,Active,Mid (6-12 months),0
55271,1,1.0,Phone,Tier 1,9.0,Debit Card,Female,4.0,4,Mobile Phone,5,Married,3,Complained,13.0,2.0,2.0,1.0,145.74,Churned,New (0-6 months),2
55272,1,17.0,Mobile Phone,Tier 1,9.0,Cash on Delivery,Female,4.0,5,Fashion,1,Married,2,No Complaint,17.0,1.0,2.0,3.0,226.69,Churned,Loyal (12+ months),1
55273,1,2.0,Mobile Phone,Tier 1,9.0,Credit Card,Male,3.0,4,Laptop & Accessory,4,Married,6,No Complaint,12.0,2.0,2.0,5.0,173.55,Churned,New (0-6 months),0
55274,0,6.0,Computer,Tier 1,8.0,COD,Male,4.0,4,Laptop & Accessory,5,Married,6,No Complaint,15.0,1.0,2.0,3.0,165.87,Active,New (0-6 months),0
55275,0,22.0,Phone,Tier 1,22.0,UPI,Female,4.0,4,Mobile Phone,5,Married,10,No Complaint,13.0,7.0,8.0,7.0,148.67,Active,Loyal (12+ months),0
55276,0,8.0,Mobile Phone,Tier 1,14.0,Credit Card,Male,3.0,4,Mobile Phone,1,Single,3,No Complaint,14.0,1.0,2.0,1.0,154.72,Active,Mid (6-12 months),1
55277,0,29.0,Mobile Phone,Tier 3,33.0,E wallet,Male,3.0,5,Others,1,Married,3,No Complaint,15.0,1.0,3.0,14.0,320.86,Active,Loyal (12+ months),1
55278,0,8.0,Mobile Phone,Tier 1,8.0,Debit Card,Male,3.0,4,Laptop & Accessory,1,Married,11,No Complaint,18.0,1.0,3.0,2.0,179.84,Active,Mid (6-12 months),1
55279,0,1.0,Phone,Tier 1,10.0,Debit Card,Female,3.0,4,Mobile Phone,1,Married,3,No Complaint,22.0,2.0,2.0,1.0,145.61,Active,New (0-6 months),1
55280,0,12.0,Mobile Phone,Tier 3,21.0,Debit Card,Male,4.0,4,Laptop & Accessory,4,Married,2,No Complaint,12.0,4.0,8.0,3.0,224.24,Active,Mid (6-12 months),0
55281,0,12.0,Mobile Phone,Tier 3,23.0,Debit Card,Female,3.0,4,Laptop & Accessory,4,Single,4,No Complaint,13.0,2.0,2.0,3.0,166.98,Active,Mid (6-12 months),0
55282,0,10.0,Mobile Phone,Tier 3,8.0,Debit Card,Female,4.0,4,Laptop & Accessory,3,Single,8,No Complaint,14.0,2.0,2.0,1.0,193.15,Active,Mid (6-12 months),0
55283,0,3.0,Mobile Phone,Tier 1,10.0,Credit Card,Male,3.0,4,Mobile Phone,5,Single,3,Complained,19.0,1.0,2.0,6.0,172.23,Active,New (0-6 months),2
55284,0,9.0,Mobile Phone,Tier 1,17.0,Credit Card,Female,3.0,4,Laptop & Accessory,3,Single,5,Complained,17.0,1.0,2.0,5.0,186.42,Active,Mid (6-12 months),2
55285,0,13.0,Mobile Phone,Tier 3,13.0,Credit Card,Male,3.0,2,Fashion,3,Married,4,No Complaint,12.0,4.0,8.0,7.0,207.37,Active,Loyal (12+ months),0
55286,0,3.0,Computer,Tier 1,9.0,Debit Card,Male,3.0,4,Laptop & Accessory,1,Married,3,No Complaint,20.0,2.0,2.0,3.0,213.53,Active,New (0-6 months),1
55287,0,24.0,Mobile Phone,Tier 3,16.0,E wallet,Male,3.0,4,Others,3,Married,6,Complained,15.0,1.0,2.0,1.0,318.31,Active,Loyal (12+ months),2
55288,0,1.0,Phone,Tier 1,17.0,COD,Male,3.0,2,Mobile Phone,3,Married,4,No Complaint,17.0,1.0,3.0,3.0,145.73,Active,New (0-6 months),0
55289,0,10.0,Computer,Tier 1,13.0,Debit Card,Male,4.0,2,Laptop & Accessory,5,Married,5,Complained,14.0,1.0,2.0,3.0,180.62,Active,Mid (6-12 months),2
55290,0,16.0,Mobile Phone,Tier 1,16.0,UPI,Male,4.0,5,Others,1,Single,10,No Complaint,15.0,2.0,2.0,2.0,321.13,Active,Loyal (12+ months),1
55291,0,9.0,Mobile Phone,Tier 1,35.0,Debit Card,Male,3.0,2,Laptop & Accessory,3,Married,3,No Complaint,18.0,7.0,7.0,9.0,159.07,Active,Mid (6-12 months),0
55292,0,8.0,Computer,Tier 1,17.0,COD,Male,4.0,5,Laptop & Accessory,3,Married,3,No Complaint,15.0,2.0,8.0,8.0,175.63,Active,Mid (6-12 months),0
55293,0,14.0,Mobile Phone,Tier 3,21.0,Debit Card,Female,3.0,4,Laptop & Accessory,5,Married,3,No Complaint,16.0,1.0,2.0,3.0,171.39,Active,Loyal (12+ months),0
55294,0,17.0,Mobile Phone,Tier 1,34.0,COD,Male,3.0,2,Mobile Phone,4,Married,7,No Complaint,13.0,2.0,2.0,3.0,173.76,Active,Loyal (12+ months),0
55295,0,9.0,Mobile Phone,Tier 1,14.0,Debit Card,Male,4.0,5,Mobile Phone,1,Married,3,No Complaint,19.0,2.0,2.0,2.0,151.9,Active,Mid (6-12 months),1
55296,0,20.0,Mobile Phone,Tier 3,8.0,Debit Card,Male,3.0,2,Grocery,5,Single,3,No Complaint,15.0,1.0,2.0,13.0,300.67,Active,Loyal (12+ months),0
55297,1,1.0,Phone,Tier 1,31.0,Credit Card,Male,3.0,4,Mobile Phone,4,Married,3,Complained,18.0,1.0,2.0,1.0,149.08,Churned,New (0-6 months),2
55298,0,1.0,Computer,Tier 1,33.0,UPI,Female,3.0,5,Mobile Phone,3,Married,3,Complained,15.0,2.0,2.0,4.0,153.14,Active,New (0-6 months),2
55299,0,24.0,Computer,Tier 1,27.0,Credit Card,Male,3.0,4,Grocery,3,Married,4,Complained,16.0,1.0,2.0,14.0,237.45,Active,Loyal (12+ months),2
55300,0,6.0,Mobile Phone,Tier 1,12.0,UPI,Female,3.0,2,Mobile Phone,1,Married,5,No Complaint,18.0,2.0,2.0,3.0,158.12,Active,New (0-6 months),1
55301,0,18.0,Mobile Phone,Tier 1,14.0,Credit Card,Female,3.0,4,Others,1,Married,2,Complained,15.0,1.0,2.0,11.0,315.49,Active,Loyal (12+ months),3
55302,0,4.0,Phone,Tier 1,14.0,Credit Card,Male,3.0,5,Mobile Phone,4,Married,3,No Complaint,13.0,2.0,2.0,2.0,146.41,Active,New (0-6 months),0
55303,0,19.0,Mobile Phone,Tier 1,12.0,Credit Card,Female,3.0,6,Laptop & Accessory,5,Single,3,Complained,15.0,1.0,2.0,5.0,182.69,Active,Loyal (12+ months),2
55304,0,19.0,Computer,Tier 3,33.0,E wallet,Male,3.0,5,Laptop & Accessory,5,Married,3,No Complaint,16.0,4.0,5.0,6.0,168.85,Active,Loyal (12+ months),0
55305,0,5.0,Computer,Tier 3,9.0,UPI,Male,3.0,4,Laptop & Accessory,5,Single,9,No Complaint,14.0,2.0,2.0,4.0,178.32,Active,New (0-6 months),0
55306,0,10.0,Mobile Phone,Tier 1,19.0,Debit Card,Female,4.0,4,Laptop & Accessory,3,Married,11,Complained,13.0,1.0,2.0,2.0,171.63,Active,Mid (6-12 months),2
55307,0,8.0,Computer,Tier 1,17.0,Debit Card,Male,3.0,2,Laptop & Accessory,1,Married,3,No Complaint,14.0,4.0,8.0,3.0,172.24,Active,Mid (6-12 months),1
55308,0,23.0,Mobile Phone,Tier 1,32.0,Debit Card,Female,3.0,4,Mobile Phone,5,Married,3,No Complaint,15.0,2.0,2.0,5.0,157.11,Active,Loyal (12+ months),0
55309,0,13.0,Mobile Phone,Tier 1,17.0,Credit Card,Male,4.0,4,Laptop & Accessory,5,Married,4,No Complaint,14.0,4.0,8.0,8.0,178.77,Active,Loyal (12+ months),0
55310,0,1.0,Mobile Phone,Tier 1,26.0,UPI,Male,4.0,5,Mobile Phone,5,Married,3,No Complaint,12.0,1.0,2.0,8.0,165.66,Active,New (0-6 months),0
55311,0,9.0,Mobile Phone,Tier 1,25.0,Debit Card,Male,3.0,2,Laptop & Accessory,5,Married,3,No Complaint,12.0,2.0,2.0,11.0,177.08,Active,Mid (6-12 months),0
55312,0,2.0,Mobile Phone,Tier 1,34.0,Credit Card,Female,3.0,6,Laptop & Accessory,5,Married,2,No Complaint,22.0,2.0,2.0,1.0,173.77,Active,New (0-6 months),0
55313,0,1.0,Mobile Phone,Tier 1,12.0,Credit Card,Male,4.0,4,Mobile Phone,1,Single,3,No Complaint,19.0,1.0,3.0,3.0,156.17,Active,New (0-6 months),1
55314,1,1.0,Computer,Tier 3,10.0,Credit Card,Female,4.0,4,Mobile Phone,1,Single,3,Complained,13.0,2.0,2.0,1.0,140.69,Churned,New (0-6 months),3
55315,0,21.0,Mobile Phone,Tier 2,33.0,Debit Card,Female,4.0,4,Others,3,Married,5,No Complaint,15.0,2.0,2.0,1.0,321.58,Active,Loyal (12+ months),0
55316,0,13.0,Mobile Phone,Tier 1,10.0,Credit Card,Male,4.0,5,Laptop & Accessory,3,Married,2,No Complaint,16.0,1.0,2.0,8.0,155.69,Active,Loyal (12+ months),0
55317,0,14.0,Mobile Phone,Tier 1,22.0,Debit Card,Female,4.0,5,Fashion,3,Married,3,No Complaint,14.0,7.0,15.0,3.0,229.35,Active,Loyal (12+ months),0
55318,0,9.0,Computer,Tier 1,15.0,Debit Card,Female,3.0,4,Laptop & Accessory,3,Married,3,No Complaint,13.0,1.0,3.0,10.0,166.48,Active,Mid (6-12 months),0
55319,0,11.0,Mobile Phone,Tier 1,26.0,Debit Card,Male,3.0,4,Laptop & Accessory,3,Married,5,No Complaint,18.0,1.0,2.0,3.0,182.68,Active,Mid (6-12 months),0
55320,0,13.0,Computer,Tier 1,11.0,Credit Card,Female,3.0,4,Laptop & Accessory,3,Single,2,No Complaint,14.0,4.0,4.0,9.0,175.42,Active,Loyal (12+ months),0
55321,0,19.0,Mobile Phone,Tier 1,9.0,UPI,Female,3.0,5,Laptop & Accessory,1,Married,3,No Complaint,20.0,4.0,4.0,10.0,182.7,Active,Loyal (12+ months),1
55322,0,12.0,Mobile Phone,Tier 1,9.0,Credit Card,Female,3.0,5,Fashion,3,Married,5,Complained,20.0,1.0,2.0,3.0,202.56,Active,Mid (6-12 months),2
55323,1,1.0,Mobile Phone,Tier 3,17.0,Credit Card,Male,3.0,5,Fashion,5,Married,11,No Complaint,18.0,1.0,7.0,3.0,228.06,Churned,New (0-6 months),0
55324,0,11.0,Mobile Phone,Tier 1,17.0,Credit Card,Female,4.0,4,Mobile Phone,4,Married,3,No Complaint,12.0,5.0,8.0,8.0,164.36,Active,Mid (6-12 months),0
55325,0,14.0,Mobile Phone,Tier 1,23.0,Debit Card,Female,3.0,4,Fashion,1,Single,8,Complained,16.0,4.0,4.0,4.0,204.45,Active,Loyal (12+ months),3
55326,0,18.0,Computer,Tier 2,8.0,UPI,Male,3.0,4,Laptop & Accessory,1,Married,6,Complained,12.0,2.0,2.0,3.0,182.43,Active,Loyal (12+ months),3
55327,0,22.0,Computer,Tier 1,11.0,Credit Card,Male,3.0,5,Grocery,1,Married,4,No Complaint,26.0,1.0,3.0,3.0,277.02,Active,Loyal (12+ months),1
55328,1,1.0,Mobile Phone,Tier 3,22.0,Credit Card,Male,3.0,6,Laptop & Accessory,1,Married,8,Complained,15.0,1.0,3.0,3.0,179.4,Churned,New (0-6 months),3
55329,0,1.0,Computer,Tier 1,9.0,COD,Female,3.0,4,Mobile Phone,1,Single,3,Complained,14.0,1.0,2.0,4.0,162.6,Active,New (0-6 months),3
55330,0,1.0,Mobile Phone,Tier 1,15.0,Credit Card,Female,3.0,2,Mobile Phone,3,Married,9,No Complaint,18.0,1.0,2.0,3.0,160.17,Active,New (0-6 months),0
55331,0,1.0,Computer,Tier 1,9.0,Credit Card,Male,3.0,4,Mobile Phone,1,Single,4,No Complaint,14.0,1.0,2.0,3.0,150.8,Active,New (0-6 months),1
55332,1,4.0,Phone,Tier 1,14.0,Debit Card,Male,4.0,4,Mobile Phone,5,Single,5,Complained,15.0,1.0,2.0,4.0,146.66,Churned,New (0-6 months),2
55333,0,3.0,Mobile Phone,Tier 3,17.0,Credit Card,Male,3.0,5,Laptop & Accessory,3,Single,11,No Complaint,12.0,2.0,2.0,5.0,183.69,Active,New (0-6 months),0
55334,0,10.0,Mobile Phone,Tier 1,12.0,Debit Card,Female,3.0,4,Fashion,5,Married,6,No Complaint,13.0,2.0,2.0,3.0,205.08,Active,Mid (6-12 months),0
55335,0,1.0,Computer,Tier 1,9.0,Debit Card,Male,4.0,2,Laptop & Accessory,3,Married,3,No Complaint,18.0,2.0,2.0,8.0,177.06,Active,New (0-6 months),0
55336,0,13.0,Mobile Phone,Tier 1,19.0,Credit Card,Male,4.0,4,Laptop & Accessory,4,Married,6,No Complaint,22.0,2.0,2.0,1.0,177.95,Active,Loyal (12+ months),0
55337,0,23.0,Mobile Phone,Tier 1,29.0,UPI,Female,4.0,4,Grocery,4,Married,5,No Complaint,17.0,1.0,2.0,3.0,289.13,Active,Loyal (12+ months),0
55338,0,24.0,Mobile Phone,Tier 1,24.0,Debit Card,Female,3.0,5,Fashion,5,Married,7,No Complaint,16.0,1.0,2.0,12.0,257.69,Active,Loyal (12+ months),0
55339,0,1.0,Mobile Phone,Tier 3,9.0,Credit Card,Female,3.0,4,Mobile Phone,3,Single,3,No Complaint,20.0,1.0,3.0,3.0,152.83,Active,New (0-6 months),0
55340,0,8.0,Mobile Phone,Tier 1,10.0,Debit Card,Female,4.0,4,Laptop & Accessory,4,Married,3,No Complaint,13.0,2.0,8.0,10.0,179.33,Active,Mid (6-12 months),0
55341,0,10.0,Phone,Tier 1,14.0,Debit Card,Male,4.0,4,Mobile Phone,4,Single,4,No Complaint,12.0,1.0,2.0,4.0,145.13,Active,Mid (6-12 months),0
55342,0,23.0,Mobile Phone,Tier 1,13.0,Debit Card,Female,3.0,5,Grocery,3,Married,4,Complained,20.0,1.0,3.0,13.0,264.66,Active,Loyal (12+ months),2
55343,0,10.0,Computer,Tier 1,8.0,Credit Card,Female,3.0,5,Laptop & Accessory,3,Married,2,No Complaint,16.0,1.0,2.0,3.0,168.74,Active,Mid (6-12 months),0
55344,0,10.0,Mobile Phone,Tier 1,10.0,Debit Card,Male,4.0,2,Laptop & Accessory,5,Married,8,No Complaint,21.0,1.0,2.0,5.0,193.42,Active,Mid (6-12 months),0
55345,0,28.0,Mobile Phone,Tier 1,29.0,Credit Card,Female,4.0,4,Grocery,3,Married,5,No Complaint,15.0,4.0,5.0,8.0,299.26,Active,Loyal (12+ months),0
55346,0,17.0,Mobile Phone,Tier 1,22.0,Debit Card,Male,4.0,5,Grocery,3,Married,3,No Complaint,15.0,3.0,7.0,12.0,301.03,Active,Loyal (12+ months),0
55347,1,1.0,Computer,Tier 3,19.0,UPI,Male,3.0,4,Laptop & Accessory,1,Single,5,Complained,25.0,6.0,7.0,8.0,170.81,Churned,New (0-6 months),3
55348,0,12.0,Computer,Tier 1,8.0,Debit Card,Male,3.0,4,Laptop & Accessory,1,Married,9,No Complaint,16.0,2.0,3.0,10.0,172.35,Active,Mid (6-12 months),1
55349,0,3.0,Mobile Phone,Tier 3,12.0,Credit Card,Male,3.0,5,Laptop & Accessory,4,Married,3,Complained,14.0,1.0,2.0,10.0,166.87,Active,New (0-6 months),2
55350,0,7.0,Mobile Phone,Tier 3,9.0,Credit Card,Male,4.0,4,Laptop & Accessory,1,Married,3,No Complaint,15.0,2.0,2.0,5.0,180.05,Active,Mid (6-12 months),1
55351,0,6.0,Mobile Phone,Tier 1,9.0,Credit Card,Male,3.0,4,Laptop & Accessory,4,Married,2,No Complaint,14.0,2.0,2.0,7.0,179.7,Active,New (0-6 months),0
55352,0,5.0,Mobile Phone,Tier 3,12.0,Debit Card,Female,4.0,4,Laptop & Accessory,1,Married,3,No Complaint,12.0,1.0,2.0,3.0,179.76,Active,New (0-6 months),1
55353,0,23.0,Mobile Phone,Tier 1,23.0,Credit Card,Female,4.0,4,Mobile Phone,5,Married,6,Complained,17.0,1.0,3.0,3.0,150.87,Active,Loyal (12+ months),2
55354,0,12.0,Computer,Tier 1,9.0,Credit Card,Female,3.0,5,Mobile Phone,4,Single,3,No Complaint,23.0,1.0,4.0,4.0,149.4,Active,Mid (6-12 months),0
55355,0,21.0,Mobile Phone,Tier 3,9.0,Debit Card,Female,3.0,2,Grocery,4,Married,8,No Complaint,15.0,1.0,2.0,3.0,284.72,Active,Loyal (12+ months),0
55356,0,23.0,Mobile Phone,Tier 1,8.0,Debit Card,Male,3.0,4,Grocery,3,Single,6,No Complaint,15.0,1.0,2.0,1.0,278.79,Active,Loyal (12+ months),0
55357,0,15.0,Mobile Phone,Tier 3,30.0,Debit Card,Male,4.0,4,Fashion,3,Single,5,Complained,17.0,1.0,2.0,3.0,195.82,Active,Loyal (12+ months),2
55358,0,1.0,Mobile Phone,Tier 3,16.0,Debit Card,Male,3.0,4,Mobile Phone,5,Single,3,No Complaint,12.0,1.0,2.0,3.0,152.28,Active,New (0-6 months),0
55359,0,7.0,Computer,Tier 3,23.0,Debit Card,Female,3.0,4,Laptop & Accessory,1,Married,3,Complained,26.0,1.0,2.0,3.0,178.68,Active,Mid (6-12 months),3
55360,0,10.0,Mobile Phone,Tier 1,33.0,Debit Card,Male,4.0,4,Laptop & Accessory,3,Married,8,No Complaint,15.0,2.0,2.0,3.0,178.47,Active,Mid (6-12 months),0
55361,0,18.0,Mobile Phone,Tier 2,8.0,Debit Card,Female,3.0,4,Mobile Phone,1,Married,6,Complained,19.0,3.0,3.0,3.0,156.95,Active,Loyal (12+ months),3
55362,1,1.0,Mobile Phone,Tier 1,15.0,Credit Card,Male,4.0,5,Mobile Phone,3,Single,3,Complained,12.0,2.0,2.0,3.0,164.89,Churned,New (0-6 months),2
55363,0,12.0,Mobile Phone,Tier 1,11.0,Credit Card,Female,3.0,4,Mobile Phone,3,Married,9,No Complaint,20.0,1.0,2.0,1.0,158.06,Active,Mid (6-12 months),0
55364,0,27.0,Mobile Phone,Tier 1,31.0,Credit Card,Male,3.0,2,Fashion,1,Married,5,No Complaint,16.0,1.0,2.0,3.0,195.05,Active,Loyal (12+ months),1
55365,1,12.0,Computer,Tier 3,14.0,Credit Card,Female,4.0,4,Mobile Phone,3,Married,4,Complained,12.0,2.0,8.0,8.0,151.55,Churned,Mid (6-12 months),2
55366,1,1.0,Phone,Tier 1,9.0,Debit Card,Male,4.0,4,Mobile Phone,4,Single,3,No Complaint,13.0,1.0,2.0,1.0,138.93,Churned,New (0-6 months),0
55367,0,1.0,Computer,Tier 1,14.0,Credit Card,Male,4.0,4,Mobile Phone,1,Single,3,No Complaint,21.0,1.0,6.0,8.0,150.7,Active,New (0-6 months),1
55368,0,29.0,Mobile Phone,Tier 1,29.0,COD,Male,4.0,5,Mobile Phone,4,Married,7,No Complaint,13.0,2.0,2.0,3.0,160.37,Active,Loyal (12+ months),0
55369,0,8.0,Mobile Phone,Tier 1,12.0,Credit Card,Male,3.0,5,Laptop & Accessory,1,Married,3,No Complaint,15.0,1.0,5.0,14.0,164.86,Active,Mid (6-12 months),1
55370,0,31.0,Mobile Phone,Tier 1,8.0,Credit Card,Male,4.0,6,Fashion,1,Married,5,No Complaint,21.0,2.0,2.0,1.0,233.83,Active,Loyal (12+ months),1
55371,0,7.0,Phone,Tier 1,28.0,Credit Card,Male,4.0,2,Mobile Phone,4,Married,3,No Complaint,19.0,1.0,3.0,14.0,145.28,Active,Mid (6-12 months),0
55372,0,11.0,Computer,Tier 3,8.0,Credit Card,Male,3.0,6,Laptop & Accessory,1,Married,3,No Complaint,15.0,2.0,2.0,3.0,220.25,Active,Mid (6-12 months),1
55373,0,8.0,Mobile Phone,Tier 1,26.0,Debit Card,Female,3.0,5,Mobile Phone,1,Married,3,No Complaint,13.0,2.0,9.0,8.0,154.29,Active,Mid (6-12 months),1
55374,1,1.0,Phone,Tier 3,14.0,Debit Card,Male,4.0,4,Mobile Phone,1,Married,3,Complained,22.0,2.0,2.0,3.0,147.75,Churned,New (0-6 months),3
55375,0,18.0,Mobile Phone,Tier 1,9.0,Debit Card,Female,4.0,2,Fashion,1,Married,3,Complained,20.0,2.0,7.0,8.0,203.79,Active,Loyal (12+ months),3
55376,0,9.0,Computer,Tier 1,9.0,Credit Card,Male,4.0,5,Mobile Phone,1,Single,2,Complained,15.0,2.0,2.0,5.0,174.3,Active,Mid (6-12 months),3
55377,0,17.0,Mobile Phone,Tier 3,9.0,Credit Card,Male,4.0,4,Laptop & Accessory,1,Married,3,Complained,18.0,4.0,9.0,9.0,203.47,Active,Loyal (12+ months),3
55378,0,1.0,Mobile Phone,Tier 1,16.0,Credit Card,Male,4.0,2,Mobile Phone,3,Married,3,No Complaint,17.0,1.0,2.0,5.0,169.01,Active,New (0-6 months),0
55379,0,15.0,Mobile Phone,Tier 3,13.0,E wallet,Male,3.0,4,Fashion,3,Single,3,No Complaint,13.0,4.0,9.0,3.0,217.41,Active,Loyal (12+ months),0
55380,0,3.0,Mobile Phone,Tier 1,16.0,Credit Card,Female,3.0,4,Mobile Phone,3,Married,11,No Complaint,18.0,1.0,2.0,3.0,154.74,Active,New (0-6 months),0
55381,0,10.0,Mobile Phone,Tier 3,9.0,Debit Card,Female,3.0,4,Laptop & Accessory,1,Single,5,No Complaint,16.0,7.0,7.0,8.0,170.02,Active,Mid (6-12 months),1
55382,0,19.0,Computer,Tier 1,8.0,Debit Card,Male,4.0,5,Fashion,3,Married,5,No Complaint,24.0,5.0,2.0,5.0,232.48,Active,Loyal (12+ months),0
55383,1,1.0,Phone,Tier 2,29.0,UPI,Male,3.0,6,Mobile Phone,3,Married,3,No Complaint,12.0,1.0,2.0,1.0,140.55,Churned,New (0-6 months),0
55384,1,11.0,Computer,Tier 3,16.0,Debit Card,Male,3.0,6,Grocery,3,Married,9,No Complaint,12.0,7.0,2.0,11.0,254.36,Churned,Mid (6-12 months),0
55385,0,1.0,Phone,Tier 1,24.0,Credit Card,Male,4.0,6,Mobile Phone,3,Married,3,No Complaint,16.0,2.0,2.0,3.0,148.05,Active,New (0-6 months),0
55386,0,19.0,Mobile Phone,Tier 1,35.0,Cash on Delivery,Female,3.0,5,Grocery,4,Single,3,No Complaint,15.0,7.0,9.0,7.0,292.04,Active,Loyal (12+ months),0
55387,0,6.0,Computer,Tier 1,17.0,Debit Card,Male,3.0,4,Mobile Phone,3,Married,8,No Complaint,14.0,1.0,2.0,4.0,159.33,Active,New (0-6 months),0
55388,0,5.0,Mobile Phone,Tier 1,9.0,Debit Card,Male,4.0,4,Mobile Phone,3,Married,3,No Complaint,15.0,2.0,2.0,4.0,159.77,Active,New (0-6 months),0
55389,0,15.0,Computer,Tier 2,11.0,UPI,Male,3.0,6,Laptop & Accessory,4,Married,8,No Complaint,20.0,1.0,2.0,3.0,189.3,Active,Loyal (12+ months),0
55390,0,14.0,Mobile Phone,Tier 1,15.0,Debit Card,Female,4.0,4,Laptop & Accessory,5,Married,4,Complained,17.0,2.0,2.0,1.0,190.16,Active,Loyal (12+ months),2
55391,0,1.0,Mobile Phone,Tier 1,36.0,Credit Card,Male,4.0,4,Mobile Phone,5,Married,3,No Complaint,14.0,2.0,2.0,3.0,164.07,Active,New (0-6 months),0
55392,0,20.0,Mobile Phone,Tier 1,20.0,Debit Card,Male,3.0,4,Laptop & Accessory,4,Single,8,No Complaint,15.0,2.0,2.0,10.0,180.62,Active,Loyal (12+ months),0
55393,0,9.0,Mobile Phone,Tier 1,34.0,Debit Card,Male,3.0,4,Laptop & Accessory,3,Married,4,No Complaint,17.0,2.0,2.0,8.0,193.83,Active,Mid (6-12 months),0
55394,0,4.0,Mobile Phone,Tier 1,23.0,Debit Card,Male,3.0,4,Mobile Phone,1,Married,3,No Complaint,13.0,1.0,2.0,9.0,153.62,Active,New (0-6 months),1
55395,0,21.0,Computer,Tier 3,9.0,E wallet,Male,3.0,4,Laptop & Accessory,4,Married,9,No Complaint,12.0,1.0,2.0,1.0,174.78,Active,Loyal (12+ months),0
55396,0,20.0,Mobile Phone,Tier 3,9.0,Debit Card,Male,4.0,4,Fashion,1,Married,6,Complained,13.0,1.0,2.0,3.0,228.68,Active,Loyal (12+ months),3
55397,1,1.0,Mobile Phone,Tier 3,20.0,E wallet,Male,4.0,5,Laptop & Accessory,5,Married,7,Complained,14.0,2.0,3.0,3.0,186.34,Churned,New (0-6 months),2
55398,1,1.0,Mobile Phone,Tier 3,8.0,Debit Card,Male,3.0,6,Laptop & Accessory,4,Single,8,No Complaint,16.0,1.0,2.0,1.0,192.35,Churned,New (0-6 months),0
55399,0,1.0,Mobile Phone,Tier 1,11.0,Credit Card,Female,3.0,4,Mobile Phone,4,Single,3,No Complaint,14.0,1.0,2.0,3.0,157.95,Active,New (0-6 months),0
55400,0,5.0,Computer,Tier 1,31.0,COD,Female,2.0,4,Laptop & Accessory,1,Single,4,No Complaint,21.0,1.0,2.0,5.0,177.38,Active,New (0-6 months),1
55401,0,13.0,Computer,Tier 1,8.0,Debit Card,Male,4.0,4,Laptop & Accessory,1,Married,3,Complained,16.0,1.0,6.0,9.0,189.72,Active,Loyal (12+ months),3
55402,0,6.0,Mobile Phone,Tier 3,26.0,Debit Card,Male,4.0,6,Fashion,3,Married,5,No Complaint,14.0,1.0,2.0,3.0,221.1,Active,New (0-6 months),0
55403,0,14.0,Mobile Phone,Tier 3,14.0,Credit Card,Male,3.0,4,Others,4,Single,3,No Complaint,15.0,13.0,13.0,9.0,323.33,Active,Loyal (12+ months),0
55404,0,19.0,Mobile Phone,Tier 2,11.0,Debit Card,Female,3.0,6,Fashion,3,Married,6,No Complaint,22.0,2.0,2.0,3.0,222.56,Active,Loyal (12+ months),0
55405,0,4.0,Computer,Tier 1,9.0,COD,Female,4.0,5,Mobile Phone,5,Single,2,No Complaint,17.0,1.0,2.0,8.0,174.68,Active,New (0-6 months),0
55406,0,1.0,Computer,Tier 2,17.0,Credit Card,Male,3.0,4,Mobile Phone,1,Married,2,No Complaint,15.0,1.0,3.0,2.0,146.45,Active,New (0-6 months),1
55407,1,1.0,Computer,Tier 2,15.0,UPI,Female,4.0,5,Mobile Phone,1,Married,8,No Complaint,12.0,2.0,2.0,3.0,146.8,Churned,New (0-6 months),1
55408,0,5.0,Mobile Phone,Tier 3,12.0,Cash on Delivery,Male,3.0,4,Laptop & Accessory,3,Married,3,No Complaint,20.0,2.0,2.0,3.0,208.46,Active,New (0-6 months),0
55409,0,1.0,Mobile Phone,Tier 1,15.0,Credit Card,Female,4.0,4,Mobile Phone,1,Single,3,No Complaint,12.0,1.0,2.0,5.0,159.45,Active,New (0-6 months),1
55410,1,1.0,Mobile Phone,Tier 3,16.0,E wallet,Female,3.0,6,Mobile Phone,4,Single,3,No Complaint,14.0,3.0,3.0,3.0,152.6,Churned,New (0-6 months),0
55411,0,3.0,Computer,Tier 1,8.0,Debit Card,Male,4.0,2,Laptop & Accessory,3,Single,10,Complained,13.0,2.0,2.0,3.0,187.94,Active,New (0-6 months),2
55412,0,4.0,Mobile Phone,Tier 3,22.0,E wallet,Male,4.0,5,Fashion,5,Married,4,No Complaint,12.0,2.0,2.0,8.0,196.4,Active,New (0-6 months),0
55413,0,8.0,Mobile Phone,Tier 1,9.0,Credit Card,Male,4.0,2,Mobile Phone,1,Married,2,Complained,15.0,2.0,2.0,3.0,154.32,Active,Mid (6-12 months),3
55414,0,7.0,Computer,Tier 3,9.0,E wallet,Female,4.0,4,Laptop & Accessory,4,Single,10,No Complaint,16.0,2.0,2.0,8.0,176.47,Active,Mid (6-12 months),0
55415,0,23.0,Mobile Phone,Tier 3,18.0,E wallet,Female,4.0,4,Laptop & Accessory,1,Single,5,No Complaint,13.0,1.0,2.0,5.0,170.07,Active,Loyal (12+ months),1
55416,1,1.0,Mobile Phone,Tier 3,23.0,Debit Card,Female,4.0,4,Fashion,5,Single,4,Complained,21.0,2.0,2.0,3.0,210.64,Churned,New (0-6 months),2
55417,0,12.0,Computer,Tier 1,9.0,Credit Card,Female,4.0,5,Mobile Phone,4,Married,6,No Complaint,15.0,1.0,2.0,6.0,149.68,Active,Mid (6-12 months),0
55418,1,1.0,Mobile Phone,Tier 3,23.0,E wallet,Male,4.0,4,Fashion,3,Married,4,No Complaint,14.0,1.0,2.0,1.0,206.61,Churned,New (0-6 months),0
55419,0,3.0,Phone,Tier 1,11.0,COD,Female,4.0,5,Mobile Phone,5,Married,3,No Complaint,14.0,1.0,2.0,1.0,146.09,Active,New (0-6 months),0
55420,0,4.0,Mobile Phone,Tier 1,23.0,Debit Card,Male,3.0,2,Laptop & Accessory,3,Married,5,No Complaint,17.0,2.0,2.0,8.0,177.94,Active,New (0-6 months),0
55421,0,6.0,Computer,Tier 1,12.0,COD,Male,4.0,4,Mobile Phone,4,Single,4,No Complaint,15.0,2.0,2.0,8.0,152.18,Active,New (0-6 months),0
55422,0,12.0,Mobile Phone,Tier 1,25.0,Credit Card,Male,3.0,6,Laptop & Accessory,1,Married,5,Complained,17.0,1.0,2.0,1.0,183.11,Active,Mid (6-12 months),3
55423,1,7.0,Computer,Tier 1,24.0,COD,Male,3.0,5,Mobile Phone,3,Married,11,Complained,17.0,2.0,2.0,1.0,149.37,Churned,Mid (6-12 months),2
55424,0,16.0,Mobile Phone,Tier 1,19.0,Credit Card,Male,3.0,4,Mobile Phone,4,Married,10,No Complaint,23.0,2.0,2.0,5.0,152.66,Active,Loyal (12+ months),0
55425,0,29.0,Mobile Phone,Tier 1,9.0,Credit Card,Male,3.0,5,Others,5,Married,10,No Complaint,15.0,2.0,2.0,1.0,315.38,Active,Loyal (12+ months),0
55426,0,7.0,Computer,Tier 1,11.0,COD,Male,3.0,4,Laptop & Accessory,4,Married,7,No Complaint,16.0,1.0,2.0,8.0,155.55,Active,Mid (6-12 months),0
55427,0,15.0,Phone,Tier 1,16.0,Debit Card,Male,4.0,4,Mobile Phone,5,Married,3,No Complaint,21.0,1.0,2.0,5.0,147.89,Active,Loyal (12+ months),0
55428,0,8.0,Computer,Tier 3,17.0,Debit Card,Male,3.0,4,Laptop & Accessory,3,Married,3,Complained,15.0,2.0,2.0,8.0,165.01,Active,Mid (6-12 months),2
55429,0,27.0,Computer,Tier 1,8.0,Credit Card,Female,3.0,5,Grocery,3,Married,6,Complained,21.0,2.0,2.0,3.0,254.65,Active,Loyal (12+ months),2
55430,0,17.0,Mobile Phone,Tier 2,9.0,Debit Card,Male,4.0,4,Mobile Phone,1,Single,2,No Complaint,14.0,2.0,2.0,9.0,160.39,Active,Loyal (12+ months),1
55431,0,8.0,Mobile Phone,Tier 3,10.0,Debit Card,Female,3.0,6,Laptop & Accessory,1,Single,7,No Complaint,13.0,3.0,3.0,3.0,185.29,Active,Mid (6-12 months),1
55432,1,1.0,Mobile Phone,Tier 3,14.0,E wallet,Male,3.0,4,Mobile Phone,4,Single,3,No Complaint,14.0,1.0,2.0,1.0,151.79,Churned,New (0-6 months),0
55433,0,12.0,Mobile Phone,Tier 1,13.0,UPI,Female,3.0,5,Mobile Phone,3,Married,3,No Complaint,12.0,2.0,2.0,5.0,162.02,Active,Mid (6-12 months),0
55434,1,1.0,Phone,Tier 1,15.0,Credit Card,Female,4.0,4,Mobile Phone,5,Married,3,Complained,18.0,1.0,2.0,1.0,148.98,Churned,New (0-6 months),2
55435,0,5.0,Mobile Phone,Tier 3,36.0,E wallet,Female,4.0,5,Laptop & Accessory,1,Married,3,No Complaint,15.0,1.0,6.0,8.0,179.68,Active,New (0-6 months),1
55436,0,25.0,Mobile Phone,Tier 1,10.0,Cash on Delivery,Female,3.0,4,Fashion,3,Married,4,No Complaint,12.0,3.0,2.0,3.0,256.16,Active,Loyal (12+ months),0
55437,0,11.0,Mobile Phone,Tier 3,16.0,E wallet,Male,3.0,5,Laptop & Accessory,4,Married,3,No Complaint,15.0,2.0,2.0,4.0,166.89,Active,Mid (6-12 months),0
55438,0,20.0,Mobile Phone,Tier 1,9.0,Credit Card,Male,3.0,4,Others,1,Married,9,Complained,15.0,3.0,3.0,3.0,318.28,Active,Loyal (12+ months),3
55439,0,10.0,Mobile Phone,Tier 1,17.0,Debit Card,Male,3.0,4,Fashion,5,Married,9,Complained,14.0,3.0,6.0,8.0,208.21,Active,Mid (6-12 months),2
55440,1,8.0,Computer,Tier 1,8.0,Credit Card,Male,4.0,4,Mobile Phone,4,Married,3,Complained,13.0,3.0,3.0,4.0,148.42,Churned,Mid (6-12 months),2
55441,0,11.0,Mobile Phone,Tier 2,15.0,UPI,Male,3.0,4,Laptop & Accessory,4,Married,4,No Complaint,14.0,4.0,5.0,8.0,165.71,Active,Mid (6-12 months),0
55442,1,1.0,Mobile Phone,Tier 3,34.0,Debit Card,Male,3.0,4,Laptop & Accessory,1,Single,3,Complained,19.0,4.0,8.0,8.0,183.13,Churned,New (0-6 months),3
55443,0,7.0,Mobile Phone,Tier 1,15.0,Debit Card,Male,3.0,2,Mobile Phone,5,Married,8,No Complaint,20.0,4.0,8.0,7.0,156.43,Active,Mid (6-12 months),0
55444,0,2.0,Phone,Tier 1,8.0,Debit Card,Male,3.0,4,Mobile Phone,1,Married,3,No Complaint,12.0,1.0,2.0,4.0,145.44,Active,New (0-6 months),1
55445,0,13.0,Mobile Phone,Tier 1,17.0,Credit Card,Male,4.0,4,Fashion,3,Single,9,No Complaint,22.0,3.0,2.0,3.0,259.64,Active,Loyal (12+ months),0
55446,0,20.0,Computer,Tier 3,33.0,Debit Card,Male,4.0,5,Laptop & Accessory,4,Single,10,No Complaint,16.0,2.0,3.0,3.0,204.91,Active,Loyal (12+ months),0
55447,0,14.0,Mobile Phone,Tier 1,9.0,Debit Card,Female,4.0,4,Mobile Phone,5,Married,6,No Complaint,18.0,2.0,2.0,3.0,158.77,Active,Loyal (12+ months),0
55448,0,16.0,Mobile Phone,Tier 1,20.0,Credit Card,Male,4.0,2,Laptop & Accessory,5,Married,7,No Complaint,19.0,2.0,2.0,1.0,180.38,Active,Loyal (12+ months),0
55449,0,9.0,Computer,Tier 1,9.0,Credit Card,Male,3.0,4,Laptop & Accessory,1,Married,4,No Complaint,15.0,2.0,2.0,8.0,182.62,Active,Mid (6-12 months),1
55450,0,12.0,Computer,Tier 2,9.0,UPI,Male,4.0,4,Mobile Phone,4,Married,7,No Complaint,14.0,3.0,4.0,9.0,150.92,Active,Mid (6-12 months),0
55451,1,1.0,Computer,Tier 1,16.0,Debit Card,Male,4.0,4,Laptop & Accessory,5,Married,6,No Complaint,18.0,1.0,2.0,8.0,178.46,Churned,New (0-6 months),0
55452,1,1.0,Mobile Phone,Tier 1,17.0,Credit Card,Male,3.0,4,Laptop & Accessory,5,Single,3,No Complaint,16.0,1.0,2.0,9.0,167.13,Churned,New (0-6 months),0
55453,0,13.0,Computer,Tier 3,27.0,Debit Card,Male,3.0,4,Laptop & Accessory,1,Married,4,No Complaint,19.0,2.0,3.0,3.0,166.27,Active,Loyal (12+ months),1
55454,0,17.0,Computer,Tier 1,16.0,Debit Card,Male,3.0,4,Mobile Phone,3,Single,6,No Complaint,14.0,2.0,2.0,3.0,149.38,Active,Loyal (12+ months),0
55455,0,15.0,Mobile Phone,Tier 1,12.0,Debit Card,Male,3.0,2,Laptop & Accessory,4,Single,5,No Complaint,13.0,1.0,2.0,3.0,193.7,Active,Loyal (12+ months),0
55456,0,15.0,Mobile Phone,Tier 3,11.0,E wallet,Female,3.0,4,Fashion,3,Married,2,Complained,14.0,6.0,14.0,3.0,229.47,Active,Loyal (12+ months),2
55457,0,4.0,Mobile Phone,Tier 1,17.0,Credit Card,Female,4.0,4,Fashion,3,Single,11,No Complaint,15.0,1.0,2.0,3.0,221.67,Active,New (0-6 months),0
55458,1,1.0,Phone,Tier 2,27.0,Credit Card,Female,4.0,4,Mobile Phone,4,Married,2,Complained,12.0,1.0,2.0,5.0,146.48,Churned,New (0-6 months),2
55459,1,10.0,Mobile Phone,Tier 1,28.0,Credit Card,Female,4.0,4,Laptop & Accessory,4,Married,6,No Complaint,23.0,4.0,4.0,3.0,214.26,Churned,Mid (6-12 months),0
55460,0,14.0,Mobile Phone,Tier 1,8.0,Debit Card,Female,3.0,4,Laptop & Accessory,1,Married,6,No Complaint,18.0,1.0,2.0,4.0,190.13,Active,Loyal (12+ months),1
55461,0,8.0,Mobile Phone,Tier 3,15.0,Cash on Delivery,Male,4.0,2,Laptop & Accessory,3,Married,3,No Complaint,22.0,3.0,5.0,9.0,192.99,Active,Mid (6-12 months),0
55462,0,31.0,Computer,Tier 3,9.0,Credit Card,Male,3.0,4,Grocery,4,Married,6,No Complaint,23.0,1.0,15.0,15.0,287.91,Active,Loyal (12+ months),0
55463,0,9.0,Mobile Phone,Tier 1,30.0,Credit Card,Male,4.0,6,Mobile Phone,3,Married,2,No Complaint,17.0,1.0,2.0,4.0,152.05,Active,Mid (6-12 months),0
55464,0,21.0,Mobile Phone,Tier 1,11.0,Debit Card,Female,4.0,5,Fashion,4,Married,10,Complained,13.0,6.0,15.0,3.0,228.33,Active,Loyal (12+ months),2
55465,0,14.0,Mobile Phone,Tier 1,19.0,Debit Card,Female,3.0,4,Laptop & Accessory,5,Married,4,No Complaint,13.0,2.0,8.0,8.0,169.48,Active,Loyal (12+ months),0
55466,0,28.0,Mobile Phone,Tier 1,14.0,Credit Card,Female,4.0,4,Laptop & Accessory,1,Married,6,No Complaint,16.0,2.0,2.0,8.0,193.54,Active,Loyal (12+ months),1
55467,0,5.0,Computer,Tier 3,14.0,E wallet,Female,4.0,4,Fashion,5,Married,4,No Complaint,15.0,3.0,3.0,3.0,221.37,Active,New (0-6 months),0
55468,0,2.0,Mobile Phone,Tier 1,8.0,Credit Card,Female,4.0,4,Mobile Phone,5,Married,3,No Complaint,26.0,2.0,2.0,3.0,160.91,Active,New (0-6 months),0
55469,0,12.0,Mobile Phone,Tier 3,9.0,E wallet,Female,4.0,6,Laptop & Accessory,1,Married,4,Complained,21.0,1.0,2.0,4.0,179.05,Active,Mid (6-12 months),3
55470,0,1.0,Mobile Phone,Tier 3,17.0,Credit Card,Male,3.0,4,Laptop & Accessory,1,Single,3,No Complaint,14.0,2.0,2.0,3.0,171.84,Active,New (0-6 months),1
55471,0,31.0,Computer,Tier 1,22.0,Debit Card,Male,3.0,4,Grocery,3,Married,4,Complained,15.0,1.0,3.0,3.0,282.87,Active,Loyal (12+ months),2
55472,0,1.0,Computer,Tier 1,21.0,Credit Card,Female,3.0,4,Mobile Phone,3,Single,3,No Complaint,17.0,2.0,2.0,1.0,140.14,Active,New (0-6 months),0
55473,1,1.0,Mobile Phone,Tier 2,25.0,UPI,Male,3.0,2,Mobile Phone,5,Married,2,No Complaint,18.0,2.0,2.0,1.0,154.56,Churned,New (0-6 months),0
55474,1,1.0,Phone,Tier 2,20.0,UPI,Male,3.0,5,Mobile Phone,5,Married,6,Complained,16.0,3.0,3.0,1.0,148.35,Churned,New (0-6 months),2
55475,0,19.0,Computer,Tier 3,9.0,Debit Card,Female,4.0,4,Laptop & Accessory,3,Married,6,No Complaint,23.0,4.0,6.0,8.0,176.54,Active,Loyal (12+ months),0
55476,0,10.0,Mobile Phone,Tier 1,9.0,UPI,Female,4.0,4,Laptop & Accessory,4,Married,6,Complained,23.0,2.0,2.0,1.0,194.62,Active,Mid (6-12 months),2
55477,0,17.0,Computer,Tier 3,9.0,Debit Card,Male,4.0,4,Laptop & Accessory,1,Married,3,No Complaint,21.0,8.0,8.0,8.0,181.75,Active,Loyal (12+ months),1
55478,0,1.0,Computer,Tier 1,12.0,Debit Card,Female,3.0,4,Mobile Phone,1,Single,2,Complained,15.0,2.0,2.0,3.0,148.79,Active,New (0-6 months),3
55479,0,3.0,Computer,Tier 1,27.0,Credit Card,Male,3.0,4,Mobile Phone,1,Married,3,No Complaint,14.0,2.0,4.0,11.0,163.12,Active,New (0-6 months),1
55480,0,6.0,Computer,Tier 3,17.0,E wallet,Male,4.0,4,Laptop & Accessory,1,Single,10,No Complaint,14.0,1.0,2.0,1.0,171.48,Active,New (0-6 months),1
55481,0,16.0,Computer,Tier 1,17.0,COD,Male,3.0,4,Mobile Phone,3,Married,5,No Complaint,23.0,4.0,4.0,4.0,154.36,Active,Loyal (12+ months),0
55482,0,21.0,Phone,Tier 1,16.0,Debit Card,Female,4.0,4,Mobile Phone,3,Single,6,No Complaint,13.0,1.0,3.0,1.0,146.05,Active,Loyal (12+ months),0
55483,0,20.0,Mobile Phone,Tier 1,9.0,Debit Card,Male,3.0,4,Fashion,1,Married,5,No Complaint,15.0,1.0,5.0,3.0,210.78,Active,Loyal (12+ months),1
55484,0,2.0,Computer,Tier 2,8.0,Debit Card,Male,3.0,4,Mobile Phone,1,Married,3,No Complaint,16.0,2.0,3.0,3.0,152.06,Active,New (0-6 months),1
55485,0,3.0,Mobile Phone,Tier 1,36.0,Debit Card,Male,4.0,6,Laptop & Accessory,3,Married,10,No Complaint,18.0,1.0,2.0,7.0,188.84,Active,New (0-6 months),0
55486,0,16.0,Mobile Phone,Tier 1,15.0,Debit Card,Male,3.0,4,Mobile Phone,3,Single,6,No Complaint,14.0,2.0,2.0,1.0,164.68,Active,Loyal (12+ months),0
55487,1,1.0,Mobile Phone,Tier 3,9.0,E wallet,Male,3.0,5,Laptop & Accessory,4,Single,9,Complained,13.0,2.0,3.0,3.0,224.07,Churned,New (0-6 months),2
55488,0,20.0,Mobile Phone,Tier 3,10.0,Cash on Delivery,Female,3.0,2,Grocery,5,Married,4,No Complaint,13.0,3.0,2.0,9.0,257.25,Active,Loyal (12+ months),0
55489,0,1.0,Mobile Phone,Tier 3,30.0,Credit Card,Female,3.0,5,Laptop & Accessory,3,Married,3,No Complaint,22.0,4.0,6.0,9.0,160.4,Active,New (0-6 months),0
55490,0,3.0,Mobile Phone,Tier 2,13.0,Credit Card,Male,3.0,5,Mobile Phone,4,Married,3,No Complaint,12.0,2.0,2.0,1.0,153.04,Active,New (0-6 months),0
55491,0,17.0,Mobile Phone,Tier 1,13.0,Credit Card,Female,3.0,5,Others,3,Married,9,No Complaint,15.0,7.0,7.0,15.0,318.92,Active,Loyal (12+ months),0
55492,0,22.0,Mobile Phone,Tier 1,17.0,Debit Card,Male,4.0,5,Others,4,Married,6,No Complaint,15.0,4.0,13.0,10.0,321.65,Active,Loyal (12+ months),0
55493,1,1.0,Computer,Tier 1,31.0,Debit Card,Male,4.0,5,Mobile Phone,1,Single,3,Complained,25.0,2.0,2.0,1.0,149.39,Churned,New (0-6 months),3
55494,1,10.0,Mobile Phone,Tier 3,17.0,Debit Card,Female,4.0,4,Fashion,4,Married,7,No Complaint,22.0,2.0,2.0,8.0,198.14,Churned,Mid (6-12 months),0
55495,0,1.0,Computer,Tier 1,22.0,Debit Card,Female,4.0,5,Mobile Phone,5,Married,2,No Complaint,20.0,1.0,8.0,4.0,172.74,Active,New (0-6 months),0
55496,0,13.0,Mobile Phone,Tier 1,26.0,UPI,Male,3.0,4,Laptop & Accessory,1,Married,10,No Complaint,15.0,1.0,3.0,3.0,164.02,Active,Loyal (12+ months),1
55497,0,29.0,Mobile Phone,Tier 1,9.0,COD,Male,4.0,5,Mobile Phone,1,Married,10,No Complaint,21.0,2.0,2.0,5.0,151.62,Active,Loyal (12+ months),1
55498,0,2.0,Mobile Phone,Tier 3,10.0,Credit Card,Female,4.0,4,Mobile Phone,4,Married,3,No Complaint,20.0,2.0,2.0,1.0,153.56,Active,New (0-6 months),0
55499,1,1.0,Phone,Tier 3,16.0,Credit Card,Male,3.0,4,Mobile Phone,1,Single,3,No Complaint,14.0,1.0,2.0,1.0,135.81,Churned,New (0-6 months),1
55500,1,1.0,Mobile Phone,Tier 1,14.0,Debit Card,Male,4.0,4,Mobile Phone,4,Single,3,Complained,24.0,2.0,2.0,1.0,149.72,Churned,New (0-6 months),2
55501,0,10.0,Mobile Phone,Tier 3,17.0,COD,Female,4.0,5,Laptop & Accessory,3,Married,3,Complained,14.0,1.0,2.0,8.0,181.73,Active,Mid (6-12 months),2
55502,0,5.0,Mobile Phone,Tier 1,27.0,Debit Card,Male,3.0,4,Laptop & Accessory,3,Married,3,No Complaint,12.0,1.0,2.0,3.0,166.97,Active,New (0-6 months),0
55503,0,8.0,Mobile Phone,Tier 3,11.0,Debit Card,Male,4.0,4,Fashion,1,Married,4,Complained,14.0,1.0,2.0,3.0,222.13,Active,Mid (6-12 months),3
55504,0,3.0,Phone,Tier 1,14.0,Debit Card,Male,3.0,4,Mobile Phone,5,Single,5,No Complaint,15.0,1.0,2.0,3.0,145.62,Active,New (0-6 months),0
55505,0,11.0,Mobile Phone,Tier 1,14.0,Credit Card,Male,4.0,4,Laptop & Accessory,5,Married,7,Complained,23.0,1.0,2.0,5.0,167.84,Active,Mid (6-12 months),2
55506,0,9.0,Mobile Phone,Tier 1,23.0,UPI,Female,3.0,5,Laptop & Accessory,4,Married,2,Complained,12.0,1.0,2.0,3.0,172.88,Active,Mid (6-12 months),2
55507,0,19.0,Mobile Phone,Tier 1,32.0,Debit Card,Female,4.0,5,Laptop & Accessory,1,Married,2,No Complaint,14.0,1.0,4.0,9.0,184.06,Active,Loyal (12+ months),1
55508,0,10.0,Computer,Tier 2,9.0,UPI,Male,4.0,5,Laptop & Accessory,1,Single,3,No Complaint,22.0,2.0,2.0,9.0,163.86,Active,Mid (6-12 months),1
55509,0,14.0,Mobile Phone,Tier 1,8.0,Debit Card,Male,4.0,4,Grocery,5,Married,4,No Complaint,15.0,3.0,12.0,17.0,293.23,Active,Loyal (12+ months),0
55510,0,1.0,Mobile Phone,Tier 1,8.0,Debit Card,Female,3.0,5,Mobile Phone,3,Married,3,Complained,14.0,1.0,2.0,1.0,154.33,Active,New (0-6 months),2
55511,0,1.0,Mobile Phone,Tier 3,9.0,Credit Card,Female,3.0,2,Laptop & Accessory,3,Single,2,No Complaint,15.0,1.0,2.0,8.0,190.0,Active,New (0-6 months),0
55512,0,22.0,Computer,Tier 1,29.0,Credit Card,Female,3.0,4,Grocery,1,Married,5,No Complaint,15.0,2.0,5.0,8.0,296.74,Active,Loyal (12+ months),1
55513,0,18.0,Mobile Phone,Tier 1,8.0,Debit Card,Male,4.0,2,Laptop & Accessory,5,Married,4,No Complaint,16.0,2.0,3.0,3.0,175.33,Active,Loyal (12+ months),0
55514,1,1.0,Computer,Tier 1,23.0,COD,Male,3.0,6,Mobile Phone,5,Married,3,Complained,24.0,1.0,4.0,1.0,148.07,Churned,New (0-6 months),2
55515,1,20.0,Mobile Phone,Tier 1,31.0,Debit Card,Male,4.0,4,Mobile Phone,1,Single,3,No Complaint,17.0,1.0,2.0,1.0,150.87,Churned,Loyal (12+ months),1
55516,0,10.0,Mobile Phone,Tier 3,24.0,E wallet,Male,3.0,5,Laptop & Accessory,4,Married,4,No Complaint,17.0,2.0,2.0,4.0,180.07,Active,Mid (6-12 months),0
55517,0,15.0,Mobile Phone,Tier 3,15.0,E wallet,Female,3.0,4,Laptop & Accessory,4,Married,7,No Complaint,22.0,1.0,2.0,5.0,168.93,Active,Loyal (12+ months),0
55518,0,16.0,Mobile Phone,Tier 1,13.0,Credit Card,Male,3.0,4,Fashion,5,Married,11,No Complaint,14.0,6.0,2.0,8.0,258.48,Active,Loyal (12+ months),0
55519,0,5.0,Mobile Phone,Tier 3,17.0,Credit Card,Female,3.0,4,Laptop & Accessory,1,Married,4,Complained,12.0,2.0,2.0,5.0,190.83,Active,New (0-6 months),3
55520,0,8.0,Mobile Phone,Tier 3,10.0,Credit Card,Female,4.0,5,Laptop & Accessory,1,Married,5,Complained,13.0,1.0,2.0,2.0,206.03,Active,Mid (6-12 months),3
55521,0,5.0,Mobile Phone,Tier 1,11.0,Credit Card,Female,4.0,2,Mobile Phone,3,Married,10,No Complaint,13.0,2.0,3.0,3.0,164.78,Active,New (0-6 months),0
55522,0,1.0,Computer,Tier 1,13.0,UPI,Male,4.0,2,Mobile Phone,1,Married,2,No Complaint,19.0,3.0,8.0,8.0,150.44,Active,New (0-6 months),1
55523,0,19.0,Computer,Tier 1,8.0,Credit Card,Male,3.0,4,Laptop & Accessory,3,Single,6,No Complaint,13.0,1.0,2.0,4.0,178.99,Active,Loyal (12+ months),0
55524,0,7.0,Mobile Phone,Tier 3,17.0,E wallet,Male,3.0,4,Laptop & Accessory,3,Single,3,No Complaint,15.0,1.0,2.0,10.0,179.87,Active,Mid (6-12 months),0
55525,0,2.0,Computer,Tier 3,8.0,Debit Card,Male,3.0,5,Laptop & Accessory,1,Married,3,Complained,13.0,2.0,2.0,8.0,193.34,Active,New (0-6 months),3
55526,1,1.0,Computer,Tier 3,31.0,COD,Male,3.0,2,Mobile Phone,5,Single,3,No Complaint,18.0,1.0,2.0,1.0,135.91,Churned,New (0-6 months),0
55527,0,13.0,Computer,Tier 3,28.0,Debit Card,Female,3.0,6,Laptop & Accessory,3,Married,8,No Complaint,20.0,1.0,2.0,3.0,182.36,Active,Loyal (12+ months),0
55528,0,1.0,Phone,Tier 1,9.0,COD,Male,3.0,4,Mobile Phone,4,Married,3,No Complaint,12.0,1.0,2.0,3.0,147.26,Active,New (0-6 months),0
55529,0,8.0,Computer,Tier 1,29.0,UPI,Male,3.0,5,Laptop & Accessory,1,Married,3,Complained,16.0,4.0,7.0,12.0,182.47,Active,Mid (6-12 months),3
55530,1,1.0,Mobile Phone,Tier 3,20.0,E wallet,Female,3.0,4,Laptop & Accessory,3,Single,5,Complained,12.0,1.0,3.0,3.0,223.54,Churned,New (0-6 months),2
55531,0,21.0,Computer,Tier 1,21.0,COD,Male,4.0,4,Laptop & Accessory,4,Married,10,No Complaint,19.0,1.0,2.0,8.0,179.67,Active,Loyal (12+ months),0
55532,0,30.0,Mobile Phone,Tier 3,18.0,E wallet,Female,3.0,5,Laptop & Accessory,5,Married,6,No Complaint,17.0,1.0,2.0,1.0,178.8,Active,Loyal (12+ months),0
55533,0,13.0,Mobile Phone,Tier 1,16.0,Credit Card,Male,3.0,4,Laptop & Accessory,5,Married,3,No Complaint,26.0,1.0,8.0,10.0,176.51,Active,Loyal (12+ months),0
55534,0,12.0,Computer,Tier 1,15.0,Credit Card,Female,3.0,5,Laptop & Accessory,4,Married,3,Complained,17.0,2.0,2.0,8.0,146.33,Active,Mid (6-12 months),2
55535,0,61.0,Mobile Phone,Tier 3,28.0,Debit Card,Female,4.0,4,Grocery,1,Married,6,Complained,15.0,1.0,2.0,1.0,303.75,Active,Loyal (12+ months),3
55536,1,1.0,Computer,Tier 1,12.0,Debit Card,Female,3.0,2,Mobile Phone,3,Single,5,Complained,15.0,1.0,2.0,4.0,149.32,Churned,New (0-6 months),2
55537,0,12.0,Mobile Phone,Tier 1,16.0,Debit Card,Male,4.0,4,Mobile Phone,1,Married,4,No Complaint,20.0,1.0,2.0,4.0,172.71,Active,Mid (6-12 months),1
55538,0,23.0,Computer,Tier 1,9.0,Debit Card,Male,3.0,4,Others,1,Married,5,No Complaint,15.0,5.0,5.0,4.0,316.61,Active,Loyal (12+ months),1
55539,0,16.0,Mobile Phone,Tier 3,19.0,E wallet,Male,4.0,4,Laptop & Accessory,1,Married,5,Complained,13.0,2.0,2.0,1.0,175.87,Active,Loyal (12+ months),3
55540,1,1.0,Computer,Tier 2,29.0,UPI,Female,3.0,5,Mobile Phone,4,Married,3,No Complaint,13.0,2.0,2.0,1.0,153.63,Churned,New (0-6 months),0
55541,0,9.0,Mobile Phone,Tier 3,25.0,Credit Card,Male,4.0,4,Laptop & Accessory,5,Married,2,No Complaint,17.0,2.0,2.0,5.0,180.61,Active,Mid (6-12 months),0
55542,0,2.0,Computer,Tier 1,23.0,Credit Card,Male,3.0,4,Mobile Phone,3,Single,3,No Complaint,15.0,1.0,2.0,5.0,146.44,Active,New (0-6 months),0
55543,0,5.0,Computer,Tier 1,10.0,Credit Card,Male,3.0,4,Mobile Phone,5,Married,3,Complained,14.0,3.0,3.0,4.0,155.65,Active,New (0-6 months),2
55544,0,10.0,Computer,Tier 1,16.0,Debit Card,Male,4.0,2,Mobile Phone,4,Married,3,No Complaint,23.0,2.0,2.0,3.0,153.1,Active,Mid (6-12 months),0
55545,0,8.0,Mobile Phone,Tier 3,8.0,E wallet,Male,3.0,4,Fashion,1,Single,3,No Complaint,22.0,3.0,3.0,3.0,223.88,Active,Mid (6-12 months),1
55546,0,8.0,Mobile Phone,Tier 3,20.0,Credit Card,Male,3.0,4,Fashion,3,Married,3,No Complaint,19.0,1.0,2.0,3.0,211.28,Active,Mid (6-12 months),0
55547,0,1.0,Mobile Phone,Tier 1,8.0,Credit Card,Male,4.0,4,Mobile Phone,5,Single,2,No Complaint,14.0,8.0,8.0,7.0,153.67,Active,New (0-6 months),0
55548,0,3.0,Mobile Phone,Tier 1,8.0,Debit Card,Male,3.0,4,Laptop & Accessory,5,Married,2,No Complaint,13.0,1.0,2.0,3.0,178.73,Active,New (0-6 months),0
55549,0,6.0,Computer,Tier 1,22.0,Credit Card,Female,3.0,4,Laptop & Accessory,1,Married,7,No Complaint,19.0,1.0,2.0,3.0,191.67,Active,New (0-6 months),1
55550,0,5.0,Computer,Tier 1,8.0,Debit Card,Male,3.0,6,Laptop & Accessory,5,Married,3,No Complaint,22.0,7.0,9.0,8.0,175.03,Active,New (0-6 months),0
55551,1,1.0,Phone,Tier 1,24.0,COD,Male,3.0,5,Mobile Phone,1,Married,7,No Complaint,13.0,2.0,2.0,4.0,148.67,Churned,New (0-6 months),1
55552,0,12.0,Mobile Phone,Tier 3,8.0,Debit Card,Male,3.0,5,Mobile Phone,5,Single,6,No Complaint,15.0,2.0,2.0,1.0,153.58,Active,Mid (6-12 months),0
55553,0,9.0,Mobile Phone,Tier 3,14.0,Debit Card,Female,3.0,4,Laptop & Accessory,1,Married,3,Complained,12.0,2.0,2.0,10.0,177.04,Active,Mid (6-12 months),3
55554,0,1.0,Mobile Phone,Tier 3,16.0,E wallet,Male,3.0,4,Laptop & Accessory,1,Single,3,No Complaint,15.0,2.0,2.0,8.0,166.05,Active,New (0-6 months),1
55555,0,6.0,Mobile Phone,Tier 1,12.0,Debit Card,Male,3.0,5,Laptop & Accessory,1,Single,10,No Complaint,25.0,2.0,2.0,3.0,221.79,Active,New (0-6 months),1
55556,1,1.0,Computer,Tier 3,33.0,E wallet,Male,4.0,4,Laptop & Accessory,1,Married,3,Complained,12.0,1.0,2.0,9.0,181.17,Churned,New (0-6 months),3
55557,1,17.0,Mobile Phone,Tier 3,31.0,Debit Card,Male,4.0,4,Fashion,5,Single,8,Complained,14.0,1.0,3.0,3.0,229.48,Churned,Loyal (12+ months),2
55558,0,28.0,Mobile Phone,Tier 1,16.0,Debit Card,Female,4.0,4,Laptop & Accessory,3,Married,5,No Complaint,12.0,2.0,3.0,4.0,153.97,Active,Loyal (12+ months),0
55559,0,7.0,Computer,Tier 1,14.0,Debit Card,Male,3.0,4,Laptop & Accessory,3,Married,3,No Complaint,21.0,1.0,3.0,9.0,184.68,Active,Mid (6-12 months),0
55560,0,17.0,Mobile Phone,Tier 1,18.0,Debit Card,Male,2.0,4,Fashion,3,Married,3,No Complaint,18.0,2.0,2.0,10.0,200.1,Active,Loyal (12+ months),0
55561,0,12.0,Computer,Tier 2,8.0,UPI,Male,3.0,4,Mobile Phone,4,Married,2,Complained,12.0,1.0,2.0,3.0,154.91,Active,Mid (6-12 months),2
55562,0,29.0,Mobile Phone,Tier 2,33.0,UPI,Male,4.0,2,Others,4,Married,6,Complained,15.0,2.0,2.0,5.0,321.36,Active,Loyal (12+ months),2
55563,0,5.0,Phone,Tier 1,9.0,Credit Card,Female,3.0,6,Mobile Phone,1,Married,3,Complained,12.0,1.0,2.0,1.0,136.29,Active,New (0-6 months),3
55564,0,13.0,Mobile Phone,Tier 3,22.0,E wallet,Male,4.0,4,Grocery,5,Single,2,No Complaint,13.0,5.0,2.0,11.0,258.41,Active,Loyal (12+ months),0
55565,0,16.0,Computer,Tier 1,30.0,Debit Card,Male,3.0,5,Laptop & Accessory,3,Single,3,No Complaint,13.0,4.0,4.0,8.0,168.32,Active,Loyal (12+ months),0
55566,0,5.0,Computer,Tier 1,17.0,Credit Card,Female,3.0,4,Fashion,3,Married,6,No Complaint,21.0,4.0,2.0,9.0,235.31,Active,New (0-6 months),0
55567,0,28.0,Mobile Phone,Tier 1,17.0,Credit Card,Female,4.0,4,Laptop & Accessory,5,Single,8,Complained,20.0,1.0,2.0,5.0,169.4,Active,Loyal (12+ months),2
55568,0,1.0,Mobile Phone,Tier 1,8.0,Debit Card,Male,3.0,5,Laptop & Accessory,3,Single,3,No Complaint,13.0,2.0,2.0,3.0,171.17,Active,New (0-6 months),0
55569,0,1.0,Mobile Phone,Tier 1,19.0,UPI,Male,4.0,4,Mobile Phone,1,Single,3,No Complaint,14.0,2.0,2.0,5.0,151.47,Active,New (0-6 months),1
55570,0,14.0,Computer,Tier 1,18.0,COD,Female,4.0,4,Laptop & Accessory,3,Married,3,No Complaint,12.0,8.0,10.0,5.0,188.23,Active,Loyal (12+ months),0
55571,0,14.0,Mobile Phone,Tier 3,9.0,E wallet,Female,4.0,4,Laptop & Accessory,4,Married,5,No Complaint,15.0,2.0,6.0,11.0,181.77,Active,Loyal (12+ months),0
55572,0,1.0,Phone,Tier 2,9.0,UPI,Female,3.0,4,Mobile Phone,4,Married,6,No Complaint,15.0,1.0,2.0,3.0,146.87,Active,New (0-6 months),0
55573,0,4.0,Mobile Phone,Tier 1,8.0,Credit Card,Male,4.0,4,Mobile Phone,4,Married,3,No Complaint,14.0,2.0,2.0,8.0,162.48,Active,New (0-6 months),0
55574,0,1.0,Mobile Phone,Tier 1,9.0,UPI,Male,3.0,4,Mobile Phone,3,Married,8,Complained,20.0,1.0,2.0,3.0,164.77,Active,New (0-6 months),2
55575,0,21.0,Mobile Phone,Tier 1,32.0,Credit Card,Male,3.0,4,Fashion,3,Single,4,No Complaint,24.0,10.0,13.0,3.0,211.33,Active,Loyal (12+ months),0
55576,0,7.0,Computer,Tier 1,8.0,Credit Card,Male,3.0,5,Mobile Phone,3,Married,3,No Complaint,13.0,1.0,2.0,1.0,145.08,Active,Mid (6-12 months),0
55577,0,12.0,Mobile Phone,Tier 3,8.0,Debit Card,Male,3.0,4,Laptop & Accessory,4,Married,2,No Complaint,16.0,2.0,6.0,9.0,169.4,Active,Mid (6-12 months),0
55578,0,5.0,Mobile Phone,Tier 3,9.0,Debit Card,Male,3.0,4,Mobile Phone,3,Married,2,No Complaint,20.0,1.0,2.0,3.0,155.67,Active,New (0-6 months),0
55579,0,12.0,Computer,Tier 1,13.0,Debit Card,Male,4.0,5,Laptop & Accessory,3,Married,4,No Complaint,12.0,3.0,8.0,8.0,178.21,Active,Mid (6-12 months),0
55580,0,16.0,Mobile Phone,Tier 1,25.0,Debit Card,Male,3.0,4,Laptop & Accessory,5,Married,8,Complained,18.0,2.0,2.0,3.0,179.1,Active,Loyal (12+ months),2
55581,0,15.0,Mobile Phone,Tier 1,8.0,Debit Card,Male,4.0,4,Mobile Phone,1,Married,5,No Complaint,23.0,1.0,2.0,1.0,152.82,Active,Loyal (12+ months),1
55582,0,21.0,Computer,Tier 1,8.0,Credit Card,Female,4.0,4,Fashion,4,Married,2,No Complaint,19.0,1.0,2.0,13.0,244.57,Active,Loyal (12+ months),0
55583,0,9.0,Mobile Phone,Tier 1,18.0,Credit Card,Male,3.0,4,Mobile Phone,3,Married,9,Complained,12.0,3.0,3.0,3.0,151.6,Active,Mid (6-12 months),2
55584,0,1.0,Mobile Phone,Tier 1,8.0,Debit Card,Male,4.0,4,Mobile Phone,3,Single,2,No Complaint,13.0,2.0,2.0,3.0,158.75,Active,New (0-6 months),0
55585,0,9.0,Mobile Phone,Tier 1,16.0,Credit Card,Male,3.0,4,Laptop & Accessory,3,Single,3,No Complaint,20.0,1.0,2.0,9.0,175.98,Active,Mid (6-12 months),0
55586,0,7.0,Mobile Phone,Tier 1,22.0,Credit Card,Female,4.0,4,Laptop & Accessory,1,Married,2,Complained,14.0,7.0,9.0,2.0,173.78,Active,Mid (6-12 months),3
55587,0,6.0,Mobile Phone,Tier 1,36.0,Debit Card,Female,3.0,5,Mobile Phone,4,Single,3,No Complaint,14.0,1.0,5.0,2.0,153.37,Active,New (0-6 months),0
55588,0,14.0,Phone,Tier 1,8.0,Debit Card,Male,3.0,4,Mobile Phone,1,Married,10,No Complaint,20.0,2.0,2.0,1.0,149.06,Active,Loyal (12+ months),1
55589,0,6.0,Phone,Tier 3,8.0,Credit Card,Male,4.0,5,Mobile Phone,4,Married,2,No Complaint,15.0,3.0,3.0,3.0,147.69,Active,New (0-6 months),0
55590,0,13.0,Mobile Phone,Tier 1,31.0,Debit Card,Male,3.0,4,Laptop & Accessory,1,Single,9,No Complaint,14.0,1.0,2.0,8.0,166.08,Active,Loyal (12+ months),1
55591,0,12.0,Mobile Phone,Tier 1,17.0,Credit Card,Female,4.0,6,Fashion,3,Married,5,No Complaint,13.0,1.0,2.0,12.0,257.06,Active,Mid (6-12 months),0
55592,0,6.0,Mobile Phone,Tier 3,8.0,E wallet,Female,3.0,4,Fashion,1,Married,3,No Complaint,20.0,1.0,6.0,3.0,229.22,Active,New (0-6 months),1
55593,0,11.0,Mobile Phone,Tier 1,17.0,Debit Card,Female,3.0,2,Fashion,1,Married,3,Complained,26.0,1.0,7.0,9.0,262.44,Active,Mid (6-12 months),3
55594,0,1.0,Mobile Phone,Tier 3,15.0,UPI,Female,3.0,4,Laptop & Accessory,3,Married,2,Complained,23.0,1.0,2.0,5.0,174.07,Active,New (0-6 months),2
55595,0,26.0,Computer,Tier 3,36.0,Debit Card,Male,3.0,4,Mobile Phone,1,Married,4,No Complaint,16.0,2.0,2.0,1.0,159.82,Active,Loyal (12+ months),1
55596,0,18.0,Phone,Tier 1,8.0,Credit Card,Male,3.0,4,Mobile Phone,1,Single,8,Complained,13.0,2.0,2.0,3.0,149.36,Active,Loyal (12+ months),3
55597,0,1.0,Phone,Tier 3,12.0,Credit Card,Male,3.0,4,Mobile Phone,5,Single,3,Complained,12.0,2.0,2.0,3.0,148.8,Active,New (0-6 months),2
55598,0,13.0,Computer,Tier 1,16.0,Debit Card,Male,3.0,4,Others,1,Single,4,No Complaint,15.0,2.0,2.0,4.0,319.31,Active,Loyal (12+ months),1
55599,1,1.0,Computer,Tier 3,16.0,E wallet,Male,3.0,4,Mobile Phone,5,Married,3,No Complaint,20.0,2.0,2.0,1.0,142.9,Churned,New (0-6 months),0
55600,0,10.0,Mobile Phone,Tier 3,10.0,Credit Card,Female,4.0,5,Fashion,1,Married,2,No Complaint,20.0,1.0,4.0,5.0,201.44,Active,Mid (6-12 months),1
55601,0,10.0,Computer,Tier 1,11.0,Debit Card,Female,4.0,4,Laptop & Accessory,4,Married,9,No Complaint,14.0,1.0,2.0,3.0,176.31,Active,Mid (6-12 months),0
55602,0,30.0,Computer,Tier 1,8.0,Debit Card,Male,3.0,4,Laptop & Accessory,3,Married,3,No Complaint,22.0,1.0,2.0,10.0,188.06,Active,Loyal (12+ months),0
55603,1,1.0,Mobile Phone,Tier 1,8.0,Credit Card,Male,3.0,4,Mobile Phone,1,Married,11,Complained,15.0,3.0,3.0,3.0,172.87,Churned,New (0-6 months),3
55604,0,16.0,Mobile Phone,Tier 1,9.0,Debit Card,Male,3.0,4,Others,3,Married,7,No Complaint,15.0,1.0,5.0,15.0,313.8,Active,Loyal (12+ months),0
55605,1,20.0,Phone,Tier 1,14.0,COD,Male,4.0,4,Mobile Phone,3,Married,10,No Complaint,12.0,7.0,10.0,9.0,148.39,Churned,Loyal (12+ months),0
55606,0,15.0,Mobile Phone,Tier 1,35.0,Debit Card,Female,3.0,5,Grocery,4,Married,2,No Complaint,24.0,2.0,2.0,11.0,260.7,Active,Loyal (12+ months),0
55607,0,8.0,Mobile Phone,Tier 3,35.0,E wallet,Female,4.0,5,Laptop & Accessory,3,Married,3,No Complaint,22.0,2.0,2.0,8.0,192.12,Active,Mid (6-12 months),0
55608,0,10.0,Computer,Tier 3,22.0,E wallet,Male,3.0,6,Laptop & Accessory,1,Married,3,No Complaint,25.0,6.0,12.0,12.0,179.06,Active,Mid (6-12 months),1
55609,0,15.0,Mobile Phone,Tier 3,10.0,Debit Card,Male,3.0,5,Laptop & Accessory,4,Married,4,No Complaint,12.0,2.0,2.0,3.0,214.38,Active,Loyal (12+ months),0
55610,0,6.0,Phone,Tier 1,9.0,COD,Male,4.0,4,Mobile Phone,5,Single,3,No Complaint,15.0,1.0,2.0,3.0,149.39,Active,New (0-6 months),0
55611,0,9.0,Mobile Phone,Tier 2,33.0,Debit Card,Female,3.0,4,Fashion,1,Single,3,Complained,17.0,2.0,2.0,3.0,213.37,Active,Mid (6-12 months),3
55612,0,12.0,Mobile Phone,Tier 3,17.0,Debit Card,Female,4.0,4,Laptop & Accessory,1,Married,3,No Complaint,12.0,1.0,2.0,10.0,178.43,Active,Mid (6-12 months),1
55613,1,14.0,Computer,Tier 3,8.0,Debit Card,Male,4.0,4,Laptop & Accessory,3,Married,9,No Complaint,13.0,2.0,2.0,2.0,192.28,Churned,Loyal (12+ months),0
55614,0,10.0,Mobile Phone,Tier 3,18.0,E wallet,Female,4.0,5,Laptop & Accessory,1,Married,6,No Complaint,14.0,2.0,2.0,1.0,191.52,Active,Mid (6-12 months),1
55615,0,19.0,Mobile Phone,Tier 3,27.0,Debit Card,Female,3.0,4,Laptop & Accessory,3,Single,10,No Complaint,16.0,1.0,2.0,2.0,173.5,Active,Loyal (12+ months),0
55616,0,14.0,Mobile Phone,Tier 1,9.0,Debit Card,Male,1.0,5,Mobile Phone,3,Single,4,No Complaint,15.0,1.0,3.0,3.0,153.09,Active,Loyal (12+ months),0
55617,0,9.0,Computer,Tier 1,25.0,Debit Card,Male,4.0,4,Laptop & Accessory,3,Married,3,Complained,15.0,1.0,2.0,3.0,181.89,Active,Mid (6-12 months),2
55618,0,14.0,Phone,Tier 1,9.0,Credit Card,Female,4.0,4,Mobile Phone,3,Married,4,No Complaint,15.0,1.0,2.0,3.0,145.01,Active,Loyal (12+ months),0
55619,0,9.0,Mobile Phone,Tier 1,8.0,Debit Card,Female,4.0,6,Mobile Phone,1,Married,3,No Complaint,13.0,2.0,2.0,2.0,154.77,Active,Mid (6-12 months),1
55620,0,3.0,Mobile Phone,Tier 1,20.0,UPI,Male,3.0,5,Laptop & Accessory,4,Married,6,Complained,14.0,1.0,2.0,4.0,165.25,Active,New (0-6 months),2
55621,0,3.0,Mobile Phone,Tier 1,35.0,Credit Card,Female,4.0,5,Mobile Phone,5,Single,3,No Complaint,15.0,1.0,2.0,5.0,162.85,Active,New (0-6 months),0
55622,1,14.0,Mobile Phone,Tier 3,35.0,E wallet,Male,3.0,5,Fashion,5,Married,6,Complained,14.0,3.0,2.0,1.0,233.54,Churned,Loyal (12+ months),2
55623,0,13.0,Mobile Phone,Tier 3,31.0,E wallet,Female,3.0,5,Grocery,1,Married,2,No Complaint,12.0,4.0,2.0,7.0,245.31,Active,Loyal (12+ months),1
55624,0,5.0,Computer,Tier 1,12.0,Credit Card,Male,4.0,4,Laptop & Accessory,5,Single,2,No Complaint,20.0,2.0,2.0,3.0,224.36,Active,New (0-6 months),0
55625,0,1.0,Mobile Phone,Tier 3,12.0,UPI,Female,2.0,5,Mobile Phone,3,Single,2,No Complaint,19.0,2.0,2.0,1.0,154.66,Active,New (0-6 months),0
55626,0,10.0,Computer,Tier 1,30.0,Credit Card,Male,3.0,2,Laptop & Accessory,1,Married,6,No Complaint,18.0,1.0,2.0,4.0,150.71,Active,Mid (6-12 months),1
55627,0,13.0,Mobile Phone,Tier 1,13.0,Credit Card,Male,3.0,5,Fashion,5,Married,6,No Complaint,16.0,1.0,2.0,3.0,224.91,Active,Loyal (12+ months),0
55628,0,1.0,Mobile Phone,Tier 1,11.0,Debit Card,Male,3.0,2,Laptop & Accessory,4,Married,3,Complained,21.0,1.0,2.0,4.0,186.42,Active,New (0-6 months),2
55629,0,23.0,Computer,Tier 3,9.0,Credit Card,Male,4.0,5,Laptop & Accessory,4,Married,4,No Complaint,15.0,2.0,2.0,9.0,178.9,Active,Loyal (12+ months),0
55630,0,8.0,Mobile Phone,Tier 1,15.0,Credit Card,Male,3.0,2,Laptop & Accessory,3,Married,4,No Complaint,13.0,2.0,2.0,3.0,169.04,Active,Mid (6-12 months),0
